product_id;product_name;category;sub_category;brand;price;discount;final_price;stock;rating;reviews_count;supplier;country;city;warehouse_id;delivery_time_days;return_rate;is_active;launch_year;weight_kg;volume_l;color;material;warranty_years;sales_last_month;sales_last_3_months;sales_last_year;profit_margin;cost_price;revenue_last_month;revenue_last_year;views;cart_additions;wishlist_additions;conversion_rate;avg_session_time;bounce_rate;seo_score;ad_spend;ad_clicks;ad_conversions;seasonality_index;restock_frequency_days;damaged_returns;customer_complaints;net_promoter_score;supplier_rating;shipping_cost;tax_rate;value_score;business_priority_score;product_name_upper;name_length;profit_abs;engagement_score;efficiency_score;segment;rank_score;forecast_sales;integrated_efficiency;integrated_rank_score
1361;Product_1361;Sports;Clothing;BrandC;990.23;0.32;673.36;154;4.94;4730;Supplier_3;India;Mumbai;8;11;0.12;1;2022;0.96;45.82;White;Metal;3;986;2047;4274;0.15;504.57;43095.04;517140.48;88754;18868;25708;0.111;224.92;0.69;91;7443.69;4633;3307;1.06;5;5;126;37;4.06;32.4;0.25;0.6090752667330248;0.4292317993271225;PRODUCT_1361;12;168.79000000000002;133330;5.6760440046336536;Popular;0.5588013956065907;532.5;4.776385536110505;0.9545645482155811
4969;Product_4969;Toys;Electronics;BrandA;914.79;0.02;896.49;124;4.91;2099;Supplier_36;Germany;New York;15;12;0.01;1;2012;18.73;48.75;Green;Metal;3;943;2263;5276;0.16;602.92;71719.2;860630.4;93054;34523;23545;0.027;259.93;0.84;94;9831.44;9341;4908;1.28;43;46;174;56;4.16;22.25;0.12;0.6394210171549799;0.4696215209610753;PRODUCT_4969;12;293.57000000000005;151122;5.52675851225925;Popular;0.5538385970347687;563.1;4.778250393382352;0.9263535054721318
1684;Product_1684;Clothing;Home;BrandD;929.84;0.06;874.05;353;4.94;895;Supplier_46;Germany;New York;10;11;0.13;1;2019;6.94;85.96;White;Fabric;4;969;1705;2848;0.32;729.11;152084.7;1825016.4;81656;22499;2846;0.152;65.7;0.89;93;6568.87;413;425;0.95;49;40;47;-76;4.33;35.19;0.07;0.6868098439010237;0.5762462027686833;PRODUCT_1684;12;144.93999999999994;107001;12.524117333556251;Premium;0.7417537766979031;485.0;4.7820252180571865;0.9241299253624182
6386;Product_6386;Beauty;Home;BrandD;846.42;0.38;524.78;605;4.83;4926;Supplier_25;India;New York;5;3;0.04;0;2014;2.46;81.07;Blue;Fabric;5;978;2477;379;0.3;548.05;11020.38;132244.56;97401;10501;26311;0.192;214.53;0.3;85;3132.82;9919;633;1.27;9;88;193;14;4.08;39.66;0.13;0.5905169065017702;0.3828622695832249;PRODUCT_6386;12;-23.269999999999985;134213;11.894472545231835;Premium;0.6459387977440894;652.3;4.708175063969012;0.9116047675587096
3911;Product_3911;Electronics;Home;BrandD;784.87;0.22;612.2;190;4.85;3542;Supplier_27;India;Shanghai;7;12;0.14;0;2023;31.66;83.96;Red;Metal;2;986;2642;8736;0.16;684.97;111420.4;1337044.8;94056;3605;29856;0.149;93.8;0.38;53;2696.61;4644;3695;1.43;46;31;135;66;4.21;42.67;0.18;0.670113254019717;0.5214866904602149;PRODUCT_3911;12;-72.76999999999998;127517;6.147453279239839;Popular;0.5725359254521757;693.7;4.705533661771522;0.903354171084334
4095;Product_4095;Beauty;Clothing;BrandE;557.48;0.49;284.31;450;4.92;2541;Supplier_44;China;Shanghai;18;7;0.07;0;2022;30.39;27.56;Black;Fabric;0;982;330;6600;0.41;501.23;45773.91;549286.92;98461;22629;24181;0.176;117.66;0.15;76;9029.11;8826;1801;1.28;58;82;142;31;4.39;22.21;0.08;0.6291518043618599;0.4374950511068717;PRODUCT_4095;12;-216.92;145271;16.346090379381174;Popular;0.7762451281111662;281.7;4.77020905568219;0.8937066135694907
542;Product_542;Toys;Beauty;BrandB;813.67;0.44;455.66;446;4.8;3908;Supplier_32;USA;London;20;14;0.13;1;2025;44.15;64.71;Blue;Plastic;5;988;299;6110;0.43;524.2;70171.64;842059.68;87781;630;9073;0.028;198.98;0.88;64;1176.9;7688;3505;1.48;46;30;159;-92;3.3;16.7;0.12;0.6187680691703783;0.4572692870778866;PRODUCT_542;11;-68.54000000000002;97484;14.633350859282418;Premium;0.7348207198681012;144.8;4.6801131229955155;0.8811176366783371
17;Product_17;Home;Beauty;BrandD;794.84;0.16;667.67;392;4.94;2687;Supplier_32;USA;Mumbai;17;5;0.27;0;2019;46.83;14.65;Blue;Fabric;5;888;1580;8534;0.07;445.58;152228.76;1826745.12;84765;26317;26375;0.011;228.9;0.58;97;2615.18;3016;2896;1.31;48;41;89;-21;3.76;6.77;0.08;0.6931502912566773;0.5783118328703454;PRODUCT_17;10;222.09;137457;2.3738437959051564;Popular;0.5135905564924825;441.6;4.754132918861965;0.8792570455168194
5472;Product_5472;Home;Home;BrandB;956.39;0.09;870.31;581;4.75;3366;Supplier_3;Germany;New York;7;12;0.02;0;2016;37.09;11.58;Red;Fabric;5;954;1978;2294;0.39;777.82;186246.34;2234956.08;87962;31616;12245;0.107;117.02;0.22;84;1167.24;8576;2934;1.26;10;5;129;40;1.08;11.41;0.14;0.7130390569695501;0.6152855338508944;PRODUCT_5472;12;92.4899999999999;131823;14.071431525872292;Premium;0.7436620273993887;512.4;4.716570123150297;0.8784776169004321
4884;Product_4884;Sports;Toys;BrandC;375.78;0.5;187.89;46;4.95;2536;Supplier_48;India;Berlin;13;7;0.28;0;2013;37.42;83.15;Green;Metal;2;974;138;4964;0.29;281.15;66700.95;800411.4;99092;24398;12510;0.171;36.32;0.48;75;4030.76;630;2500;0.64;35;79;78;13;4.05;31.91;0.09;0.65046593823566;0.468839708690851;PRODUCT_4884;12;-93.26;136000;11.569174356841987;Popular;0.6901866236136117;240.1;4.782218115997734;0.8706360503339873
8789;Product_8789;Home;Clothing;BrandB;853.94;0.14;734.39;757;4.92;3430;Supplier_5;India;Shanghai;1;4;0.12;0;2025;34.0;30.65;Red;Fabric;1;897;1744;7473;0.33;580.28;140268.49;1683221.88;75592;32174;8705;0.015;173.76;0.79;86;7893.64;1366;3104;1.36;51;37;175;59;4.66;10.76;0.11;0.6631130590255991;0.5549267700475754;PRODUCT_8789;12;154.11;116471;11.206367464738882;Premium;0.6995354893162393;457.9;4.773193437417187;0.8678337886744082
395;Product_395;Home;Toys;BrandD;688.34;0.32;468.07;226;4.93;3643;Supplier_48;UK;Shanghai;17;5;0.03;0;2023;44.05;63.55;Red;Plastic;4;862;1324;6044;0.4;547.16;49615.42;595385.04;91906;17638;24365;0.199;209.01;0.87;57;7022.51;4641;3348;1.39;26;77;93;80;4.01;45.03;0.09;0.6200801487379668;0.4395333428097565;PRODUCT_395;11;-79.08999999999997;133909;15.984513787209009;Popular;0.748467638125264;444.5;4.7145485717960245;0.8635497097168641
1634;Product_1634;Clothing;Toys;BrandE;896.68;0.47;475.24;742;4.85;931;Supplier_11;UK;London;13;5;0.16;1;2021;43.34;64.55;White;Fabric;5;786;1145;5412;0.47;693.64;16158.16;193897.92;97754;15635;18211;0.11;118.26;0.45;96;3928.18;6034;367;1.21;6;46;28;37;1.83;21.37;0.17;0.5971567264855081;0.3914851605959683;PRODUCT_1634;12;-218.4;131600;16.87225118441689;Premium;0.7290805060599135;345.9;4.6392797601972084;0.8595817030807176
7607;Product_7607;Beauty;Home;BrandA;918.51;0.14;789.92;42;4.73;1915;Supplier_8;China;New York;19;7;0.18;0;2010;47.05;30.85;Black;Fabric;4;984;1125;7642;0.22;473.03;90840.8;1090089.6;77447;17970;21709;0.164;133.58;0.53;52;8864.1;9031;688;1.05;25;62;81;66;4.11;26.79;0.08;0.6099313914394353;0.4752760292285213;PRODUCT_7607;12;316.89;117126;8.34877008605948;Premium;0.58097072763032;333.8;4.695462585684946;0.8553600876240182
6099;Product_6099;Sports;Toys;BrandC;746.63;0.01;739.16;331;4.99;1542;Supplier_42;USA;Mumbai;18;6;0.07;1;2024;36.12;52.07;Green;Fabric;0;864;396;9659;0.12;644.56;138962.08;1667544.96;68671;44989;23219;0.147;95.57;0.69;92;9128.61;8634;1799;0.55;11;61;176;-77;4.03;48.16;0.12;0.6537670264340186;0.5534402956016118;PRODUCT_6099;12;94.60000000000002;136879;4.644802225777178;Popular;0.5622884381110655;207.1;4.832119456367428;0.8454527748801214
7664;Product_7664;Beauty;Toys;BrandD;634.14;0.47;336.09;801;4.91;1970;Supplier_28;China;Shanghai;6;10;0.05;0;2012;47.51;92.12;Green;Plastic;3;897;1825;3547;0.21;558.49;141829.98;1701959.76;83561;866;21559;0.173;164.38;0.69;92;7580.03;2106;1363;1.35;43;76;128;34;1.39;15.05;0.25;0.6795705658774231;0.5612361809607551;PRODUCT_7664;12;-222.40000000000003;105986;8.224671734261165;Popular;0.6250025096455759;538.7;4.6861407646026265;0.8438041571327847
4807;Product_4807;Clothing;Beauty;BrandE;901.67;0.18;739.37;292;4.7;1063;Supplier_40;Germany;Shanghai;5;9;0.17;1;2020;33.96;96.92;White;Fabric;3;940;825;9942;0.3;690.9;231422.81;2777073.72;84358;13357;15572;0.06;198.52;0.22;79;316.17;8801;1832;1.37;57;23;4;1;2.88;27.43;0.13;0.7399362984889841;0.6726261723212781;PRODUCT_4807;12;48.47000000000003;113287;10.233441216424309;Premium;0.6669120775153978;247.4;4.6504446732693685;0.8419368068194335
6582;Product_6582;Toys;Sports;BrandC;498.39;0.45;274.11;694;4.87;2970;Supplier_32;USA;Berlin;7;5;0.26;0;2024;49.55;21.07;Blue;Metal;3;977;1223;5832;0.08;251.51;101146.59;1213759.08;84470;12144;25282;0.032;241.34;0.43;54;5084.4;8655;1293;1.42;40;97;162;99;2.06;1.51;0.09;0.6438724257764362;0.5027545380537233;PRODUCT_6582;12;22.600000000000023;121896;2.7684375936038235;Popular;0.5018694455456852;397.3;4.730957271589161;0.8386582657035693
1588;Product_1588;Sports;Toys;BrandE;652.39;0.46;352.29;379;4.75;781;Supplier_50;UK;New York;6;8;0.17;0;2012;23.52;49.4;Black;Wood;1;993;1762;5778;0.4;526.93;162053.4;1944640.8;86684;6721;27044;0.14;42.56;0.27;51;167.21;5937;1252;1.03;18;71;25;-70;1.07;29.32;0.19;0.6900759444538269;0.5809396628675243;PRODUCT_1588;12;-174.63999999999993;120449;14.949162789618144;Popular;0.7576697689921598;496.1;4.676201781282907;0.8383205137320069
5216;Product_5216;Beauty;Home;BrandC;990.6502;0.15;846.61;860;4.91;4983;Supplier_46;China;New York;7;6;0.25;0;2010;11.05;94.63;Black;Plastic;0;791;2653;9140;0.47;688.02;329331.29;3951975.48;69133;24956;25141;0.04;24.32;0.87;81;7040.56;2847;3060;0.91;7;88;199;-45;2.84;17.59;0.13;0.8088674691127079;0.8128233533179527;PRODUCT_5216;12;158.59000000000003;119230;16.019000736845758;Premium;0.8557169295035333;654.9;4.706021626142692;0.8377007582440537
7796;Product_7796;Beauty;Electronics;BrandE;657.06;0.21;519.08;521;4.87;296;Supplier_15;China;Mumbai;16;4;0.25;0;2010;47.4;34.19;White;Plastic;4;919;156;2004;0.12;454.4;130808.16;1569697.92;79775;8953;27083;0.177;231.75;0.47;92;1940.93;5966;4057;1.25;30;15;159;-57;1.96;36.51;0.16;0.6595005319496772;0.541106338871737;PRODUCT_7796;12;64.68000000000006;115811;4.694068995954033;Popular;0.5405367539899124;177.1;4.700195096346913;0.835627671302804
7160;Product_7160;Electronics;Electronics;BrandE;710.11;0.01;703.01;810;4.94;1239;Supplier_44;Germany;Mumbai;18;2;0.19;0;2020;36.9;58.53;White;Plastic;3;879;2055;7108;0.41;399.01;79440.13;953281.56;70464;6830;2192;0.09;128.93;0.21;95;8751.84;9070;3686;0.93;52;69;158;3;4.1;24.27;0.23;0.6031468385407213;0.4687018687950968;PRODUCT_7160;12;304.0;79486;14.967938676219786;Popular;0.752724098643121;578.7;4.70735454863831;0.8330121123968317
6296;Product_6296;Beauty;Beauty;BrandD;803.58;0.48;417.86;425;4.73;3793;Supplier_44;USA;London;3;14;0.01;1;2016;35.48;60.74;Green;Metal;5;850;2492;3446;0.17;489.29;7103.62;85243.44;97957;16270;29772;0.06;53.91;0.68;84;6486.99;3335;4457;1.29;46;2;89;-92;2.43;34.13;0.12;0.5803252888299113;0.3713595935169359;PRODUCT_6296;12;-71.43;143999;5.750277392141003;Popular;0.4699237058933699;602.3;4.62378350859525;0.8303552393688908
3422;Product_3422;Sports;Sports;BrandE;481.89;0.33;322.87;660;4.79;4322;Supplier_50;USA;Shanghai;5;10;0.25;0;2011;35.19;92.28;Red;Plastic;5;990;2132;5340;0.12;398.19;148843.07;1786116.84;91396;2210;1992;0.137;196.53;0.84;61;7602.98;6090;2134;1.18;56;11;32;-54;4.84;39.87;0.11;0.6915584535557034;0.5679918102520733;PRODUCT_3422;12;-75.32;95598;4.508638326996482;Popular;0.5388107306777867;600.5;4.680321911591858;0.8301409713205385
4676;Product_4676;Toys;Electronics;BrandA;621.45;0.01;615.24;154;4.89;1320;Supplier_44;Germany;Shanghai;8;12;0.05;0;2017;11.72;24.81;White;Plastic;1;925;908;6241;0.12;428.67;155040.48;1860485.76;75393;23657;7845;0.159;191.0;0.12;50;2479.4;7048;436;1.12;36;20;83;-80;1.94;34.23;0.09;0.6727751632148918;0.5733903584436069;PRODUCT_4676;12;186.57;106895;4.645685764031948;Popular;0.5556092124820676;340.1;4.75110618318772;0.8289601896705827
6500;Product_6500;Toys;Beauty;BrandB;563.9;0.2;451.12;363;4.89;779;Supplier_34;UK;Berlin;11;8;0.11;0;2020;29.35;53.24;White;Wood;3;912;1707;7111;0.33;446.28;110073.28;1320879.36;82372;42364;320;0.015;241.81;0.84;84;6374.09;4453;3284;1.25;32;47;183;90;1.83;43.57;0.18;0.6488054534554099;0.515165483221461;PRODUCT_6500;12;4.840000000000032;125056;11.16516919087384;Popular;0.682407199757266;515.4;4.785554547449953;0.8287630386208813
5044;Product_5044;Clothing;Sports;BrandE;888.81;0.3;622.17;109;4.95;2513;Supplier_9;China;Berlin;2;10;0.09;1;2016;38.88;25.81;White;Fabric;4;605;1667;9675;0.06;750.18;97680.69;1172168.28;97719;15354;16894;0.122;208.91;0.25;72;4369.19;4023;3573;0.91;59;23;108;-98;2.31;35.34;0.17;0.6738509166908064;0.5110145824655965;PRODUCT_5044;12;-128.01;129967;2.1349902452778213;Standard;0.4320208120646679;450.1;4.5741767941084435;0.8250741419336809
2380;Product_2380;Electronics;Clothing;BrandC;990.6502;0.17;829.1;900;4.83;2364;Supplier_27;Germany;Berlin;12;13;0.1;0;2014;12.53;64.79;Green;Plastic;2;798;845;7560;0.46;523.94;412062.7;4944752.4;73353;17121;1023;0.029;284.78;0.14;73;1870.96;7961;303;0.79;60;46;6;-87;4.96;13.79;0.15;0.880692625498422;0.9250640414231198;PRODUCT_2380;12;305.16;91497;15.27971499843331;Premium;0.8434510686385643;263.1;4.652025495643224;0.8244117382786642
7348;Product_7348;Home;Toys;BrandC;541.82;0.17;449.71;859;4.89;3733;Supplier_26;Germany;Shanghai;9;12;0.22;1;2019;39.61;44.81;Red;Fabric;5;867;173;8511;0.16;294.4;35527.09;426325.08;88451;41418;6757;0.117;80.71;0.9;72;5984.54;5523;3879;0.52;25;33;137;85;2.06;36.79;0.13;0.5980856149468341;0.415345921712213;PRODUCT_7348;12;155.31;136626;5.913251000063639;Popular;0.5252419597564724;199.2;4.756128538302214;0.8215209749958442
1342;Product_1342;Toys;Clothing;BrandE;956.07;0.15;812.66;900;4.88;2638;Supplier_3;UK;Shanghai;4;14;0.2;0;2019;30.79;44.45;Blue;Wood;3;968;2543;6097;0.08;764.82;301496.86;3617962.32;37450;40924;11155;0.096;296.0;0.23;68;5542.62;5254;4375;1.07;19;14;47;76;3.51;48.26;0.21;0.7196136392965358;0.7532574845083249;PRODUCT_1342;12;47.83999999999992;89529;2.9422051001124427;Popular;0.5843659707076412;639.9;4.92105858173895;0.8209689445979461
1756;Product_1756;Electronics;Sports;BrandE;851.25;0.19;689.51;630;4.61;484;Supplier_30;Germany;Shanghai;11;12;0.22;0;2022;33.51;81.12;White;Wood;3;999;1991;8457;0.07;514.83;245465.56;2945586.72;80142;20439;28441;0.152;11.59;0.78;61;932.89;6652;2162;1.48;27;0;67;5;1.17;47.87;0.06;0.7361480839346976;0.683827039476819;PRODUCT_1756;12;174.67999999999995;129022;2.5679607880637207;Popular;0.492279658869779;521.5;4.658109074234167;0.8183423862741295
9628;Product_9628;Sports;Electronics;BrandC;839.93;0.36;537.56;323;4.99;4262;Supplier_47;UK;London;7;3;0.27;1;2025;3.5;30.55;White;Metal;5;722;1932;2061;0.23;611.32;73108.16;877297.92;72093;19688;27331;0.039;113.5;0.48;80;5724.89;5932;4145;1.25;31;52;138;15;4.57;1.35;0.08;0.6050643147626615;0.464090862168078;PRODUCT_9628;12;-73.7600000000001;119112;7.850454136078207;Premium;0.581715879408937;491.4;4.683982029062971;0.8183243474834628
223;Product_223;Toys;Beauty;BrandA;973.91;0.29;691.48;795;4.91;3292;Supplier_17;UK;New York;7;5;0.25;0;2013;13.22;81.72;White;Metal;5;850;240;7768;0.43;547.16;309783.04;3717396.48;50287;6304;3524;0.08;188.58;0.48;57;2551.66;4290;4158;1.4;27;81;15;5;4.59;46.25;0.08;0.7546808783818333;0.7743817685131709;PRODUCT_223;11;144.32000000000005;60115;15.383195921221525;Premium;0.841122752935005;132.0;4.687636937654418;0.8175852734565765
5263;Product_5263;Sports;Toys;BrandD;903.82;0.47;479.02;249;4.67;1470;Supplier_13;USA;Mumbai;4;4;0.16;1;2023;22.51;18.62;White;Metal;0;909;2667;1913;0.49;681.23;145143.06;1741716.72;81503;4690;14346;0.132;36.58;0.21;65;8934.81;8424;2197;1.39;5;22;77;5;1.58;45.88;0.24;0.6590485291967284;0.5492396350661821;PRODUCT_5263;12;-202.21000000000004;100539;17.649244373632808;Popular;0.77559195813606;661.7;4.6048866186223165;0.8165962332730542
8140;Product_8140;Sports;Electronics;BrandA;749.92;0.49;382.46;248;4.85;4655;Supplier_2;USA;Mumbai;19;2;0.25;1;2014;21.99;57.27;Green;Plastic;1;975;598;3679;0.47;551.22;121239.82;1454877.84;55144;32263;19662;0.127;47.13;0.49;71;1093.53;8151;4907;1.18;14;11;65;-58;4.03;21.31;0.18;0.6005602530126121;0.5117649999383657;PRODUCT_8140;12;-168.76000000000005;107069;17.683591292376178;Popular;0.8209080903926776;263.0;4.810398671588304;0.8152226497292002
4201;Product_4201;Sports;Clothing;BrandA;816.19;0.09;742.73;568;4.86;1857;Supplier_23;USA;London;16;6;0.22;0;2024;46.7;25.27;Red;Plastic;5;757;1767;4585;0.29;423.52;286693.78;3440325.36;85842;26945;23166;0.019;249.56;0.57;69;7308.11;9928;2158;1.07;40;68;165;3;4.42;4.26;0.23;0.8023257707815986;0.7604708822986035;PRODUCT_4201;12;319.21000000000004;135953;9.52284558183512;Premium;0.6793247034360997;462.9;4.659051481514003;0.8148873227870131
6605;Product_6605;Sports;Home;BrandA;935.82;0.37;589.57;576;4.81;3831;Supplier_33;UK;Berlin;12;7;0.02;1;2011;22.75;50.35;Black;Fabric;0;734;1152;9651;0.27;506.79;72517.11;870205.32;87220;44243;2257;0.062;284.99;0.71;73;4884.42;9021;1692;1.19;41;92;123;-9;3.61;43.0;0.18;0.6204243032552602;0.4608280670407245;PRODUCT_6605;12;82.78000000000003;133720;9.102669430002027;Premium;0.5666199493054432;329.6;4.665399701634229;0.8146200864269031
7041;Product_7041;Sports;Clothing;BrandE;621.0;0.11;552.69;180;4.7;3233;Supplier_39;Germany;Berlin;17;5;0.18;1;2021;33.45;32.06;White;Fabric;4;907;1324;5288;0.07;558.72;181282.32;2175387.84;99332;20128;15709;0.075;142.42;0.83;95;2790.28;8725;3453;1.41;40;73;72;75;3.64;5.61;0.24;0.7275953208597183;0.612018670879049;PRODUCT_7041;12;-6.029999999999973;135169;2.408966855601813;Popular;0.4687994928609307;371.9;4.645024469919961;0.8132260321575459
4941;Product_4941;Electronics;Beauty;BrandB;977.36;0.04;938.27;751;4.98;1032;Supplier_21;China;Berlin;3;10;0.28;1;2021;12.07;24.36;Black;Fabric;3;628;511;2104;0.21;705.96;148246.66;1778959.92;75847;27634;13235;0.149;38.39;0.62;52;6674.74;5547;4231;0.74;51;89;103;17;3.59;42.47;0.22;0.6751527167111827;0.5699932143776933;PRODUCT_4941;12;232.30999999999997;116716;7.7434240660276625;Premium;0.5839410432564862;199.7;4.642520249591723;0.8130903724589083
428;Product_428;Clothing;Toys;BrandB;636.64;0.32;432.92;515;4.89;3352;Supplier_44;India;Berlin;16;14;0.05;1;2011;11.2;2.37;Green;Plastic;1;878;2507;4045;0.33;384.83;206502.84;2478034.08;73451;15135;6435;0.174;61.16;0.26;82;1633.81;1745;4374;0.93;8;70;131;-58;2.21;17.35;0.17;0.7122990475106574;0.6436529423444749;PRODUCT_428;11;48.09000000000003;95021;12.842298172349222;Popular;0.7395190304172676;700.8;4.708725106641838;0.8111423034742451
6306;Product_6306;Electronics;Toys;BrandB;363.36;0.29;257.99;85;4.75;1755;Supplier_9;Germany;Berlin;17;11;0.01;0;2022;28.33;36.53;Black;Metal;3;987;2364;4464;0.16;248.42;61143.63;733723.56;98228;20819;743;0.043;56.96;0.53;56;7550.15;7206;1838;1.22;9;64;152;-80;4.07;1.21;0.06;0.6280500832134696;0.4478078648107891;PRODUCT_6306;12;9.570000000000022;119790;5.466069760850781;Popular;0.5171329080418515;625.6;4.700662214579866;0.8107503836487006
6446;Product_6446;Home;Beauty;BrandE;822.2;0.48;427.54;299;4.76;573;Supplier_43;India;London;7;1;0.29;0;2022;2.61;99.15;Black;Plastic;1;757;1572;378;0.45;688.07;213342.46;2560109.52;98181;33854;12802;0.153;236.88;0.58;84;314.43;4294;4863;0.7;37;86;115;-26;2.31;20.18;0.18;0.7571356826178454;0.65966632211117;PRODUCT_6446;12;-260.53000000000003;144837;16.37597115528899;Premium;0.7662986034285416;439.7;4.625235780795688;0.8104536375974023
1985;Product_1985;Electronics;Clothing;BrandE;844.15;0.19;683.76;862;4.72;2316;Supplier_3;China;Shanghai;5;9;0.22;0;2018;38.08;84.86;Black;Metal;1;886;518;8016;0.21;549.89;249572.4;2994868.8;78544;2280;17094;0.178;108.99;0.35;85;2641.72;9679;38;0.89;37;24;28;31;1.92;40.31;0.21;0.7452157213152716;0.6956082461517876;PRODUCT_1985;12;133.87;97918;7.925715872936069;Premium;0.6127474497191598;202.3;4.608943655991667;0.8076701782001469
2105;Product_2105;Electronics;Clothing;BrandC;769.28;0.04;738.51;219;4.92;3597;Supplier_15;UK;Mumbai;16;6;0.11;1;2025;18.23;50.79;Blue;Metal;2;628;138;6008;0.3;468.94;166164.75;1993977.0;99103;30415;19481;0.05;284.23;0.26;57;8305.99;3054;2631;1.18;30;71;21;-70;1.19;43.94;0.12;0.7319855917473093;0.6049785909842698;PRODUCT_2105;12;269.57;148999;9.987114621634344;Standard;0.6304457533814019;139.0;4.607033086517195;0.8066797045031364
8737;Product_8737;Sports;Beauty;BrandA;782.18;0.22;610.1;277;4.94;606;Supplier_23;UK;New York;19;12;0.29;1;2014;2.69;43.02;Red;Fabric;1;764;2702;4787;0.34;574.58;123240.2;1478882.4;69819;49300;24730;0.105;131.0;0.16;77;8863.03;3908;2532;0.91;21;15;108;-63;1.2;8.91;0.07;0.6388019753940428;0.5291077784768417;PRODUCT_8737;12;35.51999999999998;143849;12.32333067279703;Popular;0.6906751119359368;718.8;4.77317263691508;0.8035715896115139
2398;Product_2398;Beauty;Clothing;BrandD;857.2;0.07;797.2;13;5.0;4965;Supplier_32;China;Shanghai;15;9;0.22;1;2017;34.89;27.07;White;Plastic;5;577;1721;2202;0.16;572.16;349173.6;4190083.2;84451;37397;6331;0.031;287.58;0.81;51;2116.66;853;3788;0.69;57;95;121;-96;4.03;19.03;0.1;0.8634450407023664;0.8553159655670539;PRODUCT_2398;12;225.04000000000008;128179;5.245376526880977;Standard;0.6084897080916831;445.6;4.632394514136012;0.7983596055292018
2330;Product_2330;Home;Toys;BrandD;685.85;0.5;342.93;766;4.96;3814;Supplier_10;UK;Berlin;19;7;0.02;0;2024;24.24;64.83;Black;Wood;4;647;280;2433;0.42;430.96;10973.76;131685.12;91295;22574;12703;0.105;60.06;0.52;98;2582.61;6837;618;1.1;7;10;56;-97;2.46;5.99;0.17;0.588663750487467;0.387453413028668;PRODUCT_2330;12;-88.02999999999997;126572;14.902482053998368;Standard;0.6855121652753374;194.1;4.623009151096909;0.7956647207472675
1423;Product_1423;Home;Beauty;BrandB;892.24;0.1;803.02;301;4.8;1678;Supplier_36;USA;Berlin;1;9;0.2;0;2022;1.9;64.01;Blue;Plastic;5;669;134;4371;0.22;740.57;173452.32;2081427.84;93428;36007;86;0.128;26.36;0.59;92;9150.99;7459;1838;0.84;19;8;62;26;2.64;20.01;0.13;0.7171809495179295;0.6040079728488287;PRODUCT_1423;12;62.44999999999993;129521;7.751260978106231;Premium;0.5589884710278721;118.0;4.599990761282301;0.7939762482825791
2483;Product_2483;Electronics;Beauty;BrandD;862.63;0.2;690.1;801;4.94;4926;Supplier_26;USA;Berlin;15;10;0.0;0;2023;9.83;11.35;Blue;Plastic;0;598;794;6167;0.19;766.76;97304.1;1167649.2;86882;16198;945;0.03;83.79;0.48;61;9921.13;7347;1258;1.06;58;82;22;61;4.25;37.69;0.05;0.6510560116845078;0.5033487132191194;PRODUCT_2483;12;-76.65999999999997;104025;6.182670312070897;Standard;0.5192221280438712;244.8;4.57139199450964;0.7933476104611923
244;Product_244;Toys;Toys;BrandC;556.6;0.17;461.98;159;4.75;406;Supplier_19;China;Berlin;15;13;0.29;0;2014;40.38;29.27;White;Plastic;5;964;624;114;0.34;405.72;114571.04;1374852.48;76819;48767;20377;0.113;116.23;0.8;75;6059.73;7805;972;1.22;35;82;34;54;4.89;31.64;0.15;0.6302916449221652;0.509115917202807;PRODUCT_244;11;56.25999999999999;145963;12.35261590151632;Popular;0.6797643017643383;287.7;4.775817225513269;0.7921402236397448
7545;Product_7545;Sports;Clothing;BrandB;990.6502;0.42;578.72;43;4.79;4317;Supplier_40;China;New York;10;4;0.24;0;2016;15.51;84.92;White;Plastic;1;854;777;9144;0.16;836.28;120373.76;1444485.12;53583;15763;3188;0.151;98.75;0.35;74;4978.23;2267;1415;1.46;10;56;31;91;1.86;21.13;0.16;0.5919072635991038;0.5057861983885441;PRODUCT_7545;12;-257.55999999999995;72534;5.955324834827896;Popular;0.5315312962712413;258.4;4.675276412369882;0.792084596589396
2995;Product_2995;Toys;Toys;BrandC;990.6502;0.07;924.21;655;4.53;764;Supplier_27;UK;Shanghai;9;8;0.0;0;2020;10.39;27.04;Red;Fabric;1;832;1299;5037;0.16;674.39;287429.31;3449151.72;96175;35321;23896;0.094;251.29;0.8;64;4119.06;6544;568;0.72;34;46;12;78;4.29;7.31;0.12;0.7972152902203246;0.7465725023647372;PRODUCT_2995;12;249.82000000000005;155392;5.332488995923726;Popular;0.5178210150117095;357.7;4.575464977532191;0.7913881902152804
8074;Product_8074;Electronics;Home;BrandD;551.26;0.24;418.96;108;4.87;2624;Supplier_4;China;Mumbai;9;12;0.29;0;2019;37.83;87.08;Black;Metal;3;838;1216;6315;0.38;470.23;30584.08;367008.96;80450;32608;8274;0.124;204.74;0.69;68;5702.87;2373;2715;0.63;4;52;163;-71;3.76;29.5;0.19;0.5763117885864276;0.4024038762351886;PRODUCT_8074;12;-51.27000000000004;121332;14.00349914592835;Popular;0.6860198365782382;441.3;4.72194829750298;0.7907739785698223
7811;Product_7811;Home;Toys;BrandB;774.72;0.03;751.48;164;4.81;4905;Supplier_21;China;London;8;13;0.1;1;2025;37.7;37.75;White;Wood;5;719;1471;6097;0.08;499.6;329148.24;3949778.88;91078;17623;8272;0.167;157.38;0.15;72;1750.91;3801;1853;1.21;42;52;75;-71;1.75;16.45;0.14;0.8446096510451684;0.8193382616560309;PRODUCT_7811;12;251.88;116973;2.954489076067195;Popular;0.5279449666866105;462.0;4.594399182623492;0.7899793826751657
2426;Product_2426;Beauty;Electronics;BrandE;914.65;0.29;649.4;625;4.66;2245;Supplier_42;UK;Berlin;16;14;0.09;0;2021;22.39;97.8;White;Metal;0;769;1109;5500;0.06;664.77;61693.0;740316.0;93076;28418;29142;0.157;100.68;0.74;53;6988.86;3110;682;0.64;39;48;27;59;4.36;49.0;0.24;0.6110079306170886;0.4397187074382159;PRODUCT_2426;12;-15.370000000000005;150636;2.1500887216597997;Popular;0.3776467313942494;330.4;4.5836202826076216;0.7896556862385189
4722;Product_4722;Home;Electronics;BrandD;902.29;0.08;830.11;18;4.91;854;Supplier_32;Germany;New York;5;10;0.14;0;2017;34.51;92.7;White;Fabric;2;529;670;8285;0.07;684.51;356117.19;4273406.28;97936;21560;9635;0.143;60.88;0.26;98;3951.79;6804;1928;1.46;41;46;24;11;1.86;24.53;0.21;0.8890760004304157;0.8672856398614734;PRODUCT_4722;12;145.60000000000002;129131;2.464294086432356;Standard;0.5160286188263432;234.1;4.517179556090122;0.7890358066204319
1753;Product_1753;Electronics;Toys;BrandC;308.83;0.18;253.24;305;4.9;3372;Supplier_17;Germany;Mumbai;6;11;0.08;1;2022;24.07;18.56;Blue;Plastic;2;880;1866;7496;0.38;238.63;9876.36;118516.32;87732;22919;12721;0.144;276.19;0.73;94;7828.52;6269;505;1.49;39;46;145;37;3.41;26.09;0.1;0.5758110252452436;0.3799521394297915;PRODUCT_1753;12;14.610000000000014;123372;14.444520718620184;Popular;0.7006265184328094;582.2;4.724670804899617;0.7883815355158785
4940;Product_4940;Electronics;Clothing;BrandC;990.6502;0.44;558.44;813;4.65;4828;Supplier_5;Germany;Mumbai;5;11;0.14;1;2013;23.13;25.31;Black;Fabric;2;978;2162;6700;0.1;827.69;132350.28;1588203.36;49979;14604;12827;0.025;244.25;0.88;57;7347.09;4115;2836;0.79;30;57;10;29;1.82;21.43;0.25;0.5836003690194967;0.511286465541378;PRODUCT_4940;12;-269.25;77410;3.2822931441211045;Popular;0.4711973667710648;530.8;4.673053202041117;0.7858437430171767
6399;Product_6399;Beauty;Home;BrandB;763.49;0.12;671.87;546;4.95;2353;Supplier_28;UK;Shanghai;8;6;0.16;0;2014;5.04;70.51;Black;Plastic;1;933;1372;1911;0.1;582.2;321153.86;3853846.32;31675;9647;28413;0.025;271.09;0.22;70;4331.49;9576;476;0.64;45;76;131;-1;3.83;2.87;0.11;0.7302425731731335;0.7815551942933192;PRODUCT_6399;12;89.66999999999996;69735;3.470179357846359;Popular;0.6153781926096528;396.5;4.7767029667674645;0.7858215301865185
1828;Product_1828;Home;Sports;BrandB;784.19;0.06;737.14;47;4.55;1619;Supplier_1;China;New York;7;10;0.07;0;2020;27.17;63.87;Red;Plastic;5;929;2349;1223;0.1;459.3;280113.2;3361358.4;90663;25919;27891;0.017;46.27;0.39;57;5122.72;7803;608;0.92;56;89;76;2;1.9;8.82;0.09;0.7816185023748903;0.7343903009956965;PRODUCT_1828;12;277.84;144473;3.162879139470871;Popular;0.4926286774423887;594.0;4.611250411452843;0.7855254733056931
8884;Product_8884;Toys;Clothing;BrandC;925.96;0.25;694.47;923;4.85;3251;Supplier_10;China;Mumbai;10;14;0.16;1;2024;43.73;25.16;Blue;Plastic;0;949;2768;240;0.4;493.78;201396.3;2416755.6;29398;42359;28306;0.079;92.47;0.24;63;642.46;8609;77;0.56;28;58;115;-99;4.32;33.7;0.1;0.6166724664796812;0.6075694777708485;PRODUCT_8884;12;200.69000000000003;100063;14.352357613872464;Premium;0.7804466847352362;679.8;4.9707608602369096;0.7839253347870455
2451;Product_2451;Clothing;Toys;BrandC;358.25;0.1;322.43;967;4.92;3972;Supplier_11;China;Mumbai;13;1;0.1;0;2023;31.83;13.73;Blue;Plastic;2;925;1906;1267;0.1;182.82;17088.79;205065.48;70520;9244;2878;0.047;225.89;0.37;59;1108.42;1260;4577;0.68;53;50;156;96;3.66;17.94;0.24;0.5490655408557924;0.3809139911123309;PRODUCT_2451;12;139.61;82642;3.518747259247878;Popular;0.4869098849375685;545.3;4.7265663699787215;0.783866201293345
2608;Product_2608;Sports;Toys;BrandE;830.19;0.27;606.04;935;4.72;2632;Supplier_41;China;Berlin;15;10;0.15;1;2017;43.39;66.35;White;Metal;2;899;49;7225;0.4;644.12;169691.2;2036294.4;65467;21757;25698;0.043;188.74;0.56;100;1008.97;2603;3146;0.58;16;76;76;39;4.23;34.95;0.18;0.6516780577007627;0.576888552752834;PRODUCT_2608;12;-38.08000000000004;112922;13.395166929622018;Premium;0.7103383934655725;79.2;4.6754249803446175;0.7835285699112013
2404;Product_2404;Home;Clothing;BrandE;574.94;0.02;563.44;531;4.84;2101;Supplier_9;Germany;New York;11;8;0.09;0;2013;21.09;88.58;Black;Wood;2;718;1683;4838;0.1;415.71;273831.84;3285982.08;99962;31860;15241;0.084;258.61;0.82;82;8872.64;4737;3974;0.82;27;69;175;79;1.91;12.74;0.12;0.8181209694439131;0.7498122296850283;PRODUCT_2404;12;147.73000000000008;147063;3.4511144284964934;Popular;0.5255816197294416;526.4;4.6308887658930855;0.782938667858811
5824;Product_5824;Electronics;Clothing;BrandB;914.33;0.32;621.74;386;4.76;2938;Supplier_48;China;Shanghai;20;12;0.18;0;2015;3.85;50.92;White;Plastic;1;722;1885;1721;0.2;525.81;67147.92;805775.04;82553;19129;10800;0.051;253.05;0.77;52;1741.58;7970;4685;0.56;31;47;80;-52;1.41;18.34;0.23;0.6025599946937973;0.4473751987101537;PRODUCT_5824;12;95.93000000000006;112482;6.587043264049395;Popular;0.4951421869376122;470.8;4.583707249969704;0.7822403170076906
9394;Product_9394;Beauty;Electronics;BrandC;597.47;0.38;370.43;320;4.99;1500;Supplier_46;Germany;New York;18;1;0.28;1;2012;42.88;40.2;Black;Metal;0;968;1697;4932;0.46;446.97;88162.34;1057948.08;31245;19169;6997;0.197;89.52;0.8;70;4218.15;5405;4402;1.15;37;87;198;62;1.49;30.47;0.08;0.5360542495028104;0.4604730614716992;PRODUCT_9394;12;-76.54000000000002;57411;18.89318201479048;Popular;0.8582232739893098;577.9;4.869207076953458;0.7813522410500728
9353;Product_9353;Toys;Sports;BrandB;274.24;0.16;230.36;184;4.97;2573;Supplier_12;UK;London;17;1;0.01;1;2017;40.2;51.69;Blue;Wood;0;970;530;5918;0.3;160.41;8292.96;99515.52;60211;18894;12038;0.178;84.29;0.86;83;9569.16;376;2020;0.9;36;12;138;-1;1.34;8.19;0.1;0.5250251708427855;0.365719358257678;PRODUCT_9353;12;69.95000000000002;91143;12.081078852253944;Popular;0.6814901966928528;409.1;4.802089883790597;0.7798547337712657
7533;Product_7533;Beauty;Toys;BrandC;895.15;0.32;608.7;508;4.9;4079;Supplier_32;UK;Mumbai;1;1;0.02;0;2020;28.82;50.18;Black;Wood;2;556;1086;1885;0.15;495.03;228262.5;2739150.0;90666;9352;21600;0.136;275.72;0.89;65;3624.56;1225;16;1.03;13;29;184;-9;3.9;35.28;0.2;0.7658884717559853;0.6848251401987813;PRODUCT_7533;12;113.67000000000009;121618;5.279089072729685;Standard;0.5295968017048837;324.2;4.509655659423586;0.7796163444224262
8790;Product_8790;Clothing;Sports;BrandE;403.84;0.28;290.76;698;4.98;524;Supplier_22;China;Berlin;13;14;0.03;0;2014;13.88;82.65;White;Metal;4;879;1021;6385;0.13;227.07;50301.48;603617.76;62756;32665;11914;0.134;38.45;0.55;91;8960.56;4978;4729;1.43;2;83;45;82;1.4;29.3;0.12;0.5663500935870642;0.4261929462401932;PRODUCT_8790;12;63.69;107335;4.977490516245806;Popular;0.5351145622502865;382.9;4.808070362835927;0.7779770240171482
3333;Product_3333;Toys;Electronics;BrandE;953.03;0.15;810.08;134;4.91;3294;Supplier_19;China;Berlin;12;8;0.24;0;2016;17.8;14.78;Green;Wood;4;820;2091;8765;0.1;566.73;139333.76;1672005.12;37061;21467;16171;0.149;38.23;0.73;81;9544.02;9170;3081;0.94;21;15;30;-79;1.34;8.68;0.24;0.5844510538481289;0.5298673291364168;PRODUCT_3333;12;243.35;74699;3.785802006905573;Popular;0.5157399446691574;542.0;4.764056090870905;0.7769119202124161
8848;Product_8848;Beauty;Electronics;BrandB;890.16;0.03;863.46;373;4.98;4304;Supplier_19;UK;Berlin;12;9;0.17;0;2011;4.71;74.3;Red;Plastic;2;748;627;2245;0.27;754.24;188234.28;2258811.36;44261;11240;28648;0.057;155.15;0.63;90;8905.07;725;3362;1.39;48;82;124;-25;2.44;3.15;0.19;0.6457007707918075;0.6065401914755585;PRODUCT_8848;12;109.22000000000004;84149;9.40683115415978;Premium;0.6627232554727552;215.9;4.690285227622112;0.7768046013416628
2058;Product_2058;Clothing;Toys;BrandC;316.61;0.15;269.12;672;4.96;1618;Supplier_36;UK;Shanghai;20;6;0.12;1;2012;21.28;81.91;Red;Plastic;5;976;1140;7834;0.5;177.49;111684.8;1340217.6;55413;38697;17358;0.14;72.7;0.18;64;436.7;1271;2791;0.87;38;71;22;-77;2.92;49.9;0.19;0.6018386806074985;0.5057043900360845;PRODUCT_2058;12;91.63;111468;19.463820662655355;Popular;0.8792196345578503;424.9;4.877462247845428;0.7764036868128157
5737;Product_5737;Beauty;Beauty;BrandE;965.53;0.06;907.6;929;4.39;4331;Supplier_6;USA;Berlin;5;3;0.28;1;2011;28.59;36.19;White;Fabric;0;977;2832;5205;0.49;709.88;255035.6;3060427.2;85181;3372;13065;0.196;136.7;0.57;100;7999.33;7329;3847;1.14;46;14;173;17;2.09;2.83;0.13;0.7366999183388778;0.6860537744062976;PRODUCT_5737;12;197.72000000000003;101618;17.714458142049427;Standard;0.762887294654701;696.2;4.518121126557499;0.773383359032799
7961;Product_7961;Beauty;Toys;BrandB;910.15;0.24;691.71;669;4.95;1848;Supplier_16;USA;Mumbai;16;13;0.08;0;2020;41.66;8.06;Black;Plastic;4;513;1538;7915;0.26;795.25;184686.57;2216238.84;85911;45430;20152;0.09;21.65;0.39;65;5971.67;7759;85;1.11;10;10;5;56;1.27;5.31;0.06;0.7236207766029505;0.6246898429375605;PRODUCT_7961;12;-103.53999999999996;151493;8.756778063478471;Premium;0.5944582489068819;431.1;4.5826499189091905;0.7726527161013275
4486;Product_4486;Toys;Electronics;BrandA;747.91;0.38;463.7;845;4.86;4809;Supplier_2;USA;Berlin;13;7;0.24;0;2019;3.69;20.7;Green;Fabric;0;827;2022;1514;0.12;484.17;105723.6;1268683.2;58078;19660;3661;0.182;56.21;0.14;67;3681.68;417;3338;1.32;43;50;199;-56;4.01;17.52;0.06;0.5941412119284348;0.4926296924764333;PRODUCT_4486;12;-20.470000000000027;81399;4.631700653475505;Popular;0.5087288439284207;581.4;4.699307317610022;0.7719726458169301
7687;Product_7687;Toys;Beauty;BrandC;760.15;0.43;433.29;709;4.97;1408;Supplier_5;India;Berlin;3;7;0.22;0;2013;39.05;32.67;Black;Metal;4;889;204;6836;0.28;428.29;73659.3;883911.6;29657;30132;28355;0.071;134.43;0.31;58;5035.19;756;1312;0.52;55;22;10;16;2.79;7.29;0.06;0.5190444682820905;0.4381104054302901;PRODUCT_7687;12;5.0;88144;10.121660916444371;Popular;0.6564340915274871;153.3;4.90769187605045;0.7718385386329117
5760;Product_5760;Toys;Clothing;BrandE;304.98;0.01;301.93;822;4.92;2133;Supplier_11;Germany;New York;13;2;0.29;1;2018;36.47;17.12;White;Wood;3;750;624;2874;0.35;246.63;44383.71;532604.52;99245;2424;10447;0.101;13.51;0.4;74;6315.49;7274;3923;0.64;7;75;25;2;2.57;29.31;0.17;0.6295474068068884;0.4360359726207371;PRODUCT_5760;12;55.30000000000001;112116;12.55366864610396;Popular;0.657463120583876;313.1;4.621447141556075;0.7714398772223925
4106;Product_4106;Home;Toys;BrandB;629.94;0.5;314.97;59;4.93;1729;Supplier_37;UK;New York;15;6;0.09;1;2023;14.93;7.31;White;Fabric;5;641;787;4846;0.49;442.66;96695.79;1160349.48;89040;2819;11164;0.178;216.54;0.44;74;9956.44;9866;3331;1.16;31;56;161;-76;4.77;6.34;0.1;0.6540595500947087;0.5031593944293462;PRODUCT_4106;12;-127.69;103023;18.39624402703368;Standard;0.7799824051449682;328.2;4.564167307100423;0.7705042015686292
866;Product_866;Sports;Electronics;BrandB;567.36;0.4;340.42;116;4.88;203;Supplier_40;India;New York;2;7;0.25;0;2014;7.36;12.0;White;Plastic;0;905;1434;1716;0.34;495.64;166805.8;2001669.6;55772;32688;26988;0.048;124.18;0.3;91;6671.88;4137;2308;1.49;3;89;79;-23;1.32;9.04;0.21;0.6426513157526204;0.5773058456249023;PRODUCT_866;11;-155.21999999999997;115448;11.839840801382666;Popular;0.7134986248046878;456.2;4.79283583286688;0.7702793483332436
2073;Product_2073;Sports;Toys;BrandE;847.89;0.15;720.71;966;4.71;4585;Supplier_44;Germany;Mumbai;7;2;0.26;1;2013;29.23;84.89;Black;Wood;0;736;547;4324;0.16;527.0;181618.92;2179427.04;87162;8675;837;0.192;214.33;0.52;72;9175.23;1176;629;0.89;29;99;129;-65;2.0;15.68;0.21;0.7043355911917161;0.6058227644612637;PRODUCT_2073;12;193.71000000000004;96674;5.931046600780229;Popular;0.5115099576978389;208.6;4.544940620265744;0.7700782616668318
2676;Product_2676;Sports;Beauty;BrandD;672.31;0.37;423.56;248;4.92;386;Supplier_40;USA;London;4;12;0.22;0;2024;27.79;84.75;Blue;Fabric;0;648;2162;14;0.38;474.83;33461.24;401534.88;85523;14841;25951;0.104;193.56;0.11;59;2167.21;3023;3249;1.29;16;18;87;-47;3.03;17.13;0.08;0.592886193291941;0.4126415304884399;PRODUCT_2676;12;-51.26999999999998;126315;13.365541783893564;Standard;0.6519109410053009;601.8;4.592879539916439;0.7699840071613091
2602;Product_2602;Clothing;Clothing;BrandB;607.6;0.49;309.88;267;4.9;2709;Supplier_37;Germany;London;9;7;0.18;1;2014;31.62;72.11;Red;Metal;3;827;909;3045;0.49;442.18;130149.6;1561795.2;62625;44116;20866;0.139;100.81;0.29;98;7265.47;7519;2918;0.89;30;50;92;92;1.22;2.0;0.21;0.6270398912487714;0.5318207368559061;PRODUCT_2602;12;-132.3;127607;18.374747314810392;Popular;0.8225195265823138;330.4;4.7884946829117885;0.7696010016551528
4614;Product_4614;Clothing;Clothing;BrandC;918.89;0.25;689.17;381;4.86;2146;Supplier_19;UK;Shanghai;6;11;0.01;1;2015;39.79;82.48;Red;Plastic;0;989;728;8558;0.35;668.68;104753.84;1257046.08;14283;45987;14277;0.047;247.83;0.84;68;6436.23;2181;662;0.77;27;45;148;76;4.74;30.43;0.06;0.5057200795319726;0.4650027573173845;PRODUCT_4614;12;20.49000000000001;74547;12.284446925350114;Premium;0.7098429461288004;237.8;5.347022325917702;0.7693295236101326
95;Product_95;Beauty;Sports;BrandD;976.65;0.16;820.39;282;4.57;1038;Supplier_26;India;Berlin;17;6;0.05;1;2013;44.25;2.42;White;Wood;1;765;757;9976;0.26;720.18;59888.47;718661.64;91631;28459;16438;0.066;213.93;0.25;66;6280.89;8713;3768;1.13;28;40;2;-47;1.64;8.63;0.13;0.5993953771779333;0.4305869527396425;PRODUCT_95;10;100.21000000000004;136528;8.411862129255432;Popular;0.494364748450767;232.6;4.5465894005107454;0.7685222362698597
5879;Product_5879;Sports;Toys;BrandE;975.58;0.42;565.84;617;4.64;1041;Supplier_15;UK;Berlin;17;1;0.19;0;2017;4.08;67.0;Red;Metal;0;800;1166;7590;0.18;745.43;241047.84;2892574.08;74524;8534;10171;0.188;171.63;0.49;70;9399.97;6108;3924;1.41;40;65;65;8;1.73;2.75;0.19;0.7235840543527937;0.6762440926797892;PRODUCT_5879;12;-179.58999999999992;93229;6.633828902833894;Popular;0.5453840713408636;342.7;4.553247067893953;0.7673551602395638
2006;Product_2006;Clothing;Beauty;BrandB;698.38;0.06;656.48;65;4.65;371;Supplier_31;India;London;17;14;0.05;0;2024;12.56;98.12;White;Metal;4;938;2588;9260;0.22;480.11;74838.72;898064.64;72207;34628;25857;0.158;137.19;0.28;67;2342.31;1698;3528;1.05;7;49;4;81;1.63;18.16;0.05;0.5795520751953185;0.4448012292815794;PRODUCT_2006;12;176.37;132692;8.108601140396402;Popular;0.5415403838619359;683.6;4.693839330298675;0.767337804549911
5692;Product_5692;Sports;Home;BrandC;258.45;0.12;227.44;518;4.99;432;Supplier_50;Germany;New York;11;8;0.22;1;2016;7.53;10.92;White;Plastic;5;782;24;9183;0.38;232.28;54813.04;657756.48;84233;28914;14072;0.14;23.62;0.38;53;4966.64;1473;1932;1.0;45;61;76;-71;4.54;35.5;0.16;0.6139160355613213;0.4459829672046277;PRODUCT_5692;12;-4.840000000000003;127219;14.403480728677048;Popular;0.7208418234912054;254.2;4.729905506779497;0.765778663479037
617;Product_617;Beauty;Electronics;BrandE;851.79;0.14;732.54;941;4.8;4596;Supplier_31;USA;London;15;14;0.21;0;2023;46.5;29.1;Blue;Fabric;3;872;784;4957;0.35;598.78;203646.12;2443753.44;47449;41779;8125;0.1;233.16;0.64;55;7201.74;9495;3248;1.02;10;77;82;-76;3.12;36.84;0.15;0.6506776042898219;0.6183243742049118;PRODUCT_617;11;133.76;97353;12.514536907191586;Premium;0.7138553642267718;267.7;4.8048748777764185;0.7656564756635889
2766;Product_2766;Electronics;Beauty;BrandE;483.82;0.36;309.64;39;4.94;3692;Supplier_49;India;Mumbai;19;1;0.0;1;2014;42.52;22.39;Blue;Plastic;4;864;307;6640;0.32;434.02;74932.88;899194.56;57704;6235;22899;0.164;177.57;0.88;75;633.85;6145;4467;1.49;3;52;136;72;1.9;40.49;0.07;0.5738211475409675;0.454788814607862;PRODUCT_2766;12;-124.38;86838;12.443768544505412;Popular;0.6890361426310686;276.7;4.70270208975459;0.7639060868225903
6761;Product_6761;Home;Electronics;BrandE;483.27;0.12;425.28;494;4.78;2015;Supplier_20;China;London;19;14;0.14;1;2016;11.28;26.49;White;Wood;0;988;1649;4587;0.29;254.72;189674.88;2276098.56;59795;36726;9704;0.115;215.29;0.41;78;4968.75;7251;2990;1.31;12;17;53;15;1.81;27.68;0.16;0.6619885768482175;0.605061492242142;PRODUCT_6761;12;170.55999999999997;106225;10.659620415982374;Popular;0.6845889278721374;509.7;4.793517434965332;0.7629841679060305
3249;Product_3249;Toys;Clothing;BrandE;990.6502;0.06;932.07;460;4.84;4910;Supplier_33;China;Mumbai;7;6;0.23;0;2020;21.34;86.89;White;Wood;1;918;1039;377;0.45;795.38;229289.22;2751470.64;20309;47958;9733;0.18;56.67;0.58;86;9108.24;1818;2918;1.47;26;63;115;-26;4.38;38.01;0.25;0.6212193991375623;0.6401896586276062;PRODUCT_3249;12;136.69000000000003;78000;17.536118265899006;Premium;0.8429099496229083;340.7;5.137597673128596;0.7626299391369946
7202;Product_7202;Clothing;Beauty;BrandB;619.7;0.45;340.84;874;4.63;4384;Supplier_15;USA;Mumbai;1;7;0.3;0;2021;22.82;44.85;White;Wood;4;947;2194;2236;0.32;331.16;36469.88;437638.56;77769;13238;25877;0.094;181.5;0.43;95;9658.52;3934;299;1.35;7;83;87;-50;2.16;37.5;0.08;0.5567136526141127;0.3936043197874558;PRODUCT_7202;12;9.67999999999995;116884;11.1100203238119;Popular;0.5916280713963642;589.7;4.627786214485828;0.7623713330722056
5669;Product_5669;Sports;Home;BrandA;907.46;0.48;471.88;669;4.76;1603;Supplier_37;India;Berlin;20;1;0.16;0;2023;24.06;19.27;Red;Metal;5;588;2493;2873;0.22;627.83;107116.76;1285401.12;96388;38918;27945;0.194;273.58;0.22;93;8888.49;4285;4029;1.2;38;25;189;-81;2.14;21.21;0.14;0.6639478362009633;0.5111527983270582;PRODUCT_5669;12;-155.95000000000005;163251;7.975308552026809;Premium;0.5099364264430422;630.2;4.536123264264469;0.7620050975872867
870;Product_870;Sports;Electronics;BrandE;833.25;0.34;549.94;10;4.4;1356;Supplier_31;USA;New York;8;6;0.01;1;2012;16.78;65.61;Blue;Fabric;4;948;311;4559;0.36;494.36;121536.74;1458440.88;93740;27856;13963;0.196;92.51;0.77;92;9944.03;5015;3172;0.95;11;84;182;36;2.21;29.81;0.24;0.6420142853753891;0.5065381886915783;PRODUCT_870;11;55.58000000000004;135559;12.98732517424976;Standard;0.605154549181648;150.0;4.56159599224107;0.7611962374370616
6810;Product_6810;Home;Clothing;BrandD;591.38;0.03;573.64;584;4.83;2962;Supplier_35;USA;Mumbai;19;14;0.19;0;2014;0.41;30.39;Blue;Metal;3;764;1016;4667;0.34;415.92;24666.52;295998.24;81274;32387;7802;0.119;79.77;0.32;73;1649.83;4326;4565;1.33;40;63;89;-21;2.34;2.5;0.13;0.5697685778359487;0.39212498375685;PRODUCT_6810;12;157.71999999999997;121463;12.20158058153282;Popular;0.6221056209326591;398.0;4.667648638031439;0.7611499060803253
8495;Product_8495;Clothing;Sports;BrandD;828.03;0.3;579.62;389;4.98;1997;Supplier_47;India;London;10;14;0.28;1;2025;20.83;97.1;Red;Metal;0;639;2109;4683;0.34;669.64;282274.94;3387299.28;59876;25108;29877;0.148;280.16;0.18;81;1301.5;9915;1286;1.16;54;33;74;73;3.5;43.3;0.08;0.7562586911646305;0.7464357493859429;PRODUCT_8495;12;-90.01999999999998;114861;12.559760487800029;Premium;0.7421793551167036;554.8;4.660453928300856;0.7595984851582575
2311;Product_2311;Clothing;Sports;BrandE;470.0;0.05;446.5;600;4.98;4490;Supplier_23;Germany;Mumbai;6;13;0.12;0;2025;21.42;21.8;White;Plastic;5;813;1084;8730;0.47;402.03;197799.5;2373594.0;59377;3059;3946;0.057;225.49;0.37;96;7936.71;3177;1768;0.85;29;66;197;8;1.53;28.72;0.16;0.684005563082675;0.6288873434794028;PRODUCT_2311;12;44.47000000000003;66382;16.58074511332748;Popular;0.8345299521231283;380.4;4.683087799330602;0.7591999110206693
4552;Product_4552;Toys;Electronics;BrandE;680.97;0.13;592.44;552;4.99;3672;Supplier_10;Germany;London;12;12;0.12;1;2011;35.26;33.11;White;Wood;0;984;115;3093;0.3;464.83;183656.4;2203876.8;10159;16768;13202;0.176;32.53;0.37;91;8183.75;9361;4032;1.33;34;54;60;34;3.93;30.64;0.09;0.5744250998727397;0.5803619842464357;PRODUCT_4552;12;127.61000000000008;40129;12.13430261531751;Popular;0.7593942521394;182.6;5.0831678878892514;0.7585571670940137
2200;Product_2200;Toys;Home;BrandA;867.08;0.3;606.96;511;4.97;4553;Supplier_46;Germany;New York;9;1;0.03;1;2013;4.17;8.12;White;Fabric;0;518;2008;182;0.29;695.38;117750.24;1413002.88;78393;43705;6974;0.128;128.84;0.48;55;6591.82;5879;2086;1.25;44;0;199;-38;4.22;3.54;0.17;0.6537217703125459;0.528553077472122;PRODUCT_2200;12;-88.41999999999996;129072;10.164260307358289;Premium;0.6024449597169723;532.9;4.600263855767855;0.7580600316879225
2619;Product_2619;Toys;Toys;BrandB;570.55;0.38;353.74;93;4.96;1760;Supplier_7;USA;Shanghai;10;13;0.15;0;2015;44.76;82.85;Red;Wood;3;954;2358;3157;0.22;351.77;169795.2;2037542.4;28699;39931;22115;0.028;162.91;0.72;70;1571.81;608;645;1.26;7;21;3;-44;3.85;6.27;0.05;0.5974187495778972;0.5703287915048989;PRODUCT_2619;12;1.9700000000000275;90745;7.6971493983450845;Popular;0.6541717685974466;643.2;5.006959040530422;0.7576896583209254
1984;Product_1984;Home;Sports;BrandD;985.86;0.06;926.71;127;4.69;3941;Supplier_44;India;New York;3;8;0.17;0;2021;11.34;63.34;Black;Plastic;3;869;383;7575;0.29;571.84;210363.17;2524358.04;49053;15708;733;0.021;123.29;0.51;74;2737.84;6409;4310;1.36;31;77;68;54;1.67;27.19;0.15;0.6507519128413931;0.6215699494392827;PRODUCT_1984;12;354.87;65494;9.399149997123727;Popular;0.6267773058115501;151.6;4.647442297196911;0.7571038920014967
4998;Product_4998;Electronics;Toys;BrandA;488.96;0.46;264.04;945;4.94;4098;Supplier_24;UK;New York;14;2;0.29;0;2018;40.27;96.49;White;Metal;2;712;1873;9450;0.3;327.09;22971.48;275657.76;79016;41153;18180;0.189;246.0;0.66;78;2689.5;8411;2207;1.24;3;63;152;68;3.67;14.97;0.15;0.5726221352035532;0.395457324174106;PRODUCT_4998;12;-63.04999999999996;138349;11.57607007194919;Popular;0.6202738011776567;616.0;4.707956281843961;0.7544511219077108
743;Product_743;Home;Clothing;BrandE;664.38;0.35;431.85;639;4.85;870;Supplier_10;China;Mumbai;14;4;0.07;0;2014;44.36;62.05;Black;Wood;4;810;2039;7499;0.25;522.63;7773.3;93279.6;60654;32660;3631;0.152;223.57;0.13;83;3100.65;2405;2726;0.64;27;56;165;-11;4.2;19.98;0.05;0.5158729708927876;0.3575839281992505;PRODUCT_743;11;-90.77999999999996;96945;9.356140817988408;Popular;0.5658388222654576;585.1;4.727000036629514;0.7540946588892292
3977;Product_3977;Home;Clothing;BrandA;635.01;0.09;577.86;545;4.87;4720;Supplier_39;India;Mumbai;16;9;0.1;0;2021;15.07;56.21;White;Fabric;1;864;1308;2332;0.29;446.92;42183.78;506205.36;50599;40966;8041;0.029;224.93;0.78;57;6216.48;228;4163;1.42;60;90;141;-20;2.0;13.83;0.23;0.5263851713021184;0.4005905678015104;PRODUCT_3977;12;130.94;99606;9.827981966236448;Popular;0.6114462664082935;392.5;4.815015951471343;0.7538679536563593
778;Product_778;Electronics;Clothing;BrandC;854.8;0.34;564.17;1;4.97;4901;Supplier_36;USA;Shanghai;14;6;0.21;0;2021;40.93;64.07;Black;Plastic;3;826;2761;8010;0.18;563.67;262903.22;3154838.64;23235;49852;5674;0.047;290.31;0.26;65;8564.62;7480;390;0.57;28;89;59;45;3.89;34.68;0.19;0.66582566407234;0.6969205802667828;PRODUCT_778;11;0.5;78761;6.292206239936099;Popular;0.6372852263767339;671.0;5.104233132582319;0.7527851805710293
976;Product_976;Home;Home;BrandD;770.37;0.01;762.67;634;4.56;3915;Supplier_29;USA;New York;5;1;0.0;0;2025;23.63;25.68;Green;Metal;2;824;594;5890;0.21;435.73;92283.07;1107396.84;92190;378;4309;0.096;226.94;0.3;62;3284.84;600;2206;1.25;1;98;197;79;3.26;23.33;0.05;0.6270383688041522;0.4752449766961112;PRODUCT_976;11;326.93999999999994;96877;7.047993639306482;Popular;0.4843074197718913;232.6;4.510973400091959;0.7525153607341364
7938;Product_7938;Clothing;Sports;BrandA;922.6;0.26;682.72;228;4.99;4648;Supplier_23;China;Mumbai;18;6;0.19;1;2019;45.24;16.58;White;Plastic;5;663;1077;9476;0.26;461.46;145419.36;1745032.32;42112;21061;21516;0.16;228.73;0.59;55;9759.17;9534;1875;1.02;8;57;185;-85;2.44;38.12;0.05;0.6060877689930575;0.5464649840964255;PRODUCT_7938;12;221.26000000000005;84689;9.77981066244764;Premium;0.6348555045430897;349.0;4.695336605991182;0.7511946058754072
2004;Product_2004;Electronics;Toys;BrandA;481.94;0.36;308.44;341;4.78;1835;Supplier_40;India;London;19;3;0.26;0;2013;1.87;97.98;Red;Plastic;2;752;566;1798;0.25;330.97;103635.84;1243630.08;94895;23106;23777;0.082;231.16;0.8;98;754.28;841;1643;1.18;4;41;128;46;4.62;23.3;0.05;0.6596252344916731;0.5067054685243559;PRODUCT_2004;12;-22.53000000000003;141778;8.564850098892986;Popular;0.5621989540663876;261.2;4.610324125789855;0.750784251593511
9425;Product_9425;Sports;Clothing;BrandD;334.23;0.3;233.96;128;4.96;4043;Supplier_12;India;Shanghai;8;14;0.1;0;2010;34.41;51.09;Blue;Metal;1;686;424;151;0.15;173.23;5615.04;67380.48;91412;20150;25455;0.044;76.59;0.43;50;3796.87;1642;1337;1.04;16;67;76;41;3.95;2.86;0.2;0.5843777087794649;0.3800859073170973;PRODUCT_9425;12;60.73000000000002;137017;5.073899208803619;Standard;0.4797144109411355;224.2;4.641019832497394;0.7502903019206635
1029;Product_1029;Clothing;Toys;BrandE;972.98;0.12;856.22;414;4.57;2993;Supplier_21;India;Shanghai;11;7;0.06;1;2015;18.1;4.96;Blue;Metal;5;703;2065;6444;0.41;832.29;309095.42;3709145.04;93166;1304;7728;0.113;257.71;0.88;87;5158.17;3739;1131;1.33;35;48;139;-59;1.92;43.43;0.16;0.8126717369916545;0.7773986356525758;PRODUCT_1029;12;23.930000000000064;102198;13.673689829403788;Popular;0.6947698527140627;531.3;4.453510646930512;0.749274021103305
9490;Product_9490;Beauty;Electronics;BrandA;849.98;0.3;594.99;946;4.81;3187;Supplier_8;Germany;London;4;11;0.06;0;2017;27.97;10.74;Black;Wood;3;982;2205;2834;0.2;504.3;186231.87;2234782.44;17508;9411;15373;0.011;189.97;0.82;92;5931.07;2791;1294;0.82;29;54;32;94;4.51;21.97;0.25;0.5768977121631136;0.576826708184889;PRODUCT_9490;12;90.69;42292;6.701682399290971;Popular;0.6085997056478227;550.5;4.787748788566063;0.7466057447722317
8226;Product_8226;Home;Beauty;BrandD;860.22;0.12;756.99;908;4.9;526;Supplier_22;UK;London;15;4;0.0;0;2014;31.16;42.68;Green;Plastic;1;734;969;5783;0.34;570.13;223312.05;2679744.6;46233;28055;24940;0.187;122.11;0.33;68;3107.84;4154;27;1.0;19;12;173;-79;3.72;11.22;0.15;0.6728334385207616;0.6512902888896425;PRODUCT_8226;12;186.86;99228;13.051521106754352;Premium;0.7252984539773959;325.6;4.721311727900911;0.7465826678545693
271;Product_271;Beauty;Clothing;BrandE;608.07;0.18;498.62;879;4.72;3464;Supplier_47;USA;New York;1;6;0.21;1;2013;15.38;22.66;Blue;Plastic;0;962;242;4098;0.15;348.28;31911.68;382940.16;54593;18324;8211;0.193;92.01;0.71;93;680.23;7316;4860;1.18;33;47;116;12;2.59;32.0;0.11;0.5137098600539101;0.3791300111986661;PRODUCT_271;11;150.34000000000003;81128;5.802749393954816;Popular;0.4959789787476738;175.3;4.70315085018442;0.7462520632197278
3052;Product_3052;Clothing;Clothing;BrandA;311.98;0.23;240.22;261;4.73;2423;Supplier_7;UK;Berlin;19;9;0.06;1;2012;16.19;71.73;White;Wood;5;980;1750;1565;0.19;173.16;100411.96;1204943.52;74236;19796;24147;0.034;15.98;0.88;56;6293.07;7365;1253;1.22;46;20;109;10;1.98;39.15;0.13;0.6115816951915771;0.4866335760674999;PRODUCT_3052;12;67.06;118179;6.40124591177138;Popular;0.5472641820717077;492.6;4.700761598729966;0.7452454948971614
3641;Product_3641;Electronics;Sports;BrandC;446.86;0.47;236.84;153;4.61;411;Supplier_13;UK;Shanghai;6;11;0.17;0;2013;4.52;7.96;Red;Metal;0;997;2377;4975;0.07;235.23;23447.16;281365.92;77538;17601;28074;0.09;120.23;0.66;99;9533.43;7786;1147;1.48;10;47;177;18;3.82;34.53;0.18;0.5436669275057494;0.3741106183642612;PRODUCT_3641;12;1.6100000000000136;123213;2.4290503746696235;Popular;0.4020892475973646;653.6;4.651700985522651;0.7442266848161868
226;Product_226;Home;Sports;BrandE;763.26;0.03;740.36;663;4.72;119;Supplier_16;China;Shanghai;19;8;0.06;0;2015;28.48;22.81;Black;Metal;0;719;326;2897;0.46;420.58;219886.92;2638643.04;82515;15331;17804;0.083;276.07;0.29;94;1568.03;5475;3027;0.52;9;85;33;-60;1.98;32.11;0.16;0.7281192298400924;0.6567887939188928;PRODUCT_226;11;319.78000000000003;115650;15.470514460732186;Popular;0.7394398492663259;185.0;4.556859789172943;0.7435251242438918
1327;Product_1327;Toys;Toys;BrandA;823.53;0.3;576.47;587;4.9;3615;Supplier_25;China;New York;15;2;0.14;1;2021;34.51;53.66;Red;Fabric;2;457;1612;2579;0.18;684.85;164293.95;1971527.4;95799;42842;25267;0.157;100.22;0.11;50;8655.76;7930;1833;0.92;36;3;35;-86;4.7;47.2;0.15;0.7221985818228536;0.5991192885046253;PRODUCT_1327;12;-108.38;163908;6.25231070378974;Standard;0.5061904629206162;454.4;4.5001891083161825;0.7431985729531734
4338;Product_4338;Sports;Beauty;BrandE;406.52;0.16;341.48;816;4.88;3092;Supplier_38;Germany;London;6;5;0.28;0;2016;14.88;7.46;Green;Metal;2;748;600;3474;0.08;285.06;126689.08;1520268.96;82917;17328;11149;0.063;178.79;0.58;84;733.94;4618;53;0.5;46;6;147;-68;4.03;31.59;0.18;0.6631110334066033;0.5379146824850141;PRODUCT_4338;12;56.420000000000016;111394;2.7467449082125253;Popular;0.4682982235756125;262.3;4.641291606287237;0.742843071100282
8601;Product_8601;Home;Electronics;BrandA;986.2;0.3;690.34;753;4.56;891;Supplier_44;USA;London;12;8;0.29;0;2014;34.91;15.95;Blue;Fabric;5;928;1471;3052;0.41;680.19;231263.9;2775166.8;50760;8274;28503;0.151;234.96;0.16;77;3029.75;3023;2967;1.07;50;2;76;13;1.97;37.29;0.16;0.6613961770958376;0.643283786516488;PRODUCT_8601;12;10.149999999999975;87537;14.70638420249739;Popular;0.7224802691520698;417.8;4.590243968338775;0.7418765933854012
8486;Product_8486;Clothing;Toys;BrandB;794.55;0.24;603.86;60;4.76;2007;Supplier_27;China;Shanghai;4;10;0.29;0;2013;39.03;13.19;Blue;Metal;1;890;619;7332;0.42;546.57;138283.94;1659407.28;43286;10748;1410;0.194;118.84;0.11;71;5923.47;520;418;0.61;40;2;6;-85;4.64;47.05;0.14;0.5840173991452953;0.5225457759682902;PRODUCT_8486;12;57.28999999999997;55444;16.213630445403172;Popular;0.7541245894576682;269.3;4.670598169269523;0.7418063009526175
5424;Product_5424;Home;Sports;BrandC;438.59;0.34;289.47;160;4.9;4068;Supplier_37;UK;Berlin;20;6;0.27;1;2015;24.68;49.6;White;Fabric;2;702;2009;9173;0.32;257.5;53551.95;642623.4;84640;11090;22179;0.09;172.93;0.73;57;6708.07;6777;3984;1.21;54;7;0;24;2.17;9.18;0.19;0.606466429089893;0.4387168549551142;PRODUCT_5424;12;31.970000000000027;117909;11.203891570931448;Popular;0.6189513983879804;613.2;4.608347860694021;0.7416645956424435
9501;Product_9501;Toys;Electronics;BrandD;663.44;0.26;490.95;731;4.72;3971;Supplier_37;China;London;10;13;0.11;0;2010;9.94;38.81;Green;Wood;1;694;2079;4577;0.12;468.08;15710.4;188524.8;94237;18401;11637;0.065;31.84;0.67;62;3140.48;4424;1677;0.68;34;31;92;41;1.55;14.56;0.23;0.5793439859602323;0.3804331687734543;PRODUCT_9501;12;22.870000000000005;124275;3.9473923278342102;Standard;0.4006656660117892;535.5;4.544617339645742;0.7415526779625626
9850;Product_9850;Beauty;Home;BrandD;265.76;0.18;217.92;828;4.94;1538;Supplier_39;India;Mumbai;2;13;0.23;0;2024;29.24;56.07;Blue;Fabric;5;971;601;1675;0.15;237.86;26586.24;319034.88;46010;22956;17587;0.175;250.75;0.22;98;8379.35;4932;1229;1.31;7;66;181;38;1.83;26.79;0.19;0.509649279612571;0.3806679138475503;PRODUCT_9850;12;-19.940000000000023;86553;5.989683115048592;Popular;0.5541151952321102;397.8;4.827529324609649;0.7410775597557664
8861;Product_8861;Beauty;Sports;BrandC;570.98;0.25;428.24;734;4.99;2399;Supplier_46;USA;London;13;14;0.11;1;2018;32.14;94.86;Green;Wood;1;613;545;8123;0.2;378.82;123333.12;1479997.44;75129;40239;6313;0.024;17.0;0.86;73;897.34;7393;4003;0.97;8;75;195;-34;2.91;11.12;0.23;0.6535019465922219;0.5356232261639383;PRODUCT_8861;12;49.420000000000016;121681;6.560926656809829;Standard;0.5531795600176037;250.4;4.671117725281937;0.7409141990023983
1630;Product_1630;Clothing;Electronics;BrandB;511.64;0.01;506.52;678;4.94;3365;Supplier_9;USA;Mumbai;18;13;0.24;1;2019;24.51;54.56;Black;Wood;3;755;492;8001;0.09;316.66;92186.64;1106239.68;62285;11353;1523;0.144;273.22;0.59;81;561.65;9815;77;0.9;21;97;102;-39;3.56;41.78;0.15;0.5975380573163288;0.4814854433694951;PRODUCT_1630;12;189.86;75161;3.3711703120517367;Popular;0.4830768078256167;268.3;4.663671555689763;0.7396357760563105
5334;Product_5334;Sports;Home;BrandA;673.78;0.12;592.93;869;4.95;4348;Supplier_5;Germany;Berlin;16;5;0.23;0;2017;48.59;72.01;Green;Fabric;3;505;954;9626;0.46;495.82;51584.91;619018.92;90667;19475;28749;0.133;21.28;0.38;89;5957.4;2666;4755;0.62;22;36;135;5;1.89;41.44;0.1;0.6208630405083744;0.4428034146319844;PRODUCT_5334;12;97.10999999999996;138891;16.063474587431248;Standard;0.6973745645545795;340.1;4.513574068599542;0.7395849166971804
421;Product_421;Sports;Sports;BrandB;139.03;0.13;120.96;406;4.83;4043;Supplier_35;China;London;7;12;0.01;0;2025;47.81;1.03;Blue;Metal;2;950;368;3390;0.17;121.44;41247.36;494968.32;75509;44098;14093;0.156;150.33;0.4;53;314.38;2239;4941;0.67;26;43;128;99;2.64;37.15;0.14;0.5722227757660272;0.4116790917759454;PRODUCT_421;11;-0.480000000000004;133700;6.509094745049959;Popular;0.5403714114690805;347.3;4.791807595644175;0.7384476350195232
4788;Product_4788;Toys;Sports;BrandB;930.81;0.04;893.58;936;4.81;4544;Supplier_24;India;New York;14;12;0.21;1;2014;35.19;4.88;Black;Plastic;5;638;2149;8461;0.12;716.71;279690.54;3356286.48;66299;24201;22413;0.091;64.3;0.84;84;2667.62;9338;2550;0.99;15;76;29;-71;2.42;3.77;0.16;0.7533266786449333;0.735823070585259;PRODUCT_4788;12;176.87;112913;4.067964624513784;Standard;0.5182548452108107;554.6;4.580967407778556;0.7379977264265727
6113;Product_6113;Electronics;Toys;BrandA;440.62;0.02;431.81;217;4.89;731;Supplier_42;Germany;Berlin;5;6;0.28;0;2011;6.02;72.83;Red;Wood;1;625;1435;2232;0.17;240.52;104498.02;1253976.24;97312;31979;3561;0.022;118.61;0.37;57;8157.83;9477;3956;0.86;46;49;143;-30;4.0;15.49;0.21;0.673987207966246;0.5163925618212177;PRODUCT_6113;12;191.29;132852;5.4707986666924135;Standard;0.4994246305533925;443.2;4.597464827821822;0.7375265483959855
6425;Product_6425;Clothing;Sports;BrandC;680.81;0.12;599.11;645;4.53;222;Supplier_23;China;Shanghai;3;4;0.01;1;2019;7.15;63.17;Green;Metal;1;823;1494;5498;0.44;495.03;194111.64;2329339.68;96714;29947;16040;0.104;297.46;0.68;93;2201.83;6320;516;1.46;32;61;91;48;4.91;42.9;0.14;0.7195800583664178;0.617374283406956;PRODUCT_6425;12;104.08000000000004;142701;14.77448390903798;Popular;0.6869327343512958;438.0;4.559597198460057;0.7370900119167861
8452;Product_8452;Beauty;Beauty;BrandC;541.21;0.12;476.26;829;4.94;3858;Supplier_24;Germany;Berlin;8;9;0.1;1;2020;8.72;41.36;Red;Wood;0;590;126;7481;0.19;413.92;131924.02;1583088.24;87239;19435;22833;0.044;65.14;0.86;67;4460.53;2639;423;1.23;57;82;153;39;2.38;5.73;0.13;0.6809719986653917;0.5516141854486949;PRODUCT_8452;12;62.339999999999975;129507;6.2535313045506085;Standard;0.5323800568163506;159.6;4.573282167574092;0.7370811077425087
84;Product_84;Clothing;Electronics;BrandB;953.38;0.46;514.83;867;4.82;1109;Supplier_27;China;Shanghai;7;3;0.05;1;2020;31.72;69.79;Green;Metal;0;772;2239;8760;0.46;733.45;160112.13;1921345.56;39003;2619;14136;0.188;89.82;0.21;59;5196.69;593;4048;0.81;45;75;65;97;2.43;6.75;0.17;0.5986621780332221;0.5541123559593859;PRODUCT_84;10;-218.62;55758;17.5170584633553;Premium;0.7832487676709622;600.7;4.60154135560911;0.736793426200537
4544;Product_4544;Electronics;Home;BrandA;465.81;0.42;270.17;130;4.73;4331;Supplier_49;USA;London;4;13;0.16;1;2019;48.42;31.5;Green;Plastic;2;843;1533;7816;0.36;418.76;3512.21;42146.52;80717;9647;28390;0.052;247.48;0.3;88;6268.37;6443;759;0.92;20;26;97;-23;4.43;5.34;0.18;0.5428107640692041;0.3560292900097289;PRODUCT_4544;12;-148.58999999999995;118754;12.070359823323496;Popular;0.6067394734337901;456.9;4.611164264808166;0.7362347488827021
7206;Product_7206;Electronics;Home;BrandA;276.05;0.15;234.64;380;4.92;3901;Supplier_44;UK;London;20;2;0.18;1;2015;48.34;36.31;Red;Wood;5;977;2370;8588;0.2;180.23;47631.92;571583.04;44569;31082;2474;0.192;90.84;0.29;69;4763.27;1371;1653;1.24;35;35;116;-100;4.87;42.28;0.22;0.5229188645554793;0.4077338531008583;PRODUCT_7206;12;54.41;78125;8.076207086254598;Popular;0.601845503312183;781.0;4.861681980603396;0.7359508627219911
615;Product_615;Toys;Home;BrandB;763.89;0.14;656.95;620;4.95;729;Supplier_14;Germany;Berlin;4;4;0.07;0;2012;40.86;77.85;Green;Plastic;1;806;2533;6250;0.3;595.11;190515.5;2286186.0;28500;14076;15467;0.157;161.4;0.88;80;951.34;1637;3777;1.44;12;52;0;61;2.38;47.23;0.07;0.6136982493596317;0.5983284264766598;PRODUCT_615;11;61.84000000000003;58043;11.500100594019672;Popular;0.7065903679294447;706.5;4.756108414676401;0.7349986067405655
9645;Product_9645;Electronics;Home;BrandD;832.47;0.44;466.18;592;4.68;92;Supplier_44;Germany;Shanghai;5;7;0.19;1;2011;13.95;57.71;Black;Fabric;5;657;49;1139;0.08;684.23;101627.24;1219526.88;89106;36845;6204;0.02;154.6;0.53;65;5902.37;4790;956;1.14;29;42;120;-88;1.01;19.15;0.19;0.6383512447455514;0.4940436807728864;PRODUCT_9645;12;-218.05;132155;2.4781494928139627;Standard;0.3855410635826408;73.0;4.550381229594747;0.7346263516375023
8040;Product_8040;Home;Sports;BrandA;916.91;0.18;751.87;460;4.45;816;Supplier_11;USA;Berlin;13;1;0.14;1;2013;38.68;16.31;Black;Metal;5;758;1352;9385;0.11;566.02;102254.32;1227051.84;98453;40138;28457;0.122;211.31;0.36;52;8244.01;7044;3192;1.01;15;31;97;-90;2.16;35.45;0.21;0.6391769908358701;0.4858030872725859;PRODUCT_8040;12;185.85;167048;3.642421384179451;Standard;0.3725398724084462;356.5;4.514338094278212;0.7333781076142685
8183;Product_8183;Toys;Toys;BrandB;149.05;0.0;149.05;375;4.98;3900;Supplier_23;Germany;Shanghai;1;2;0.08;1;2012;19.42;25.76;White;Plastic;1;829;875;5487;0.16;113.01;1341.45;16097.4;70450;43917;14683;0.105;194.18;0.53;74;7724.99;1102;2373;0.9;6;5;39;9;3.63;4.49;0.22;0.5404426488676594;0.3628552267601326;PRODUCT_8183;12;36.040000000000006;129050;5.917973358220933;Popular;0.5269385228061081;416.0;4.805245936810225;0.7330078233921475
9188;Product_9188;Home;Beauty;BrandE;501.72;0.02;491.69;753;4.95;4865;Supplier_19;USA;New York;11;7;0.04;1;2018;38.72;43.7;Blue;Wood;1;924;2657;8396;0.3;418.22;183400.37;2200804.44;28916;7921;5009;0.057;156.15;0.35;81;4109.03;6478;2071;0.88;47;13;125;-68;3.66;47.39;0.14;0.6085287666794766;0.5887025119297996;PRODUCT_9188;12;73.46999999999997;41846;10.72035159111769;Popular;0.7153866265870071;721.2;4.766703772498399;0.7329830731872299
9008;Product_9008;Home;Home;BrandB;759.62;0.25;569.72;937;4.4;2435;Supplier_7;USA;London;15;7;0.27;0;2013;45.46;6.44;Black;Metal;4;992;1102;3650;0.44;649.15;242131.0;2905572.0;78137;48915;272;0.193;111.96;0.87;98;9211.4;4017;1063;1.4;19;84;42;-25;1.74;37.97;0.15;0.7125247831665862;0.664555606156576;PRODUCT_9008;12;-79.42999999999995;127324;15.938258776750608;Standard;0.7248329923296959;351.4;4.645495434411343;0.7327682319042343
6044;Product_6044;Clothing;Toys;BrandE;878.26;0.38;544.52;367;4.9;380;Supplier_2;India;New York;3;1;0.04;1;2014;46.34;95.85;Green;Fabric;3;579;64;7081;0.19;727.98;23414.36;280972.32;64596;15643;26356;0.084;138.16;0.25;54;7575.04;6254;2453;1.08;60;95;111;-2;4.49;14.83;0.13;0.5409513775447363;0.3848587281548349;PRODUCT_6044;12;-183.46000000000004;106595;6.421593414205452;Standard;0.479829518290388;102.8;4.553644580941854;0.7323106544499883
656;Product_656;Home;Clothing;BrandD;811.0;0.25;608.25;588;4.45;1463;Supplier_20;UK;London;6;7;0.28;1;2025;7.34;66.39;Red;Plastic;4;911;2911;8424;0.06;451.09;202547.25;2430567.0;79971;27705;1975;0.018;278.24;0.75;65;9524.42;8355;847;0.79;21;41;49;-57;1.64;27.51;0.21;0.6868044662276291;0.6139153084345857;PRODUCT_656;11;157.16000000000005;109651;1.852531843142144;Standard;0.4040653273468143;682.7;4.575543612790809;0.731897158506114
8833;Product_8833;Sports;Toys;BrandD;786.8;0.03;763.2;822;4.92;4525;Supplier_30;USA;New York;6;13;0.04;1;2019;42.49;2.66;White;Plastic;2;516;2766;9922;0.18;422.55;364809.6;4377715.2;79767;26455;19554;0.187;49.45;0.17;58;6832.15;4459;1572;1.17;27;43;103;-59;2.36;18.55;0.12;0.8608645910593982;0.8690873659628559;PRODUCT_8833;12;340.65000000000003;125776;6.567987655591957;Standard;0.6070784237382442;742.6;4.533547837932548;0.7314425902244763
9582;Product_9582;Sports;Home;BrandD;119.99;0.19;97.19;332;4.89;1411;Supplier_12;China;Mumbai;20;1;0.24;0;2023;28.27;33.44;Black;Plastic;0;768;932;3801;0.2;101.29;45582.11;546985.32;96090;6035;19005;0.03;287.94;0.46;80;296.12;1873;3981;1.15;17;10;173;8;3.47;24.82;0.1;0.6218473097806623;0.4338860259821689;PRODUCT_9582;12;-4.1000000000000085;121130;6.693865937221815;Popular;0.5303123574089086;387.2;4.626597528399615;0.7311153151697962
6617;Product_6617;Clothing;Beauty;BrandE;547.14;0.49;279.04;267;4.46;4349;Supplier_45;China;Berlin;15;2;0.28;0;2012;13.72;29.44;Blue;Wood;3;972;2983;2778;0.38;294.42;114685.44;1376225.28;89189;11824;28185;0.113;87.8;0.45;69;4798.25;4471;1779;1.43;56;99;67;-4;4.72;3.3;0.14;0.6319318528040356;0.4981378138751852;PRODUCT_6617;12;-15.379999999999995;129198;12.978553810990082;Standard;0.6267153460659208;773.4;4.562668113359664;0.7303882012164574
1714;Product_1714;Toys;Home;BrandA;739.41;0.05;702.44;627;4.89;3443;Supplier_35;UK;New York;15;10;0.07;1;2019;7.66;34.78;Black;Fabric;1;893;2827;4981;0.26;428.43;191766.12;2301193.44;21981;44668;29728;0.028;40.95;0.75;71;9840.64;3905;3447;1.38;31;91;116;-17;2.47;26.2;0.1;0.5969131905178303;0.5923122565692426;PRODUCT_1714;12;274.01000000000005;96377;8.88198201158716;Popular;0.6601074865676837;721.7;5.080706039654046;0.7300384350914604
9592;Product_9592;Beauty;Sports;BrandE;685.33;0.39;418.05;729;4.86;4027;Supplier_30;USA;New York;17;13;0.22;0;2015;28.04;15.01;Red;Metal;4;553;2251;4281;0.12;482.1;109947.15;1319365.8;90130;34138;27223;0.166;47.98;0.81;86;8376.52;7374;3067;0.51;27;17;11;-72;2.38;26.87;0.13;0.6618173906321114;0.5177259175104423;PRODUCT_9592;12;-64.05000000000001;151491;4.295742739232645;Standard;0.4503631815933093;631.0;4.546618676207846;0.7299942726051667
9285;Product_9285;Sports;Home;BrandB;273.25;0.2;218.6;822;4.53;4374;Supplier_30;India;London;15;10;0.21;0;2025;38.98;33.26;Black;Fabric;1;998;1800;411;0.44;200.57;78477.4;941728.8;96665;13465;18987;0.084;142.96;0.33;82;7514.78;200;4921;0.58;27;88;82;-3;2.33;30.18;0.18;0.6219446378949511;0.4568485916156608;PRODUCT_9285;12;18.03;129117;14.922933289285693;Popular;0.6786054892517313;603.4;4.602561012478405;0.7295988481482835
4637;Product_4637;Home;Electronics;BrandD;826.69;0.19;669.62;740;4.53;1722;Supplier_30;China;New York;17;12;0.16;1;2020;48.37;28.71;White;Wood;1;858;207;2567;0.35;578.49;152003.74;1824044.88;74258;15478;14517;0.191;209.81;0.1;97;9088.85;2373;4483;0.53;22;53;1;84;4.91;39.87;0.07;0.6391433344610438;0.5454543671957727;PRODUCT_4637;12;91.13;104253;12.75712450633499;Popular;0.6262222951350344;143.9;4.555994659746866;0.7287074144748302
7345;Product_7345;Toys;Home;BrandB;415.22;0.06;390.31;361;4.47;2040;Supplier_48;USA;Mumbai;19;5;0.23;0;2011;33.3;30.34;Blue;Metal;4;972;2760;3118;0.25;368.96;148708.11;1784497.32;97850;6228;15575;0.134;88.45;0.78;84;4368.93;3721;1822;1.2;36;80;22;18;3.94;10.45;0.12;0.6787545513744945;0.5511974714317756;PRODUCT_7345;12;21.350000000000023;119653;8.719132326229802;Standard;0.5481318932262023;713.5;4.552883321172818;0.7286273994413566
1692;Product_1692;Electronics;Beauty;BrandE;641.64;0.2;513.31;335;4.69;4032;Supplier_9;China;Shanghai;1;6;0.14;0;2012;31.84;71.4;Green;Metal;0;754;2349;2178;0.18;322.99;26178.81;314145.72;83524;11765;2462;0.164;180.47;0.26;56;8760.93;6135;4807;0.86;4;61;96;-45;1.05;47.52;0.23;0.5643448685625754;0.3866141920007869;PRODUCT_1692;12;190.31999999999996;97751;6.511736244238255;Popular;0.4620927748932744;631.8;4.554858643208063;0.7282271563151903
9427;Product_9427;Toys;Toys;BrandB;158.46;0.11;141.03;853;4.86;2060;Supplier_46;USA;Mumbai;13;5;0.29;1;2020;34.71;48.55;Black;Wood;1;973;223;4319;0.43;141.52;13256.82;159081.84;60263;197;22749;0.169;169.61;0.26;74;6074.6;1007;2903;1.37;5;71;173;-17;2.7;36.23;0.09;0.5205161991067891;0.3656002272893304;PRODUCT_9427;12;-0.4900000000000091;83209;16.81112403720969;Popular;0.7580667435065667;342.6;4.697218322296667;0.7281597764493862
6157;Product_6157;Home;Home;BrandD;936.29;0.02;917.56;589;4.9;4369;Supplier_43;China;New York;7;13;0.05;0;2018;14.36;7.41;Green;Fabric;5;588;830;3674;0.32;816.67;114695.0;1376340.0;55630;6974;7643;0.153;239.91;0.87;61;8733.63;9472;3219;0.84;19;39;78;-94;2.17;44.07;0.08;0.6000118474473981;0.5061726620582527;PRODUCT_6157;12;100.89;70247;11.531582211128438;Premium;0.6253175405475465;295.4;4.536443275905358;0.7271846199670156
6403;Product_6403;Sports;Beauty;BrandD;701.17;0.11;624.04;935;4.83;3025;Supplier_37;China;London;3;1;0.24;1;2020;11.26;93.41;Blue;Metal;4;852;1844;5129;0.3;539.25;155385.96;1864631.52;39802;36857;10440;0.043;135.84;0.35;54;2507.7;8084;3721;0.92;4;67;117;-42;2.57;33.82;0.21;0.5970738964669754;0.5486720689495169;PRODUCT_6403;12;84.78999999999996;87099;10.199447545441007;Popular;0.6515807814473266;508.7;4.816705567652519;0.7269454051270775
1996;Product_1996;Electronics;Sports;BrandA;183.69;0.04;176.34;282;4.69;818;Supplier_31;Germany;Mumbai;6;4;0.12;1;2020;43.59;9.38;Black;Fabric;5;943;480;23;0.18;137.9;5290.2;63482.4;88182;20119;27849;0.116;25.39;0.37;76;8122.42;4931;2937;0.68;20;71;75;-72;4.87;2.08;0.14;0.5560427373066675;0.3604167499963134;PRODUCT_1996;12;38.44;136150;6.453690184557397;Popular;0.4907894810537905;298.0;4.661681094023917;0.7266284705985914
4966;Product_4966;Home;Beauty;BrandA;411.47;0.22;320.95;519;4.98;78;Supplier_10;UK;New York;16;12;0.22;0;2023;32.71;39.52;Red;Metal;4;700;580;854;0.38;348.34;64831.9;777982.8;67582;18100;15711;0.022;197.09;0.22;63;6039.44;2678;2547;0.77;35;7;21;74;4.3;48.85;0.11;0.5882599413655987;0.4492566962292615;PRODUCT_4966;12;-27.389999999999983;101393;12.672765175783592;Standard;0.6791795378327441;271.2;4.666567713424117;0.7262722308270696
3414;Product_3414;Beauty;Home;BrandB;667.4;0.46;360.4;378;4.42;1381;Supplier_25;Germany;Mumbai;5;7;0.29;0;2010;31.48;32.25;Black;Fabric;4;878;294;3361;0.26;407.0;22705.2;272462.4;99024;30735;1430;0.047;125.65;0.29;82;315.69;9600;3598;0.57;49;41;66;-5;3.12;17.27;0.16;0.5708195314983011;0.3738143378222724;PRODUCT_3414;12;-46.60000000000002;131189;8.156318045827536;Standard;0.4604905277239257;141.7;4.54158981947155;0.7254187434317816
6580;Product_6580;Beauty;Electronics;BrandD;660.16;0.35;429.1;249;4.72;951;Supplier_22;UK;London;7;7;0.12;1;2025;1.56;34.45;Green;Fabric;2;672;105;1768;0.38;582.34;143319.4;1719832.8;89934;27484;29107;0.157;133.06;0.48;77;4591.64;6386;4962;1.3;32;20;19;-18;2.2;1.6;0.23;0.6783748028595785;0.5549678175689399;PRODUCT_6580;12;-153.24;146525;13.513142651701155;Standard;0.6518557661315426;157.9;4.553818509023367;0.7246238989235967
8210;Product_8210;Electronics;Toys;BrandB;157.94;0.12;138.99;246;4.79;2300;Supplier_6;USA;Shanghai;1;13;0.18;1;2011;26.12;85.54;Blue;Plastic;3;870;345;7084;0.49;87.65;1667.88;20014.56;86600;21082;25596;0.053;98.51;0.75;82;4765.09;8171;3077;1.19;29;71;135;-66;3.48;36.46;0.13;0.5578228380859034;0.3608397539198427;PRODUCT_8210;12;51.34;133278;16.731145098115647;Popular;0.7272948467009102;249.4;4.6725450124500085;0.7238283110411694
9214;Product_9214;Home;Electronics;BrandB;979.09;0.24;744.11;450;4.25;1760;Supplier_24;USA;London;19;3;0.09;0;2020;46.99;48.23;Red;Fabric;2;961;322;3327;0.46;754.05;264903.16;3178837.92;83257;48018;4831;0.17;251.57;0.44;82;8688.64;8065;590;0.68;60;78;5;-82;1.6;5.14;0.15;0.7299746214549798;0.689635029942899;PRODUCT_9214;12;-9.93999999999994;136106;15.711840203730205;Standard;0.6906926529958131;152.3;4.562954639821636;0.723763576645396
5418;Product_5418;Toys;Toys;BrandE;656.74;0.06;617.34;425;4.44;8;Supplier_14;UK;Mumbai;6;4;0.08;0;2018;15.64;53.73;White;Plastic;5;931;1134;5491;0.44;405.51;157421.7;1889060.4;86397;22097;18048;0.188;26.72;0.38;91;9009.86;7930;2487;1.02;25;28;198;32;1.32;2.14;0.19;0.6607950224218823;0.5544987991642701;PRODUCT_5418;12;211.83000000000004;126542;15.86860710348249;Standard;0.6882064940416516;358.3;4.562085364956612;0.7228145469784018
9969;Product_9969;Beauty;Sports;BrandA;644.22;0.33;431.63;95;4.59;640;Supplier_3;China;Mumbai;9;8;0.09;1;2013;27.73;17.91;Red;Plastic;5;770;1518;2439;0.49;524.77;192506.98;2310083.76;92454;34315;15536;0.142;93.97;0.3;85;9786.08;2324;2005;1.21;8;31;151;65;3.77;22.34;0.07;0.7145052505147742;0.6164306879012741;PRODUCT_9969;12;-93.14;142305;17.074402781760625;Popular;0.737400396300214;443.2;4.569306859149087;0.7219536319356415
5154;Product_5154;Beauty;Beauty;BrandC;454.27;0.2;363.42;3;4.93;794;Supplier_12;UK;Berlin;13;2;0.08;0;2024;33.91;91.11;White;Fabric;1;558;1883;3735;0.42;253.16;68322.96;819875.52;93864;44073;9613;0.165;145.02;0.78;100;6261.11;9128;3424;0.53;56;59;48;-63;1.24;35.71;0.11;0.6397765339739256;0.466673731342595;PRODUCT_5154;12;110.26000000000002;147550;15.260247740468914;Standard;0.6882733627642303;618.2;4.5963679968815745;0.7215295123045607
3482;Product_3482;Clothing;Clothing;BrandE;115.41;0.24;87.71;737;4.93;2463;Supplier_33;USA;London;10;12;0.05;1;2018;10.98;35.38;Blue;Plastic;3;780;2813;1929;0.34;64.69;33505.22;402062.64;83549;46980;19693;0.134;211.03;0.22;59;1404.66;9992;2895;0.74;60;90;55;-50;4.94;1.84;0.06;0.5897746981043173;0.4121579955060844;PRODUCT_3482;12;23.02;150222;12.660493179026894;Popular;0.6611240297883725;858.5;4.748691010994534;0.7214055287180858
3146;Product_3146;Home;Beauty;BrandB;843.68;0.07;784.62;83;4.22;3015;Supplier_27;China;London;20;12;0.28;0;2019;12.2;7.03;Blue;Plastic;3;972;711;9624;0.31;680.75;249509.16;2994109.92;95958;34803;26859;0.045;298.16;0.36;62;4217.47;8544;2031;0.95;28;90;158;-38;4.97;21.06;0.11;0.7399956034004032;0.6739704387351388;PRODUCT_3146;12;103.87;157620;9.405959786849936;Standard;0.5487146106321182;211.2;4.512691618243001;0.721285447485386
9619;Product_9619;Sports;Electronics;BrandA;442.08;0.06;415.56;696;4.48;3971;Supplier_31;UK;Berlin;20;10;0.11;0;2023;8.04;52.0;Black;Metal;3;936;1892;6981;0.38;256.74;203208.84;2438506.08;96684;4208;25714;0.134;284.04;0.38;80;5265.86;6909;1932;1.01;9;66;7;29;3.42;11.11;0.13;0.7231935316118842;0.626782876648714;PRODUCT_9619;12;158.82;126606;13.209947878320172;Standard;0.6630726494519584;537.0;4.537777958958833;0.7212241296935575
3539;Product_3539;Clothing;Home;BrandB;743.74;0.37;468.56;492;4.46;545;Supplier_20;Germany;Mumbai;12;14;0.27;0;2011;43.51;80.33;Black;Wood;0;825;2129;2391;0.22;456.84;115265.76;1383189.12;93683;20319;1643;0.026;115.51;0.38;72;5372.36;77;3041;0.7;58;56;131;-34;1.83;19.12;0.2;0.6414107007465362;0.5016400822921342;PRODUCT_3539;12;11.720000000000027;115645;6.761671184365032;Standard;0.4661373295283086;532.2;4.5140161103626735;0.7210811358689079
3874;Product_3874;Clothing;Electronics;BrandD;990.6502;0.0;997.95;811;4.84;3626;Supplier_39;India;Berlin;2;1;0.12;0;2010;41.01;91.71;Black;Wood;0;869;1287;4165;0.35;593.97;357266.1;4287193.2;7679;36899;26578;0.032;269.03;0.35;73;8310.09;5713;2321;1.01;3;43;142;-45;3.77;43.88;0.17;0.7039040241013976;0.8102379624749535;PRODUCT_3874;12;403.98;71156;11.832733980549827;Premium;0.7734934637380851;358.9;5.604433877965872;0.7200203498028905
2633;Product_2633;Sports;Clothing;BrandE;955.33;0.32;649.62;964;4.77;4788;Supplier_40;China;Mumbai;3;2;0.29;0;2025;31.17;93.78;Red;Wood;4;483;2120;9390;0.29;536.23;256599.9;3079198.8;88265;38427;9187;0.137;116.32;0.35;83;6854.85;8557;1946;0.94;34;80;127;-74;2.56;35.35;0.22;0.7745883297040048;0.7143956457853995;PRODUCT_2633;12;113.39;135879;9.723257944511287;Premium;0.5929510402171975;543.2;4.467905848485101;0.7199548965604613
3946;Product_3946;Electronics;Home;BrandD;877.57;0.4;526.54;861;4.7;4052;Supplier_14;USA;Shanghai;16;11;0.29;0;2010;1.04;10.73;White;Wood;3;553;1098;1877;0.35;499.51;161647.78;1939773.36;92876;37401;15368;0.059;285.45;0.58;96;8904.78;1191;3440;1.05;20;15;32;23;4.8;4.78;0.17;0.6981196621279454;0.5808924338346486;PRODUCT_3946;12;27.029999999999973;145645;11.00484832837154;Premium;0.5848896194127047;306.5;4.487405518955772;0.7194476329876784
8969;Product_8969;Beauty;Home;BrandD;875.48;0.39;534.04;602;4.53;1098;Supplier_15;India;New York;10;4;0.28;1;2024;48.9;81.61;Black;Plastic;2;807;670;2261;0.3;606.94;56074.2;672890.4;74358;22905;16087;0.111;156.17;0.69;81;3468.32;1157;1029;1.45;40;93;143;-8;4.19;44.83;0.24;0.5584268602515798;0.4123675243638597;PRODUCT_8969;12;-72.90000000000009;113350;10.107777829496015;Popular;0.5261947377260652;229.0;4.551432182401419;0.7192656862441319
4596;Product_4596;Sports;Clothing;BrandE;914.12;0.17;758.72;651;4.81;32;Supplier_44;Germany;Berlin;3;11;0.06;1;2022;31.05;29.54;Green;Wood;5;459;54;6305;0.34;554.68;356598.4;4279180.8;89509;49663;25632;0.119;247.33;0.13;69;2034.26;981;2022;1.28;48;15;17;-49;2.99;27.5;0.14;0.8646253722712413;0.8564965839947056;PRODUCT_4596;12;204.04000000000008;164804;11.220221729207914;Premium;0.6719090243026188;109.5;4.487458207988679;0.7192267590125966
3735;Product_3735;Sports;Home;BrandD;658.79;0.5;329.39;467;4.75;764;Supplier_41;UK;Shanghai;6;10;0.25;0;2017;9.19;57.44;Green;Fabric;1;811;2646;7880;0.16;512.57;108698.7;1304384.4;58359;5837;22481;0.185;12.27;0.8;86;3406.66;3859;4434;0.81;33;37;0;-39;3.68;18.58;0.13;0.5884127911441842;0.4898876526850945;PRODUCT_3735;12;-183.1800000000001;86677;6.033570006349607;Popular;0.5094185788897528;696.2;4.599803905834544;0.7185765057632703
9055;Product_9055;Home;Clothing;BrandC;734.17;0.38;455.19;317;4.85;3160;Supplier_16;Germany;Mumbai;17;7;0.22;1;2023;28.31;96.7;White;Metal;0;557;980;8810;0.38;512.17;191634.99;2299619.88;80979;11482;17047;0.186;166.28;0.54;82;6904.71;7531;3709;1.06;5;87;24;26;1.71;42.53;0.11;0.7116162845039498;0.6249743633246584;PRODUCT_9055;12;-56.97999999999996;109508;13.823771171255144;Standard;0.68552295344699;370.0;4.498101554302603;0.7181643219059168
6587;Product_6587;Toys;Electronics;BrandC;841.42;0.47;445.95;755;4.35;4112;Supplier_43;China;Shanghai;19;11;0.13;1;2017;0.87;68.38;Green;Fabric;4;911;551;6081;0.22;510.56;200677.5;2408130.0;85635;44549;22381;0.2;97.9;0.87;85;7895.92;9537;958;0.79;19;48;78;71;1.81;34.09;0.21;0.6885570327811067;0.6083190705593631;PRODUCT_6587;12;-64.61000000000001;152565;7.827080964601361;Standard;0.505717207205561;194.5;4.570299903310635;0.718131938792607
2413;Product_2413;Electronics;Toys;BrandA;787.86;0.01;779.98;139;4.81;1204;Supplier_24;UK;London;10;3;0.22;1;2023;48.14;93.08;Blue;Metal;4;605;1586;829;0.44;421.23;233994.0;2807928.0;73580;46244;916;0.013;72.65;0.32;61;3579.72;5098;1212;1.47;32;86;141;-35;3.26;6.12;0.12;0.7293458616863215;0.67676712409443;PRODUCT_2413;12;358.75;120740;13.735794572949818;Standard;0.7137314756037331;452.8;4.612449194753902;0.7170057635489188
3123;Product_3123;Clothing;Sports;BrandB;262.15;0.41;154.67;154;4.77;4902;Supplier_39;UK;Shanghai;16;5;0.02;1;2025;25.15;32.37;Green;Fabric;2;884;1270;6126;0.21;161.33;36966.13;443593.56;75047;28678;8853;0.158;108.67;0.43;62;2844.8;843;1243;0.96;45;2;166;2;1.21;46.71;0.14;0.5628874224418596;0.4016196524425472;PRODUCT_3123;12;-6.660000000000025;112578;7.871068600757143;Popular;0.5401978099466189;504.5;4.698661830559037;0.7169667755143165
3628;Product_3628;Home;Sports;BrandC;154.74;0.09;140.81;825;4.94;2530;Supplier_48;USA;London;7;5;0.04;1;2011;19.97;5.19;Red;Fabric;5;899;2470;3199;0.21;99.46;21121.5;253458.0;55020;15802;29653;0.056;139.18;0.8;76;1970.68;5176;4231;0.73;17;33;10;-87;2.17;36.3;0.15;0.5230624784041932;0.3784898565680806;PRODUCT_3628;12;41.35000000000001;100475;7.451985369811108;Popular;0.5734155060836776;720.4;4.754398835900426;0.7152874542000787
5112;Product_5112;Beauty;Beauty;BrandD;673.08;0.15;572.12;517;4.91;1141;Supplier_29;Germany;Berlin;2;8;0.02;0;2010;21.09;65.08;Red;Plastic;5;809;1055;673;0.33;351.75;106414.32;1276971.84;31753;24003;3675;0.049;199.35;0.66;72;2957.69;5779;1229;0.52;55;85;83;-45;1.48;45.66;0.23;0.5460659351116268;0.4809910181122943;PRODUCT_5112;12;220.37;59431;11.382913616477213;Popular;0.6687487322567158;337.7;4.79399941380221;0.7151732818023198
3322;Product_3322;Electronics;Beauty;BrandE;980.79;0.15;833.67;662;4.94;1932;Supplier_9;Germany;Berlin;12;4;0.11;1;2013;30.31;3.8;Black;Wood;1;520;1168;5403;0.38;824.21;410999.31;4931991.72;51297;32305;18462;0.045;267.54;0.28;76;8333.3;6262;2239;1.32;57;18;174;42;1.07;19.72;0.12;0.8444770389366327;0.9173925078969823;PRODUCT_3322;12;9.459999999999924;102064;12.271742207406495;Premium;0.7514328897826631;333.1;4.604252801464589;0.7142549397922038
4431;Product_4431;Clothing;Sports;BrandD;515.45;0.04;494.83;406;4.9;3635;Supplier_3;USA;New York;9;8;0.25;1;2024;26.65;12.61;Green;Fabric;0;846;2741;7149;0.47;276.78;70760.69;849128.28;39482;42953;26644;0.032;112.22;0.63;74;3687.29;8841;3634;0.61;1;44;187;23;3.55;6.47;0.12;0.5306524405861246;0.4355031203471874;PRODUCT_4431;12;218.05;109079;16.022973074176758;Popular;0.7621847943151057;739.4;4.8742629737728835;0.7141033538941706
9970;Product_9970;Clothing;Sports;BrandB;633.38;0.14;544.71;792;4.79;1102;Supplier_27;USA;Mumbai;2;3;0.28;1;2010;19.16;10.59;White;Metal;0;936;129;7850;0.16;376.15;197729.73;2372756.76;30342;24595;17386;0.087;71.13;0.3;100;6300.1;7439;115;1.11;46;78;96;17;1.93;27.48;0.25;0.6106680003265612;0.5992068916136141;PRODUCT_9970;12;168.56000000000006;72323;5.7004806921806805;Popular;0.574558520742228;131.9;4.815191828484322;0.7137693968258352
5649;Product_5649;Clothing;Home;BrandA;493.03;0.49;251.45;157;4.64;1230;Supplier_1;Germany;Berlin;14;3;0.27;1;2012;38.89;66.75;Blue;Wood;5;855;2885;8092;0.16;406.96;59845.1;718141.2;78657;15288;966;0.067;39.47;0.55;91;2770.33;2561;2381;0.98;42;3;30;-18;3.33;28.48;0.16;0.5790069018273969;0.4272211888588695;PRODUCT_5649;12;-155.51;94911;5.348748857573219;Popular;0.460607775096217;738.5;4.5957807237813855;0.7136050395230797
6792;Product_6792;Beauty;Home;BrandB;888.82;0.28;639.95;584;4.95;4363;Supplier_28;USA;London;17;5;0.27;1;2013;16.83;67.26;Green;Wood;0;455;600;1287;0.14;523.65;109431.45;1313177.4;68395;17496;13845;0.042;254.66;0.14;65;5647.65;916;2666;1.1;3;96;142;2;3.14;12.24;0.22;0.6251058765413624;0.5097271874742907;PRODUCT_6792;12;116.30000000000008;99736;4.421088792707196;Standard;0.4596436751654634;202.8;4.480158758428169;0.7134517321518978
9585;Product_9585;Toys;Electronics;BrandC;718.67;0.13;625.24;475;4.47;571;Supplier_20;India;Berlin;11;2;0.15;1;2017;0.57;59.58;White;Wood;4;829;2857;291;0.32;477.49;211956.36;2543476.32;89027;21991;13218;0.118;218.1;0.77;85;3962.52;6459;258;0.7;60;78;84;-5;4.73;3.26;0.2;0.7144557615629136;0.6336892397276875;PRODUCT_9585;12;147.75;124236;10.748817946455423;Standard;0.5913120909497521;714.3;4.525973270420383;0.7119074564106775
5798;Product_5798;Electronics;Home;BrandA;854.64;0.2;683.71;530;4.37;2756;Supplier_16;UK;Berlin;19;5;0.1;1;2012;23.94;81.88;Green;Metal;5;956;2426;2242;0.48;487.53;218787.2;2625446.4;70357;29110;13405;0.116;103.57;0.82;92;2769.48;9435;4944;0.87;19;34;110;-88;4.36;17.54;0.06;0.6748719687925542;0.6255665265749766;PRODUCT_5798;12;196.1800000000001;112872;16.067625617205476;Standard;0.7117171537804494;595.5;4.576270763178962;0.7114101820071154
7125;Product_7125;Electronics;Toys;BrandE;356.89;0.35;231.98;80;4.59;3607;Supplier_14;Germany;Berlin;14;1;0.03;0;2014;28.16;60.51;Black;Wood;3;977;2189;6661;0.23;283.53;31781.26;381375.12;75206;12155;27799;0.054;182.72;0.12;83;5280.11;182;113;1.38;35;49;193;13;2.87;9.39;0.14;0.5444320356969807;0.3829986482410148;PRODUCT_7125;12;-51.54999999999998;115160;7.661560316823168;Popular;0.5125302365483492;587.7;4.622528416587179;0.7112948422364809
6406;Product_6406;Beauty;Beauty;BrandE;830.49;0.07;772.36;97;4.58;864;Supplier_44;China;New York;12;5;0.16;0;2020;1.79;53.68;Black;Wood;3;921;2360;2287;0.37;674.92;98862.08;1186344.96;46180;20465;9949;0.031;155.22;0.47;96;5835.4;8344;599;1.45;2;84;69;27;2.88;40.31;0.14;0.5421539543631051;0.4580462713277048;PRODUCT_6406;12;97.44000000000004;76594;11.926879705450013;Popular;0.6221294837332059;579.9;4.6512495316054006;0.7100100342610655
2109;Product_2109;Sports;Electronics;BrandB;861.48;0.28;620.27;560;4.67;4315;Supplier_27;USA;Shanghai;5;8;0.04;0;2014;11.79;75.32;Green;Plastic;0;831;777;490;0.28;721.86;166232.36;1994788.32;45523;35877;27370;0.073;251.62;0.15;69;6090.58;4649;2166;1.24;8;30;158;25;4.68;44.14;0.09;0.6048665443266037;0.5569196083800119;PRODUCT_2109;12;-101.59000000000005;108770;9.433905380489913;Popular;0.5950105962790305;237.0;4.715154398466744;0.7096518296743828
1332;Product_1332;Clothing;Home;BrandA;980.68;0.29;696.28;451;4.66;4157;Supplier_22;Germany;Berlin;19;9;0.04;0;2015;3.69;44.82;Blue;Metal;5;919;723;3425;0.41;848.09;130204.36;1562452.32;21615;24872;13421;0.052;110.03;0.66;72;6007.21;3489;991;0.81;56;58;152;-3;1.9;6.13;0.2;0.5258537764272095;0.4919270503700674;PRODUCT_1332;12;-151.81000000000006;59908;13.716658047351505;Popular;0.6907796062236218;225.3;4.823885947314019;0.7093849879039065
5962;Product_5962;Home;Clothing;BrandA;821.88;0.44;460.25;313;4.51;4902;Supplier_21;USA;Mumbai;17;3;0.04;0;2011;15.49;86.07;Blue;Metal;2;716;2974;3711;0.36;677.24;162468.25;1949619.0;92231;45446;24508;0.115;286.61;0.75;92;1925.39;9873;1778;0.64;2;82;18;-13;3.39;7.81;0.16;0.6823215345070026;0.5694841594866054;PRODUCT_5962;12;-216.99;162185;11.90295184529926;Popular;0.5859312436121161;728.2;4.532578546711382;0.708291814809448
4953;Product_4953;Beauty;Electronics;BrandE;564.03;0.32;383.54;454;4.95;164;Supplier_24;India;London;19;8;0.23;0;2016;15.71;5.47;Red;Plastic;4;470;1267;41;0.44;458.64;110459.52;1325514.24;90267;16286;20;0.155;289.06;0.36;60;9377.82;8204;3742;1.44;25;34;41;28;3.8;12.9;0.1;0.6697236154979838;0.5242792815112545;PRODUCT_4953;12;-75.09999999999997;106573;15.48309947272676;Standard;0.7002203276644854;484.7;4.478027299334553;0.7080159483962198
2326;Product_2326;Electronics;Electronics;BrandC;438.51;0.32;298.19;157;4.67;1971;Supplier_31;USA;Mumbai;20;10;0.22;0;2013;4.69;60.68;Red;Fabric;5;787;2279;2973;0.42;350.01;115399.53;1384794.36;87725;10269;7017;0.136;71.93;0.85;71;4780.09;6392;3465;1.32;36;52;122;64;3.54;27.79;0.06;0.6464057479858472;0.5116904140806817;PRODUCT_2326;12;-51.81999999999999;105011;14.86064483671607;Popular;0.6808884795754384;646.2;4.559211034176267;0.7079484782383477
7693;Product_7693;Electronics;Beauty;BrandE;442.9;0.15;376.46;929;4.61;2280;Supplier_7;USA;London;2;11;0.25;0;2024;15.71;78.92;White;Fabric;3;846;2470;9978;0.18;381.51;54963.16;659557.92;86047;4177;16700;0.17;128.08;0.89;95;7025.67;3017;3535;0.9;5;97;141;60;1.78;5.97;0.16;0.5872712059647255;0.4229598918072004;PRODUCT_7693;12;-5.050000000000011;106924;6.545287986614062;Popular;0.4721898678241543;699.0;4.55038892546039;0.7077971315775534
9328;Product_9328;Beauty;Sports;BrandA;731.5;0.37;460.85;21;4.96;1923;Supplier_8;India;Berlin;20;12;0.16;0;2010;13.67;71.19;Red;Plastic;0;421;304;8602;0.06;581.13;49771.8;597261.6;82727;48857;12750;0.169;205.53;0.65;84;3221.05;7577;2024;1.48;9;33;25;95;2.58;9.87;0.15;0.6042513010525151;0.4361621665553136;PRODUCT_9328;12;-120.27999999999996;144334;2.10302349672337;Standard;0.3783029312418438;209.2;4.52011833918434;0.7069211640065732
350;Product_350;Beauty;Beauty;BrandC;693.53;0.01;686.59;813;4.65;3023;Supplier_49;India;New York;15;14;0.27;0;2020;37.65;9.98;Black;Fabric;0;688;2954;5697;0.31;469.12;19911.11;238933.32;85975;903;11557;0.17;174.3;0.36;83;2252.75;3904;1145;1.23;39;30;115;-26;3.83;43.22;0.06;0.5607608031244531;0.3768256638806743;PRODUCT_350;11;217.47000000000003;98435;11.02204384183444;Standard;0.5347113913377026;775.2;4.476197119048092;0.7066674950008617
3972;Product_3972;Sports;Clothing;BrandE;972.01;0.09;884.53;589;4.44;3162;Supplier_15;USA;Shanghai;6;7;0.08;1;2023;36.9;89.42;Green;Plastic;0;762;1777;1721;0.37;542.65;284818.66;3417823.92;81306;32835;29855;0.156;261.4;0.49;90;4963.07;8320;4495;0.91;18;65;169;51;1.86;47.84;0.15;0.7580707472845215;0.7282662729131708;PRODUCT_3972;12;341.88;143996;12.604662742825983;Standard;0.6388033140246026;467.6;4.511672159454968;0.7064959355745413
2524;Product_2524;Electronics;Clothing;BrandC;715.27;0.28;514.99;451;4.29;2448;Supplier_35;Germany;London;11;13;0.04;1;2015;19.71;74.56;Red;Metal;0;914;1130;3438;0.14;407.38;58193.87;698326.44;98852;13745;13179;0.141;125.06;0.16;51;8263.74;3892;1734;1.42;43;78;193;-87;2.1;45.31;0.22;0.5900101498118688;0.4146481570995202;PRODUCT_2524;12;107.61;125776;4.672903650502709;Standard;0.3685224819920549;331.5;4.471378876302416;0.7063605401282776
7454;Product_7454;Electronics;Clothing;BrandA;536.53;0.2;429.22;91;4.79;3404;Supplier_8;USA;Shanghai;17;7;0.05;0;2019;46.52;56.0;Green;Fabric;1;850;1528;2673;0.48;367.03;81981.02;983772.24;49456;32048;28299;0.055;171.65;0.76;85;9461.78;9997;4446;0.76;45;49;36;75;2.72;41.87;0.18;0.5512677742474678;0.4500218443881444;PRODUCT_7454;12;62.190000000000055;109803;16.364475058146777;Popular;0.7471232708867728;455.8;4.744166921956687;0.7058170089139941
7303;Product_7303;Beauty;Sports;BrandC;884.88;0.01;876.03;715;4.77;4263;Supplier_36;Germany;London;19;11;0.07;0;2025;18.31;69.78;Red;Metal;3;512;2474;8818;0.37;609.3;394213.5;4730562.0;82085;20119;9848;0.172;297.13;0.66;55;2969.9;979;1741;0.69;49;20;58;41;3.93;35.81;0.07;0.8783034569718899;0.9016899610829314;PRODUCT_7303;12;266.73;112052;12.907778447474294;Premium;0.7144831346746109;635.1;4.4531302564456;0.7057898007943688
5908;Product_5908;Electronics;Clothing;BrandB;506.71;0.13;440.84;432;4.7;616;Supplier_39;India;London;18;5;0.26;1;2018;23.05;28.6;Red;Fabric;3;730;1333;625;0.17;400.17;155616.52;1867398.24;86255;31981;27959;0.029;243.93;0.61;79;1435.21;5810;3904;0.81;23;4;83;-30;2.46;14.43;0.08;0.6797883116667962;0.5685480595759866;PRODUCT_5908;12;40.66999999999996;146195;5.421735508615934;Popular;0.4918903165139763;402.2;4.591919925665606;0.7056048899407625
1758;Product_1758;Home;Sports;BrandC;510.51;0.44;285.89;737;4.52;975;Supplier_25;India;Berlin;6;13;0.3;0;2014;1.03;33.61;Red;Plastic;2;807;787;7979;0.05;364.7;119502.02;1434024.24;99571;40451;22889;0.147;253.58;0.19;63;3086.36;3820;4780;1.24;38;48;177;-100;4.48;18.89;0.16;0.6615617499493387;0.5148931932490658;PRODUCT_1758;12;-78.81;162911;1.735377765933955;Popular;0.3641085367006996;309.1;4.5670753883319595;0.7055013216711313
8223;Product_8223;Toys;Beauty;BrandA;334.16;0.15;284.04;914;4.68;1744;Supplier_5;Germany;Berlin;13;7;0.22;1;2014;34.57;49.85;Red;Metal;0;817;2946;966;0.3;219.47;62488.8;749865.6;88497;17161;23739;0.113;46.64;0.17;84;5746.87;2375;4313;0.99;22;88;146;2;4.62;48.97;0.16;0.6041198134902332;0.4393554378784876;PRODUCT_8223;12;64.57000000000002;129397;10.480491844016957;Popular;0.574352618936825;790.8;4.593528170231005;0.7054538098530179
7940;Product_7940;Beauty;Home;BrandB;253.49;0.18;207.86;943;4.63;2663;Supplier_45;India;Mumbai;9;7;0.21;0;2014;20.29;80.8;White;Wood;1;964;2966;7040;0.05;157.55;83559.72;1002716.64;76999;6663;22253;0.058;107.58;0.75;86;4223.78;799;281;1.02;16;8;81;46;2.99;44.28;0.06;0.5948936708039916;0.4585013041046704;PRODUCT_7940;12;50.31;105915;1.6831697194766542;Popular;0.4083236649842613;801.4;4.618157958804663;0.7050429094644708
3791;Product_3791;Electronics;Beauty;BrandC;866.93;0.01;858.26;730;4.86;3416;Supplier_12;USA;London;5;12;0.03;0;2010;8.43;36.82;Black;Fabric;3;431;387;9151;0.4;770.86;275501.46;3306017.52;83414;7498;20236;0.123;284.06;0.16;91;9735.91;3861;3769;1.25;51;73;94;-56;4.05;49.29;0.11;0.7880283276765466;0.743479314401474;PRODUCT_3791;12;87.39999999999998;111148;13.248052722802775;Premium;0.6915027602054242;181.7;4.389348032789672;0.7043354529832954
5433;Product_5433;Sports;Electronics;BrandA;766.43;0.16;643.8;878;4.54;3825;Supplier_4;UK;Berlin;9;3;0.0;0;2013;24.95;64.72;Red;Plastic;5;973;722;4491;0.08;498.77;191852.4;2302228.8;45451;40076;26133;0.079;253.47;0.29;66;5218.8;3075;3383;1.35;24;46;59;-91;3.67;33.38;0.1;0.6159330096976774;0.5841161228133929;PRODUCT_5433;12;145.02999999999997;111660;2.6967755437361234;Popular;0.4524398258129798;241.5;4.744912676613116;0.7038397001866549
779;Product_779;Home;Home;BrandD;237.65;0.32;161.6;894;4.5;1397;Supplier_35;USA;Mumbai;15;10;0.12;0;2012;28.02;85.55;Green;Wood;5;958;562;42;0.14;185.47;59792.0;717504.0;98307;46469;9686;0.133;272.46;0.43;77;5737.17;9318;4750;0.6;54;74;197;35;2.0;16.52;0.07;0.6070680078965282;0.4299792566783407;PRODUCT_779;11;-23.870000000000005;154462;4.90080439034105;Popular;0.434505189848647;315.8;4.640894967392215;0.7038004289896587
1447;Product_1447;Home;Sports;BrandA;758.5;0.24;576.46;60;4.78;622;Supplier_16;India;Shanghai;7;13;0.01;1;2018;5.54;3.68;Blue;Plastic;2;704;59;7521;0.5;387.99;187925.96;2255111.52;56663;31285;5214;0.189;224.02;0.68;86;4083.28;3917;819;1.06;23;79;114;56;1.09;14.54;0.05;0.654248424231745;0.6007545704289896;PRODUCT_1447;12;188.47000000000003;93162;18.636496278229654;Popular;0.7966575758877963;147.9;4.645703913317344;0.7035718829531463
1632;Product_1632;Toys;Sports;BrandA;949.43;0.28;683.59;11;4.46;3275;Supplier_27;India;London;6;7;0.24;1;2011;25.71;72.8;Red;Plastic;5;863;2282;3199;0.39;611.04;193455.97;2321471.64;60809;13937;9117;0.052;275.29;0.37;82;9116.9;9039;2709;0.59;30;1;121;70;4.31;45.12;0.14;0.641606228034519;0.5904380044069811;PRODUCT_1632;12;72.55000000000007;83863;12.37265581710878;Standard;0.6288741303606824;551.6;4.534467716937992;0.7028454904112693
1557;Product_1557;Electronics;Home;BrandB;978.95;0.4;587.37;84;4.59;977;Supplier_5;USA;New York;12;11;0.11;1;2015;19.05;40.06;White;Fabric;1;520;402;1059;0.37;816.73;122760.33;1473123.96;98039;27427;7428;0.106;85.86;0.26;61;2113.77;2367;445;1.0;51;32;63;91;3.69;11.98;0.15;0.6668456726331589;0.5229762758540647;PRODUCT_1557;12;-229.36;132894;11.750299167276175;Standard;0.551087390970159;171.0;4.394251219793994;0.7020432796065528
7624;Product_7624;Beauty;Clothing;BrandB;729.76;0.02;715.16;515;4.61;1277;Supplier_22;India;Berlin;14;4;0.15;1;2023;33.64;81.93;Green;Plastic;4;801;1084;8603;0.15;560.69;292500.44;3510005.28;66935;49625;26110;0.061;294.57;0.83;83;164.28;5638;2171;1.39;21;53;108;-75;4.34;40.03;0.11;0.7494040117407931;0.741184421735213;PRODUCT_7624;12;154.4699999999999;142670;4.906207874082416;Popular;0.5250262381758884;319.9;4.667121623470801;0.7018882806906779
4712;Product_4712;Clothing;Electronics;BrandE;368.17;0.36;235.63;973;4.74;2319;Supplier_29;India;Mumbai;20;4;0.21;0;2013;18.94;83.11;Black;Plastic;4;730;2655;852;0.32;282.4;40528.36;486340.32;89777;46135;13574;0.097;103.71;0.11;69;3045.71;8008;4359;1.18;57;36;77;74;1.29;23.2;0.18;0.5929565807786953;0.4134832291947772;PRODUCT_4712;12;-46.76999999999998;149486;10.972639750316064;Popular;0.575447146203117;727.7;4.636542264392689;0.7014668160148227
2591;Product_2591;Electronics;Toys;BrandE;929.86;0.15;790.38;606;4.81;1837;Supplier_8;Germany;New York;10;3;0.27;1;2018;11.68;93.36;Black;Metal;5;680;1564;4650;0.16;601.2;159656.76;1915881.12;40823;37968;21143;0.197;90.78;0.72;85;1902.36;5009;201;1.06;43;2;31;52;1.97;7.88;0.08;0.6011186198181272;0.5539324821246596;PRODUCT_2591;12;189.17999999999995;99934;6.00957866032276;Standard;0.5180914289453844;444.0;4.719437709369145;0.7012323322860016
3729;Product_3729;Sports;Beauty;BrandB;394.99;0.06;371.29;945;4.98;948;Supplier_16;China;Berlin;12;1;0.16;0;2016;16.89;84.09;White;Fabric;3;490;2956;8532;0.49;216.55;175991.46;2111897.52;92797;46689;8713;0.161;136.07;0.31;100;7984.37;6235;4692;1.28;37;29;32;72;3.43;25.99;0.24;0.732460523117924;0.618673553708114;PRODUCT_3729;12;154.74;148199;17.554973597307907;Standard;0.7807162921307313;850.7;4.571203748944247;0.7007147623007947
3961;Product_3961;Electronics;Beauty;BrandD;256.21;0.38;158.85;560;4.95;2748;Supplier_16;Germany;Mumbai;9;6;0.25;0;2023;27.31;31.2;White;Fabric;2;554;28;4325;0.36;137.09;77518.8;930225.6;97737;17224;21310;0.066;153.38;0.7;51;6507.54;2477;3596;0.54;55;94;64;14;1.81;48.62;0.16;0.6568803810705036;0.4830413847827203;PRODUCT_3961;12;21.75999999999999;136271;12.003587656490092;Standard;0.6326244961698214;209.8;4.542832853610139;0.7006030129421514
7404;Product_7404;Clothing;Sports;BrandB;738.62;0.27;539.19;507;4.82;85;Supplier_17;China;Berlin;14;2;0.13;1;2023;17.68;8.65;Green;Fabric;4;504;2461;3340;0.39;593.55;129944.79;1559337.48;85473;26752;17963;0.143;222.07;0.49;75;7644.01;2111;2041;0.81;57;59;41;-32;3.13;21.74;0.08;0.6661699895761126;0.5401273243559966;PRODUCT_7404;12;-54.3599999999999;130188;13.374157201107137;Standard;0.6382746071485309;666.6;4.480420917133846;0.7003079051540212
4174;Product_4174;Sports;Home;BrandC;512.72;0.19;415.3;893;4.7;4138;Supplier_20;China;Berlin;1;3;0.03;0;2016;3.06;43.16;Black;Plastic;3;714;841;88;0.32;296.33;207650.0;2491800.0;85839;2009;14906;0.159;286.77;0.66;99;1902.31;8650;488;0.91;40;29;35;78;3.0;6.15;0.25;0.7228463931775028;0.6405190754549772;PRODUCT_4174;12;118.97000000000004;102754;11.456382302341462;Popular;0.6355756404752486;362.4;4.513593873098759;0.7001744018365986
334;Product_334;Home;Toys;BrandA;504.61;0.39;307.81;353;4.61;1275;Supplier_47;China;Shanghai;9;8;0.28;0;2015;45.9;83.52;Blue;Wood;0;848;2392;9888;0.36;387.54;114813.13;1377757.56;76561;19833;292;0.01;72.41;0.81;64;5838.4;1569;2200;0.57;58;36;23;36;1.17;6.49;0.09;0.6187797702671305;0.5003371064459768;PRODUCT_334;11;-79.73000000000002;96686;11.304365031858335;Popular;0.6095706473327636;643.0;4.5934333426323235;0.6997914840345082
6223;Product_6223;Home;Sports;BrandD;326.74;0.07;303.87;694;4.98;4746;Supplier_4;Germany;London;20;4;0.29;1;2021;26.78;23.85;Black;Metal;1;481;1896;9866;0.48;225.0;25525.08;306300.96;99589;31176;14807;0.035;254.17;0.67;54;1279.99;6834;278;1.4;12;78;136;57;3.32;38.82;0.25;0.619128267958408;0.413907283654771;PRODUCT_6223;12;78.87;145572;15.284629126584484;Standard;0.6822974892765485;556.3;4.5257869699432085;0.6997385765251564
2375;Product_2375;Clothing;Toys;BrandA;629.9;0.02;617.3;345;4.82;1297;Supplier_20;India;Mumbai;7;5;0.14;0;2022;16.99;21.22;Black;Wood;0;671;2400;5506;0.2;328.7;31482.3;377787.6;64739;31067;19828;0.056;299.43;0.52;97;4476.99;1061;2175;1.0;59;81;24;3;2.26;26.49;0.25;0.5416427225615338;0.3910225600288338;PRODUCT_2375;12;288.6;115634;6.627338826519119;Standard;0.4866244171211158;619.2;4.628079486597743;0.6987216428510286
69;Product_69;Clothing;Clothing;BrandD;975.19;0.21;770.4;334;4.73;1902;Supplier_2;UK;Mumbai;12;2;0.15;0;2013;20.86;90.8;Green;Wood;4;609;863;923;0.4;847.75;100922.4;1211068.8;59893;33025;9690;0.056;242.04;0.6;62;9385.74;1024;3276;0.53;44;98;3;32;4.25;10.77;0.23;0.5833219474520147;0.478734957900195;PRODUCT_69;10;-77.35000000000002;102608;12.81378315039044;Premium;0.6186958849063786;255.6;4.567663582199086;0.6981719032454551
8669;Product_8669;Clothing;Sports;BrandA;803.82;0.27;586.79;874;4.75;1073;Supplier_39;China;New York;6;11;0.13;1;2018;9.18;63.49;Blue;Wood;5;824;699;3329;0.23;663.87;77456.28;929475.36;33817;6229;17153;0.043;146.63;0.43;86;1682.42;6250;3669;0.56;14;39;168;81;3.03;5.74;0.25;0.512968466614585;0.4317968555427565;PRODUCT_8669;12;-77.08000000000004;57199;7.652028272602176;Premium;0.5401884205429578;213.8;4.622992813977348;0.6981407839725275
4197;Product_4197;Toys;Home;BrandC;676.29;0.01;669.53;560;4.68;3250;Supplier_5;USA;New York;15;8;0.24;0;2011;22.0;41.3;Blue;Plastic;3;608;2422;9607;0.44;462.09;295262.73;3543152.76;92295;47183;3945;0.181;299.95;0.13;82;1762.65;9093;1774;1.29;40;26;67;83;4.91;10.41;0.13;0.8080616106895291;0.7647166665434333;PRODUCT_4197;12;207.44;143423;15.592998304881368;Standard;0.7343170846366662;659.9;4.538971198952424;0.697555454268747
1289;Product_1289;Toys;Home;BrandD;271.92;0.45;149.56;345;4.82;4052;Supplier_12;Germany;New York;15;13;0.21;1;2019;42.65;74.86;Green;Plastic;1;837;2863;9315;0.11;182.37;19442.8;233313.6;65072;7743;20605;0.17;81.68;0.33;97;4560.76;1541;4490;1.19;41;9;28;-44;4.47;1.61;0.16;0.5321535121051378;0.3745119844009831;PRODUCT_1289;12;-32.81;93420;4.175479382344452;Popular;0.4573136376460829;887.9;4.644205494434289;0.6972047116219029
143;Product_143;Beauty;Electronics;BrandB;632.53;0.25;474.4;897;4.95;2612;Supplier_45;Germany;Shanghai;7;4;0.26;0;2017;31.54;30.76;White;Plastic;1;731;243;4198;0.27;334.91;59300.0;711600.0;33733;4547;5702;0.061;164.89;0.54;94;7358.37;5793;3039;0.81;30;17;88;31;1.33;18.0;0.1;0.5134856311122257;0.4193461653262146;PRODUCT_143;11;139.48999999999995;43982;9.35299155698076;Popular;0.6000132697977747;161.8;4.645270969999193;0.6971201142276968
3332;Product_3332;Home;Beauty;BrandE;902.36;0.48;469.23;893;4.96;4922;Supplier_11;Germany;London;11;8;0.16;0;2018;30.99;3.97;Black;Plastic;0;409;2243;8651;0.4;564.06;118715.19;1424582.28;65511;10381;13279;0.033;116.96;0.88;63;4687.43;5982;846;1.07;14;67;107;-48;3.73;41.39;0.07;0.6279678398263082;0.5215220348238732;PRODUCT_3332;12;-94.82999999999991;89171;12.329945646401304;Premium;0.6363034429316591;566.0;4.422155251417313;0.6968387474229861
7488;Product_7488;Toys;Electronics;BrandD;649.94;0.1;584.95;516;4.35;2705;Supplier_19;India;Berlin;20;3;0.23;0;2019;49.87;43.71;White;Fabric;4;886;2614;2550;0.05;424.97;279606.1;3355273.2;95410;13593;10515;0.064;174.37;0.2;79;9874.86;136;2182;0.51;48;62;144;0;1.28;9.29;0.1;0.7746861881703822;0.7237350911968091;PRODUCT_7488;12;159.98000000000002;119518;1.570843085806083;Standard;0.3976653234623431;637.2;4.483631861491068;0.6967859347552541
8320;Product_8320;Electronics;Beauty;BrandA;338.47;0.18;277.55;661;4.96;3401;Supplier_5;India;Shanghai;11;8;0.24;0;2022;43.71;63.29;Red;Plastic;1;735;1976;3836;0.49;292.4;10824.45;129893.4;55878;15208;15529;0.14;249.6;0.75;83;3825.97;7507;4780;0.96;19;5;84;-68;3.17;28.61;0.15;0.517693180906171;0.365992787954103;PRODUCT_8320;12;-14.849999999999966;86615;18.28973783583688;Popular;0.7708348859246454;606.0;4.678924919104707;0.6965909827525162
6014;Product_6014;Home;Home;BrandA;990.6502;0.05;944.46;380;4.45;2427;Supplier_24;India;Berlin;11;13;0.1;1;2016;45.89;73.04;Blue;Plastic;1;852;669;3684;0.05;800.12;406117.8;4873413.6;57549;19683;2601;0.198;220.45;0.43;81;913.02;8855;3503;1.36;46;11;54;96;2.07;21.86;0.12;0.8136653643274621;0.8830089052349331;PRODUCT_6014;12;144.34000000000003;79833;1.7989156011816447;Standard;0.4594087496347071;220.0;4.547908135318416;0.6963428760186514
101;Product_101;Sports;Electronics;BrandC;987.33;0.23;760.24;235;4.77;3586;Supplier_35;China;Berlin;3;10;0.11;0;2016;13.16;40.67;White;Metal;5;338;915;2118;0.22;634.6;274446.64;3293359.68;99029;7640;20126;0.15;273.09;0.45;68;7111.5;8457;3771;0.76;33;7;180;-85;2.18;21.54;0.06;0.8111732728995984;0.7456256666347223;PRODUCT_101;11;125.64;126795;7.0308751895878;Premium;0.5139137674002155;274.5;4.25382986653921;0.6962319144495515
1768;Product_1768;Sports;Home;BrandA;381.46;0.17;316.61;957;4.85;814;Supplier_22;China;Shanghai;16;3;0.14;0;2017;22.25;22.25;Red;Metal;1;735;1671;4344;0.18;329.51;30711.17;368534.04;68628;42039;28074;0.017;155.74;0.52;89;972.48;2181;3987;0.92;29;55;183;-93;2.59;23.6;0.14;0.5511714417861904;0.3942060085778137;PRODUCT_1768;12;-12.899999999999975;138741;5.860842749842363;Popular;0.4904499477663041;494.4;4.703004724532992;0.6961887744820628
6755;Product_6755;Home;Sports;BrandA;805.99;0.45;443.29;867;4.48;354;Supplier_10;India;Shanghai;8;1;0.04;0;2022;27.38;54.73;Red;Metal;4;766;605;5643;0.07;593.92;131213.84;1574566.08;83347;36852;26087;0.183;101.32;0.77;64;9701.89;4461;3099;1.05;1;64;145;-34;1.88;38.91;0.18;0.6357877945249654;0.5188529300743513;PRODUCT_6755;12;-150.62999999999994;146286;2.464288207455077;Standard;0.366102234539657;206.2;4.537425017978125;0.696143475614804
5517;Product_5517;Clothing;Home;BrandD;515.76;0.32;350.72;481;4.87;2329;Supplier_26;China;Mumbai;20;5;0.03;0;2011;7.71;2.0;Red;Fabric;1;822;2686;3906;0.32;406.85;149757.44;1797089.28;39139;17551;27567;0.074;202.01;0.58;95;2901.75;2484;792;1.21;23;92;98;-100;4.23;31.31;0.14;0.5942000446004244;0.5430220200483447;PRODUCT_5517;12;-56.13;84257;11.235619792927146;Popular;0.673868932200405;727.5;4.722867960226882;0.6959653400019113
5337;Product_5337;Home;Beauty;BrandD;963.98;0.36;616.95;423;4.89;1559;Supplier_31;Germany;Shanghai;20;3;0.2;0;2013;44.89;88.82;Red;Plastic;5;240;575;362;0.45;623.61;264671.55;3176058.6;99826;9393;22720;0.061;14.83;0.46;63;2279.7;452;3984;0.78;12;26;195;-97;3.11;14.85;0.24;0.8141222300172616;0.7402164547840181;PRODUCT_5337;12;-6.659999999999968;131939;12.805522686927102;Premium;0.6608551234482365;204.6;4.168737518011893;0.6959305395394857
2953;Product_2953;Sports;Clothing;BrandC;250.2;0.37;157.63;916;4.98;3047;Supplier_13;USA;Shanghai;1;12;0.18;0;2017;14.64;65.64;Black;Wood;4;797;1682;4249;0.18;167.08;56116.28;673395.36;48984;20349;2342;0.134;86.13;0.2;59;2545.65;9146;1711;0.82;37;49;83;9;1.19;46.92;0.08;0.5437067413620416;0.4259992459319016;PRODUCT_2953;12;-9.450000000000015;71675;6.792480994419046;Popular;0.5600796711346505;590.8;4.747927711395406;0.6956057642490088
232;Product_232;Toys;Electronics;BrandD;757.27;0.42;439.22;102;4.67;3241;Supplier_45;China;Berlin;7;4;0.23;1;2016;36.82;56.0;Red;Metal;3;936;536;857;0.13;416.77;143624.94;1723499.28;28999;9598;11997;0.063;107.4;0.21;87;273.21;7640;593;1.48;54;69;176;-91;3.21;30.62;0.17;0.5527442424071476;0.5156254114472876;PRODUCT_232;11;22.450000000000045;50594;4.415907180947703;Popular;0.4964298011243243;201.2;4.671268698943164;0.6955849189890047
8112;Product_8112;Electronics;Sports;BrandC;890.67;0.13;774.88;433;4.44;378;Supplier_2;India;New York;5;6;0.22;0;2017;7.86;70.68;Green;Fabric;2;979;1029;6354;0.32;754.89;361868.96;4342427.52;44530;1866;1060;0.158;38.75;0.89;57;1167.13;7356;892;1.23;59;55;19;-51;2.9;17.52;0.06;0.7494995904578423;0.8131404885189369;PRODUCT_8112;12;19.99000000000001;47456;11.33199657544482;Standard;0.6819378743543818;305.5;4.539401895497197;0.6947270263784997
2734;Product_2734;Beauty;Electronics;BrandD;983.01;0.48;511.17;253;4.55;968;Supplier_22;China;London;17;7;0.11;1;2014;15.08;37.69;Black;Fabric;4;799;1987;8807;0.48;674.07;226448.31;2717379.72;51431;9950;24554;0.15;177.81;0.13;95;8286.31;779;2340;1.11;37;34;41;-5;3.05;33.72;0.2;0.6578764314123463;0.6363625761472761;PRODUCT_2734;12;-162.90000000000003;85935;16.789070815210763;Popular;0.7398845270918999;514.4;4.532537308360243;0.6944650377020449
1757;Product_1757;Beauty;Home;BrandD;715.16;0.28;514.92;351;4.79;325;Supplier_6;UK;Mumbai;20;12;0.24;1;2013;37.49;11.66;Black;Plastic;5;679;591;6420;0.29;382.91;204423.24;2453078.88;58534;1233;21901;0.167;241.19;0.14;74;233.3;190;3377;1.09;40;31;53;-39;1.97;26.42;0.21;0.6727064305001764;0.6254149874289512;PRODUCT_1757;12;132.00999999999993;81668;10.57283223662983;Standard;0.6297370267493186;263.2;4.529050055339404;0.6943064807738507
2297;Product_2297;Electronics;Home;BrandB;895.12;0.2;716.1;656;4.85;1783;Supplier_41;China;Shanghai;7;4;0.06;0;2016;12.68;51.75;Black;Fabric;2;343;1680;7811;0.16;588.16;40817.7;489812.4;92658;3941;26103;0.049;271.14;0.37;91;9616.49;4125;3462;1.01;11;18;125;45;4.92;1.78;0.2;0.6077635033090164;0.422653682340445;PRODUCT_2297;12;127.94000000000004;122702;4.754422484501722;Standard;0.3944634145094256;436.8;4.284763213921752;0.6938479190170151
2381;Product_2381;Electronics;Clothing;BrandE;735.55;0.12;647.28;802;4.59;2968;Supplier_20;India;Shanghai;14;10;0.15;1;2017;8.57;70.76;Red;Fabric;3;865;540;6169;0.14;369.12;146285.28;1755423.36;53962;30098;28172;0.132;151.88;0.35;80;9307.51;3255;3762;0.89;23;89;162;-62;1.75;3.18;0.16;0.5985217274797316;0.5291779174800579;PRODUCT_2381;12;278.16;112232;4.920206804618195;Popular;0.4730589214973851;221.0;4.653106537458553;0.6930927606229831
1868;Product_1868;Sports;Home;BrandE;322.03;0.28;231.86;21;4.91;1048;Supplier_25;Germany;Mumbai;13;1;0.25;0;2015;13.88;22.65;Black;Fabric;4;907;1318;9644;0.38;176.44;99931.66;1199179.92;33050;9223;3202;0.112;267.97;0.44;88;3946.5;7676;3833;0.64;12;99;32;56;2.3;13.99;0.21;0.5431922048022361;0.4727716291426163;PRODUCT_1868;12;55.420000000000016;45475;14.131762774892856;Popular;0.7392888185878772;463.4;4.744310156886812;0.6929426638750017
5888;Product_5888;Sports;Home;BrandA;362.58;0.29;257.43;240;4.7;4452;Supplier_10;India;Shanghai;3;1;0.25;1;2018;25.1;54.2;Red;Plastic;1;926;1692;3319;0.22;209.62;115328.64;1383943.68;57901;21057;28963;0.147;217.23;0.83;77;7520.75;7042;4119;0.7;40;47;165;-88;1.32;6.94;0.15;0.5890890037749561;0.4956149366733484;PRODUCT_5888;12;47.81;107921;8.102683264853972;Popular;0.5676577380996467;505.2;4.685515921312783;0.6928595444309509
3130;Product_3130;Electronics;Clothing;BrandB;897.64;0.18;736.06;883;4.61;141;Supplier_41;India;London;17;10;0.03;0;2023;20.4;81.03;Blue;Plastic;1;564;2383;6531;0.19;557.53;43427.54;521130.48;89445;13043;2060;0.15;153.21;0.9;53;1380.1;9080;3066;1.29;16;0;43;-38;3.31;2.34;0.09;0.5843379375965374;0.4089879599161513;PRODUCT_3130;12;178.52999999999997;104548;6.382989506597844;Standard;0.4109000329919439;592.5;4.4078945833636025;0.6925004714791015
2108;Product_2108;Beauty;Home;BrandC;621.01;0.01;614.8;486;4.88;4385;Supplier_13;India;Mumbai;5;13;0.14;1;2018;6.54;39.51;Blue;Metal;4;723;946;5216;0.06;311.93;113738.0;1364856.0;44319;24502;29646;0.197;159.29;0.87;75;6232.49;1705;2153;1.4;6;5;13;7;3.23;1.86;0.06;0.574979224764585;0.4967767613322474;PRODUCT_2108;12;302.86999999999995;98467;2.307848222869574;Popular;0.4469711079976743;348.3;4.696487643847041;0.6924881243880511
9406;Product_9406;Clothing;Home;BrandA;936.45;0.12;824.08;820;4.64;387;Supplier_14;USA;London;19;13;0.12;0;2013;5.03;98.84;Green;Metal;2;717;2165;9779;0.09;745.09;265353.76;3184245.12;54878;7607;26002;0.069;131.42;0.47;76;9328.89;1188;3242;1.04;26;90;98;6;1.57;27.05;0.12;0.7047881872828617;0.6981904925155848;PRODUCT_9406;12;78.99000000000001;88487;2.935830716784921;Popular;0.4613649729080359;531.5;4.514311141151124;0.6921040465579981
8619;Product_8619;Beauty;Sports;BrandC;616.23;0.29;437.52;760;4.79;1652;Supplier_38;UK;Berlin;8;6;0.07;0;2020;25.04;27.39;Blue;Wood;5;635;2454;8308;0.48;344.83;95816.88;1149802.56;73244;34207;29379;0.149;12.44;0.8;68;7024.6;1289;2963;0.95;22;7;110;8;1.09;13.49;0.18;0.6105214505739384;0.4835004761860222;PRODUCT_8619;12;92.69;136830;17.05321962481952;Standard;0.720158147984471;646.0;4.59148502852539;0.6918465655036176
309;Product_309;Clothing;Electronics;BrandB;848.96;0.16;713.13;889;4.88;4972;Supplier_1;UK;Berlin;15;6;0.22;0;2016;4.87;93.4;Red;Plastic;1;295;1554;2796;0.17;711.43;286678.26;3440139.12;99359;4528;9174;0.194;132.66;0.85;59;2295.73;298;428;1.5;22;76;198;4;3.35;18.27;0.09;0.8309507353801112;0.7698407577930407;PRODUCT_309;11;1.7000000000000457;113061;5.636542310748845;Standard;0.5053095049911136;441.8;4.2372582051839665;0.6918394503009496
9621;Product_9621;Home;Home;BrandA;856.93;0.03;831.22;46;4.42;2990;Supplier_7;USA;Berlin;20;14;0.28;1;2014;21.78;97.41;Blue;Fabric;0;819;2602;247;0.35;769.71;74809.8;897717.6;76738;28190;21799;0.181;105.91;0.31;59;7158.67;4435;1713;0.77;30;3;102;93;2.21;22.6;0.07;0.5701910406981693;0.4327600971825914;PRODUCT_9621;12;61.50999999999999;126727;12.257945994782292;Standard;0.5524679568680768;646.3;4.525192506777562;0.691803896562612
6275;Product_6275;Toys;Beauty;BrandD;990.6502;0.05;947.59;178;4.16;2537;Supplier_20;Germany;Shanghai;19;9;0.14;1;2020;19.83;14.63;Blue;Metal;2;996;2788;1654;0.3;793.24;92863.82;1114365.84;73483;16012;4555;0.047;51.12;0.82;78;6422.45;9225;41;0.78;15;97;57;-56;1.41;14.76;0.16;0.5581086181071697;0.4392251535347851;PRODUCT_6275;12;154.35000000000002;94050;9.022134022075257;Standard;0.4683888679520801;649.8;4.469480455774019;0.6910126822805731
2852;Product_2852;Home;Electronics;BrandD;897.43;0.21;708.97;453;4.49;1202;Supplier_23;Germany;Mumbai;6;4;0.12;0;2023;42.01;40.74;Black;Wood;0;882;2734;6435;0.48;780.52;165190.01;1982280.12;51332;17737;15093;0.194;168.57;0.83;60;6042.04;4270;1103;1.0;5;44;106;-59;4.25;49.82;0.08;0.6012070657451591;0.5474387858654296;PRODUCT_2852;12;-71.54999999999995;84162;17.455590431975935;Standard;0.7274391386775925;674.9;4.578437070033527;0.6907363587020073
8788;Product_8788;Clothing;Clothing;BrandD;503.36;0.16;422.82;445;4.72;1634;Supplier_48;USA;Shanghai;5;7;0.06;1;2022;14.49;45.51;Green;Wood;4;774;1612;855;0.35;327.49;172087.74;2065052.88;68445;29862;28404;0.135;167.92;0.38;87;4187.03;8500;337;0.88;2;97;190;-40;1.49;18.36;0.15;0.6596564311565033;0.5820019346501831;PRODUCT_8788;12;95.32999999999998;126711;12.474251237298112;Popular;0.6609541000761611;501.7;4.636403594384337;0.6906389507794796
7824;Product_7824;Sports;Home;BrandB;507.47;0.15;431.35;133;4.71;3617;Supplier_1;China;Mumbai;20;8;0.27;1;2014;46.9;69.04;White;Fabric;4;765;272;1291;0.11;393.37;113445.05;1361340.6;71158;4658;16471;0.044;141.2;0.24;65;8351.53;2958;4445;1.2;32;96;49;26;1.04;13.75;0.15;0.6148181745392268;0.5015959728339145;PRODUCT_7824;12;37.98000000000002;92287;3.5921915273568747;Popular;0.4432415391189325;172.3;4.553564860363704;0.6906135165729677
1852;Product_1852;Home;Electronics;BrandB;840.89;0.27;613.85;211;4.9;217;Supplier_22;UK;London;3;1;0.29;1;2020;32.59;23.8;Black;Metal;5;677;601;4936;0.38;600.09;123997.7;1487972.4;29962;48406;2092;0.067;88.04;0.5;85;9619.5;7210;821;1.4;59;58;53;30;2.81;37.17;0.17;0.5565149672545028;0.5036813743581559;PRODUCT_1852;12;13.759999999999993;80460;12.951941950904732;Premium;0.6820335400411254;210.3;4.890774862042189;0.6905771632510056
5755;Product_5755;Electronics;Clothing;BrandD;430.91;0.21;340.42;901;4.49;2516;Supplier_12;UK;Berlin;19;9;0.02;0;2011;25.84;38.6;White;Plastic;5;945;817;9436;0.48;366.57;91913.4;1102960.8;79191;24055;3342;0.127;242.69;0.87;75;3475.55;4055;2032;0.83;56;16;160;-57;4.95;19.2;0.05;0.5951246521160205;0.4624513175588089;PRODUCT_5755;12;-26.149999999999977;106588;16.643483239292827;Standard;0.6986062552951435;304.1;4.597648880735373;0.6902859600053637
279;Product_279;Home;Home;BrandE;921.21;0.02;902.79;922;4.54;4674;Supplier_34;India;London;17;10;0.25;0;2011;10.7;25.02;Blue;Metal;3;837;1723;6281;0.48;613.88;440561.52;5286738.24;49285;9328;25974;0.076;47.16;0.12;78;6384.84;9252;1953;1.07;17;66;100;74;1.08;15.95;0.18;0.8333881400356478;0.9316164420106944;PRODUCT_279;11;288.91;84587;15.783020477557915;Popular;0.7902285519225809;441.9;4.546260542414605;0.6900072171307403
1561;Product_1561;Toys;Beauty;BrandB;622.71;0.09;566.67;833;4.65;3810;Supplier_34;USA;Mumbai;9;12;0.28;0;2015;15.38;21.81;Red;Fabric;4;825;1068;8896;0.24;434.28;10766.73;129200.76;59668;40532;6025;0.052;49.13;0.58;99;7252.56;7322;1504;0.62;13;29;156;61;3.21;28.82;0.19;0.5004256312945183;0.3483470157607541;PRODUCT_1561;12;132.39;106225;7.885497195146382;Popular;0.4946289636828622;316.4;4.682496325980089;0.6897331593827565
5944;Product_5944;Beauty;Clothing;BrandB;734.13;0.32;499.21;804;4.84;3858;Supplier_5;China;Berlin;20;3;0.02;0;2022;15.46;43.36;Blue;Plastic;3;567;1014;4338;0.3;477.47;110325.41;1323904.92;66489;45198;27627;0.175;237.1;0.36;97;2352.03;8679;3879;1.33;4;64;64;-93;3.48;10.86;0.16;0.6132473593305744;0.502784201173083;PRODUCT_5944;12;21.739999999999952;139314;10.820293352480157;Standard;0.5888290933943084;377.4;4.608804891090861;0.689441492254713
3695;Product_3695;Beauty;Toys;BrandB;737.4;0.25;553.05;741;4.62;3100;Supplier_30;India;New York;13;8;0.09;1;2018;27.59;17.58;Green;Metal;2;793;1785;4417;0.22;565.25;134391.15;1612693.8;59912;41052;26229;0.104;175.3;0.47;53;301.27;4410;1217;1.18;33;31;78;-67;4.0;19.01;0.21;0.602790821876009;0.5181598159419895;PRODUCT_3695;12;-12.200000000000044;127193;7.492392743532794;Popular;0.5189480972325211;490.7;4.655874377955925;0.6892562444283057
9931;Product_9931;Toys;Home;BrandC;963.39;0.34;635.84;151;4.36;4055;Supplier_23;UK;Berlin;2;6;0.03;1;2018;39.86;5.13;Red;Wood;5;895;1547;2454;0.25;742.67;200925.44;2411105.28;62260;38422;9032;0.12;287.11;0.84;74;3404.45;7335;4308;1.41;27;24;61;-80;1.33;12.71;0.17;0.6428091564568227;0.5952760985561352;PRODUCT_9931;12;-106.82999999999991;109714;8.298925656159795;Standard;0.519076447925577;398.7;4.58660051469206;0.6890299133305823
2932;Product_2932;Beauty;Toys;BrandA;923.67;0.46;498.78;392;4.55;993;Supplier_18;China;Berlin;12;5;0.12;1;2020;30.23;20.48;Blue;Plastic;5;911;103;4497;0.42;631.52;112225.5;1346706.0;34031;9662;789;0.08;262.65;0.84;69;8582.41;386;509;0.77;25;84;104;34;3.46;4.84;0.14;0.5267243451413315;0.4673837380871141;PRODUCT_2932;12;-132.74;44482;14.066663062714609;Popular;0.6619194133272015;90.9;4.603039516937141;0.6886498145361094
136;Product_136;Home;Beauty;BrandB;524.29;0.22;408.95;495;4.45;1109;Supplier_12;USA;New York;4;9;0.06;1;2016;40.24;69.68;Green;Metal;4;868;1277;5996;0.21;300.04;131272.95;1575275.4;89905;8433;10341;0.131;234.08;0.44;79;6506.91;800;3026;1.46;40;39;68;-40;1.55;3.63;0.24;0.6465556214664382;0.5209503629988829;PRODUCT_136;11;108.90999999999995;108679;7.152536912283935;Standard;0.4823423166099062;392.2;4.505697052119394;0.6885119015726905
7794;Product_7794;Toys;Clothing;BrandD;829.23;0.49;422.91;230;4.86;4061;Supplier_18;India;Berlin;10;13;0.21;1;2025;35.71;71.37;Black;Plastic;2;492;56;4445;0.32;710.57;118414.8;1420977.6;68056;18370;16305;0.139;253.46;0.19;96;4380.91;8963;196;1.12;8;9;186;-28;3.58;15.37;0.09;0.6248052246724247;0.5162323330773134;PRODUCT_7794;12;-287.66;102731;10.983413297049688;Premium;0.589016778934662;110.0;4.478188623184726;0.6884137836743436
6089;Product_6089;Beauty;Beauty;BrandB;455.54;0.49;232.33;351;4.92;2622;Supplier_28;India;London;13;5;0.15;0;2025;5.27;24.81;Green;Plastic;1;465;2742;2162;0.39;383.34;20677.37;248128.44;94995;29187;12479;0.024;124.44;0.49;85;6455.92;9136;3151;1.37;28;84;23;-3;3.84;25.32;0.06;0.6010498493389755;0.4005820179260436;PRODUCT_6089;12;-151.00999999999996;136661;12.072410516234536;Standard;0.5925183730428095;739.6;4.487123803626574;0.6884090505528522
9529;Product_9529;Electronics;Electronics;BrandD;913.58;0.19;740.0;408;4.63;4203;Supplier_29;UK;Shanghai;11;3;0.15;1;2019;7.05;36.25;White;Plastic;5;475;1490;3612;0.45;491.47;233100.0;2797200.0;98132;12996;18405;0.091;112.23;0.86;92;6981.38;5459;1962;1.08;24;34;27;66;4.94;21.07;0.25;0.7633031399763586;0.6787396933228013;PRODUCT_9529;12;248.53;129533;14.01460207632666;Standard;0.6484175101668416;406.7;4.344653914610679;0.6875664272674671
5184;Product_5184;Home;Sports;BrandA;185.42;0.33;124.23;838;4.75;254;Supplier_35;UK;Berlin;2;10;0.0;0;2010;6.96;88.93;Green;Wood;0;968;249;1664;0.37;139.83;57270.03;687240.36;55193;3143;17110;0.108;206.73;0.57;70;2615.23;8436;1089;0.99;23;27;11;50;1.03;43.3;0.08;0.5386997917114775;0.4166065695388639;PRODUCT_5184;12;-15.600000000000009;75446;13.390218841381008;Popular;0.6806031337760001;267.4;4.66189497018888;0.687406200877438
6267;Product_6267;Home;Beauty;BrandB;394.55;0.25;295.91;989;4.5;1195;Supplier_24;USA;Berlin;6;10;0.24;0;2021;15.52;4.24;Black;Wood;5;911;2792;2002;0.05;308.67;142332.71;1707992.52;84969;30660;27542;0.072;230.19;0.68;96;4951.98;3587;4237;0.93;53;46;12;-71;2.01;23.49;0.22;0.6500110407668074;0.5365388793853398;PRODUCT_6267;12;-12.759999999999993;143171;1.6439323656059288;Popular;0.3874825395329275;718.3;4.598423492410766;0.6869144778656628
8337;Product_8337;Sports;Clothing;BrandD;605.41;0.49;308.76;445;4.71;1271;Supplier_27;China;Mumbai;10;3;0.16;0;2011;28.34;53.1;Green;Fabric;2;793;1906;3082;0.09;390.83;82438.92;989267.04;55898;46276;6909;0.026;124.65;0.14;93;9611.71;2049;4050;1.07;52;10;138;-77;2.96;27.45;0.23;0.5581399454877527;0.4494031734660813;PRODUCT_8337;12;-82.07;109083;2.90400648688245;Popular;0.4215548839710799;498.0;4.720406392477673;0.6861929946317756
4370;Product_4370;Clothing;Electronics;BrandC;893.32;0.26;661.06;531;4.66;580;Supplier_18;India;London;5;4;0.24;1;2025;33.52;79.15;Red;Fabric;2;702;1809;5724;0.2;528.84;154688.04;1856256.48;54518;42374;5477;0.036;216.91;0.55;61;2358.38;9508;707;1.34;12;7;94;-23;4.08;28.91;0.2;0.6123216168660118;0.545654304998322;PRODUCT_4370;12;132.2199999999999;102369;6.329537957601572;Popular;0.4964759717833957;454.3;4.641592333010998;0.6849136277395237
8420;Product_8420;Clothing;Home;BrandE;817.02;0.3;571.91;492;4.76;2222;Supplier_44;USA;Shanghai;1;1;0.27;1;2023;0.38;73.66;Black;Plastic;5;934;194;6736;0.25;438.82;239630.29;2875563.48;5232;43124;29588;0.122;266.54;0.5;63;5352.47;263;4399;0.69;20;26;196;-18;4.92;33.6;0.09;0.5933835611368269;0.6403751455624994;PRODUCT_8420;12;133.08999999999995;77944;9.133360914975668;Premium;0.6560356777266036;118.3;6.2886895597277075;0.6843519250045978
7705;Product_7705;Home;Clothing;BrandA;975.46;0.04;936.44;552;4.8;3060;Supplier_40;Germany;Berlin;18;1;0.05;0;2011;5.71;88.71;Red;Plastic;3;574;1203;3627;0.26;765.34;294042.16;3528505.92;48342;5186;4062;0.061;268.66;0.64;50;6782.21;6658;1768;0.75;12;88;164;83;1.59;9.97;0.19;0.7287128728150851;0.7443268016400846;PRODUCT_7705;12;171.10000000000002;57590;8.413999293380915;Premium;0.606680012801756;340.7;4.483203479477271;0.683898439442963
2982;Product_2982;Beauty;Home;BrandD;484.37;0.0;484.37;316;4.72;182;Supplier_4;Germany;New York;13;7;0.02;0;2023;16.71;47.18;Blue;Wood;2;619;1067;2649;0.42;357.59;139014.19;1668170.28;93609;42617;1741;0.102;269.54;0.28;99;8610.22;5005;876;0.8;8;10;158;41;3.33;20.33;0.17;0.6820944637072963;0.551197667218738;PRODUCT_2982;12;126.78000000000004;137967;14.046396034377793;Standard;0.6566535708804095;383.6;4.550941001911208;0.6838248957134478
4973;Product_4973;Electronics;Home;BrandB;414.69;0.31;286.14;251;4.77;3574;Supplier_47;USA;New York;5;12;0.16;1;2016;8.19;20.88;Blue;Fabric;1;612;2094;5852;0.44;243.39;105013.38;1260160.56;92956;26260;13657;0.048;13.98;0.57;57;811.39;7801;943;1.28;33;46;62;36;2.75;1.6;0.1;0.6561086067929464;0.50681387140696;PRODUCT_4973;12;42.75;132873;14.11746581526498;Standard;0.6599953690215483;578.4;4.531845823765594;0.6834623335479078
3036;Product_3036;Beauty;Beauty;BrandB;695.17;0.03;674.31;447;4.7;2083;Supplier_2;Germany;New York;6;6;0.27;1;2014;45.35;95.14;Blue;Plastic;5;628;1447;8835;0.29;570.43;194201.28;2330415.36;77196;3340;23280;0.058;167.72;0.79;52;2228.32;7456;1488;1.31;15;16;117;-57;2.01;36.36;0.2;0.6942138133693159;0.6166661437133562;PRODUCT_3036;12;103.88;103816;9.292785255249898;Standard;0.5730344581335381;407.1;4.466305800778524;0.6833896494608245
6707;Product_6707;Home;Clothing;BrandD;268.48;0.26;198.68;963;4.85;4694;Supplier_9;USA;Mumbai;7;5;0.29;0;2022;29.12;9.18;Red;Plastic;2;853;1032;9534;0.22;183.94;29205.96;350471.52;50562;27315;25958;0.023;102.37;0.22;69;6371.24;6433;26;1.21;13;59;198;-10;1.44;33.79;0.09;0.5137643775231039;0.381275603473108;PRODUCT_6707;12;14.740000000000007;103835;7.367826645199169;Popular;0.5455956925610134;408.8;4.748018045333157;0.6820917578258633
4770;Product_4770;Beauty;Electronics;BrandE;886.8;0.32;603.02;189;4.45;2;Supplier_25;UK;Mumbai;1;6;0.29;1;2022;4.78;61.03;White;Wood;5;766;601;7367;0.29;627.61;7236.24;86834.88;73868;32744;20482;0.171;282.99;0.49;86;9136.99;6550;4590;1.05;29;68;5;86;1.09;44.5;0.15;0.5098519259289576;0.3391680971108341;PRODUCT_4770;12;-24.590000000000032;127094;10.037963313299564;Standard;0.4752058544550014;212.8;4.525650159979404;0.6815800709708411
4041;Product_4041;Beauty;Sports;BrandD;968.58;0.13;842.66;235;4.44;1291;Supplier_38;India;New York;4;4;0.02;1;2020;47.93;2.48;Red;Fabric;5;959;1710;6951;0.36;859.83;308413.56;3700962.72;34698;37371;15336;0.168;240.88;0.83;60;2167.42;7606;911;1.37;48;78;14;-37;4.88;32.17;0.15;0.6847430454964072;0.7330461748724625;PRODUCT_4041;12;-17.170000000000073;87405;12.820091997080365;Standard;0.6886558391555441;453.1;4.738180541867064;0.6810475624354269
5914;Product_5914;Clothing;Sports;BrandE;988.19;0.1;889.37;695;4.49;2906;Supplier_27;China;New York;14;2;0.09;0;2012;40.78;53.72;Blue;Fabric;1;822;79;3199;0.09;587.07;268589.74;3223076.88;49245;35493;23089;0.01;207.26;0.82;83;2879.52;5969;2416;0.85;53;92;91;-55;1.87;49.32;0.07;0.6842500441417221;0.6897016127149354;PRODUCT_5914;12;302.29999999999995;107827;2.73983265670054;Standard;0.4427637543058229;69.1;4.625331124803268;0.6808109140713401
2491;Product_2491;Toys;Electronics;BrandA;581.55;0.19;471.06;10;4.74;64;Supplier_18;India;New York;7;1;0.08;0;2013;9.6;47.85;Green;Fabric;0;648;2713;5717;0.38;445.9;63122.04;757464.48;75398;20958;2154;0.136;48.95;0.47;86;4940.28;5445;4772;1.45;36;22;31;-48;3.59;31.7;0.17;0.5832520207262992;0.4362137738000245;PRODUCT_2491;12;25.160000000000025;98510;13.24979212899594;Standard;0.6163818831864468;740.3;4.541766073233004;0.6797425914667808
4299;Product_4299;Electronics;Toys;BrandA;502.12;0.33;336.42;522;4.75;997;Supplier_28;USA;Shanghai;5;5;0.22;1;2021;28.96;84.22;Red;Fabric;4;738;130;1094;0.34;372.35;40370.4;484444.8;64797;10482;12813;0.031;134.47;0.45;55;7063.5;1957;1602;1.15;50;7;163;-65;2.72;8.32;0.07;0.5436558464977952;0.3989137376931753;PRODUCT_4299;12;-35.93000000000001;88092;10.998250382743617;Popular;0.5843508270498992;152.9;4.5744725180713965;0.6795595261566985
7665;Product_7665;Electronics;Clothing;BrandA;849.01;0.39;517.9;706;4.51;2239;Supplier_19;Germany;Shanghai;5;13;0.01;0;2022;34.58;79.42;White;Plastic;5;922;273;7897;0.18;524.38;149155.2;1789862.4;39784;37610;20621;0.098;258.66;0.14;62;8753.2;4484;2932;1.28;50;74;181;79;2.88;18.25;0.19;0.5661822490835581;0.5195331900161896;PRODUCT_7665;12;-6.480000000000018;98015;6.085851015001218;Popular;0.492256517158248;135.4;4.724122677111015;0.679385861411966
5014;Product_5014;Electronics;Home;BrandB;417.44;0.08;384.04;101;4.75;4850;Supplier_22;India;Mumbai;8;6;0.23;1;2010;48.12;25.6;Black;Plastic;3;881;1709;2598;0.46;229.66;183187.08;2198244.96;46603;36929;4030;0.058;151.82;0.55;88;5234.76;5191;2554;1.18;23;4;79;-66;1.97;43.95;0.14;0.6277281636000874;0.5862202649263126;PRODUCT_5014;12;154.38000000000002;87562;15.67859684163258;Popular;0.7681668065312374;495.0;4.771360181843096;0.6787340461786815
9304;Product_9304;Sports;Sports;BrandD;773.88;0.15;657.8;147;4.57;4638;Supplier_13;India;New York;9;8;0.01;1;2017;38.87;20.29;Blue;Metal;1;605;252;6528;0.16;586.96;151294.0;1815528.0;91798;36460;26739;0.031;283.18;0.49;60;858.48;3631;2561;0.93;41;40;22;-85;3.21;21.77;0.22;0.6768299320249143;0.5575548516954406;PRODUCT_9304;12;70.83999999999992;154997;4.829936675834113;Standard;0.4209868106415914;139.6;4.470187276242145;0.6786209677309678
7318;Product_7318;Sports;Beauty;BrandE;804.65;0.32;547.16;566;4.98;558;Supplier_14;India;New York;1;11;0.13;0;2020;22.82;0.94;White;Fabric;4;317;1683;2164;0.46;457.92;218316.84;2619802.08;77600;36136;8349;0.145;139.44;0.3;51;1479.91;227;2673;1.36;11;62;69;53;1.58;27.86;0.07;0.7377633936663405;0.6683001352868957;PRODUCT_7318;12;89.23999999999995;122085;15.113664867285392;Premium;0.7184958958951085;462.5;4.389954573730628;0.6785484243502975
1173;Product_1173;Home;Electronics;BrandD;265.49;0.39;161.95;445;4.87;1274;Supplier_39;China;New York;7;3;0.03;0;2017;25.57;36.96;Blue;Plastic;4;566;1227;290;0.06;218.26;17652.55;211830.6;95855;30356;10171;0.147;260.98;0.77;52;186.16;3378;3762;0.96;55;67;78;91;1.47;36.25;0.12;0.5962186736871153;0.393699750798921;PRODUCT_1173;12;-56.31;136382;2.124992977865989;Standard;0.372263193476028;492.2;4.547481053920291;0.6783379711032873
8401;Product_8401;Clothing;Electronics;BrandB;732.66;0.17;608.11;812;4.79;857;Supplier_49;India;New York;19;10;0.22;1;2024;3.45;89.74;White;Plastic;5;770;1937;6638;0.25;415.17;221352.04;2656224.48;32942;18141;22998;0.124;117.01;0.88;96;4158.0;3377;3308;0.69;31;93;153;4;3.84;35.6;0.21;0.635794183470202;0.6335540670802056;PRODUCT_8401;12;192.94;74081;8.947722073932507;Popular;0.6207013803245844;523.6;4.685214381663812;0.6775847572352734
2216;Product_2216;Sports;Beauty;BrandD;452.94;0.19;366.88;808;4.99;1895;Supplier_17;USA;London;11;12;0.25;1;2014;48.73;13.92;Red;Plastic;0;730;1672;2953;0.49;358.25;178670.56;2144046.72;33212;14824;1293;0.141;129.11;0.12;88;7984.0;7359;384;0.7;51;34;8;0;2.86;42.92;0.14;0.6163324640330007;0.5872756875042496;PRODUCT_2216;12;8.629999999999995;49329;18.397484399845403;Popular;0.8453330520718132;540.1;4.723034322837645;0.6775673573283191
4643;Product_4643;Toys;Clothing;BrandD;318.76;0.02;312.38;545;4.5;579;Supplier_17;USA;London;10;1;0.21;0;2025;7.88;56.02;Black;Metal;5;864;812;4802;0.39;203.07;105272.06;1263264.72;94408;7045;23550;0.068;245.31;0.43;78;5831.56;4869;4649;0.89;32;86;170;-45;3.75;3.53;0.24;0.6376312388690167;0.4907642409139253;PRODUCT_4643;12;109.31;125003;12.6756544240227;Popular;0.6090320675164544;300.7;4.5200163854352375;0.6766861675847358
9271;Product_9271;Beauty;Electronics;BrandA;192.82;0.02;188.96;828;4.87;2149;Supplier_6;India;Shanghai;7;9;0.24;0;2017;16.19;7.28;Green;Wood;2;863;313;8987;0.26;115.06;19840.8;238089.6;49072;41293;816;0.012;93.72;0.36;57;488.99;3399;2734;0.98;2;93;156;89;2.41;19.12;0.2;0.5044844241245796;0.3686629542875075;PRODUCT_9271;12;73.9;91181;8.664241481138012;Popular;0.5778218052958658;271.6;4.820924673221003;0.6759000844442815
3266;Product_3266;Electronics;Home;BrandB;143.12;0.35;93.03;448;4.61;1322;Supplier_7;China;Mumbai;1;11;0.04;1;2018;25.02;52.01;Blue;Plastic;5;979;2682;8514;0.21;87.25;32932.62;395191.44;72116;7334;24047;0.146;70.97;0.66;66;1606.53;5006;1739;1.31;10;31;162;-62;3.83;41.53;0.16;0.5408222799644631;0.3840224175758764;PRODUCT_3266;12;5.780000000000001;103497;7.641344232744279;Popular;0.513679639419546;775.1;4.6193604817691805;0.6757955866429719
4849;Product_4849;Sports;Home;BrandE;311.43;0.18;255.37;232;4.41;567;Supplier_43;India;London;19;5;0.16;0;2020;46.66;20.87;Black;Wood;0;941;796;8049;0.29;239.43;71503.6;858043.2;94521;43658;25874;0.013;220.46;0.57;86;5452.7;1758;2455;1.36;2;27;149;-60;3.78;7.65;0.21;0.6021735988620928;0.4382026077392463;PRODUCT_4849;12;15.939999999999998;164053;8.871766826949234;Standard;0.5075366675297072;276.4;4.595579465127252;0.6753824065252453
5714;Product_5714;Sports;Beauty;BrandC;679.1;0.29;482.16;572;4.31;3175;Supplier_13;China;Mumbai;19;7;0.06;0;2020;5.86;65.82;Green;Fabric;5;924;875;6713;0.29;349.29;144648.0;1735776.0;81654;37078;13413;0.128;69.84;0.7;74;5818.07;7469;2216;0.54;42;99;33;98;3.54;48.23;0.17;0.6301329917174903;0.5256031226648243;PRODUCT_5714;12;132.87;132145;9.629238769158926;Standard;0.5194319359997491;284.9;4.546734846267615;0.6751829501346858
9193;Product_9193;Sports;Home;BrandE;666.28;0.44;373.12;953;4.23;1031;Supplier_5;UK;New York;4;10;0.01;1;2024;39.56;18.28;Red;Wood;5;904;694;4035;0.09;489.72;98876.8;1186521.6;98183;16664;17696;0.127;253.16;0.78;61;2381.14;451;4495;1.34;26;94;70;41;3.61;23.82;0.2;0.6181879739139583;0.4668731831458548;PRODUCT_9193;12;-116.60000000000002;132543;2.9209369988660154;Standard;0.3293153242767571;237.0;4.449118754070622;0.6750691457436695
6366;Product_6366;Sports;Home;BrandB;796.43;0.17;661.04;976;4.26;4151;Supplier_38;China;London;4;4;0.11;0;2018;26.55;7.33;White;Fabric;1;872;2643;9434;0.13;680.27;226736.72;2720840.64;88091;14667;7821;0.179;229.27;0.59;96;9324.72;3746;1592;1.28;50;26;14;-100;4.75;17.04;0.23;0.7082507047085591;0.6402021790515027;PRODUCT_6366;12;-19.230000000000015;110579;4.421601236861462;Standard;0.4129804659450893;675.0;4.4460738783733476;0.6745589048087688
675;Product_675;Sports;Beauty;BrandE;889.12;0.09;809.1;96;4.77;1255;Supplier_4;China;Shanghai;1;8;0.05;1;2013;39.74;34.79;Blue;Wood;4;645;213;9718;0.19;789.56;383513.4;4602160.8;43089;39010;5141;0.196;42.71;0.61;60;3916.94;3652;2889;1.22;18;65;138;33;1.75;7.58;0.05;0.7912742290689235;0.8634374857446241;PRODUCT_675;11;19.54000000000008;87240;7.013924765972693;Standard;0.6102665433495561;136.2;4.6773868952028455;0.6745459074497968
1579;Product_1579;Electronics;Sports;BrandB;292.89;0.2;234.31;51;4.58;2196;Supplier_30;Germany;New York;19;2;0.08;0;2025;5.1;64.29;White;Plastic;2;995;865;6137;0.33;162.6;44987.52;539850.24;60336;10207;21180;0.196;297.1;0.79;52;6945.07;9232;1785;1.06;23;37;185;-18;3.73;18.21;0.06;0.5250270456955891;0.3917651374814293;PRODUCT_1579;12;71.71000000000001;91723;12.479451031715582;Popular;0.6153035811362508;439.7;4.627332766730471;0.6738273733573629
3920;Product_3920;Toys;Home;BrandA;763.63;0.31;526.9;770;4.61;2099;Supplier_26;India;London;20;12;0.17;1;2017;30.02;19.9;Blue;Metal;1;553;2133;1486;0.35;605.03;32140.9;385690.8;93190;32879;7681;0.088;212.37;0.43;64;288.35;9884;2061;1.46;2;45;147;24;4.04;8.8;0.15;0.5823087878110348;0.3955698348058543;PRODUCT_3920;12;-78.13;133750;11.089706801608616;Standard;0.5123432524113517;576.5;4.441429239866851;0.673600189910035
7040;Product_7040;Electronics;Electronics;BrandC;438.17;0.01;433.79;95;4.5;3887;Supplier_30;India;Mumbai;14;10;0.03;0;2014;32.86;78.08;White;Plastic;2;924;1888;7389;0.18;339.75;98904.12;1186849.44;71890;49213;8553;0.057;260.49;0.88;50;1334.24;6646;971;1.48;57;61;146;82;2.39;37.0;0.1;0.5872171292327177;0.4684129356268808;PRODUCT_7040;12;94.04000000000002;129656;5.847464504246012;Popular;0.4666191215377128;522.5;4.668829443815653;0.6724752959937133
2711;Product_2711;Electronics;Clothing;BrandC;876.47;0.05;832.65;81;4.69;3473;Supplier_46;India;Berlin;8;8;0.11;1;2020;14.65;80.25;White;Plastic;0;707;385;5962;0.3;639.77;61616.1;739393.2;44219;49324;27025;0.1;24.17;0.81;67;7198.83;6262;1898;1.29;58;61;84;58;3.93;41.19;0.17;0.5156144062185168;0.412213375133757;PRODUCT_2711;12;192.88;120568;10.156694723809771;Popular;0.549520569088483;167.3;4.724067259585632;0.6721690728768727
9786;Product_9786;Clothing;Toys;BrandB;789.88;0.13;687.2;779;4.31;4621;Supplier_45;UK;Mumbai;12;10;0.04;1;2024;7.42;80.38;Red;Wood;4;760;2768;360;0.24;690.45;283813.6;3405763.2;99198;15773;6236;0.051;101.4;0.58;69;7716.43;6081;3763;1.27;39;53;6;39;1.83;3.15;0.05;0.7826123482374908;0.7292880952496339;PRODUCT_9786;12;-3.25;121207;7.212870847386105;Standard;0.4931841288670054;670.6;4.409654387520569;0.6717414496970796
6542;Product_6542;Clothing;Toys;BrandC;836.29;0.16;702.48;205;4.44;740;Supplier_18;India;London;9;8;0.16;0;2017;44.79;56.22;Green;Plastic;3;743;1877;8378;0.5;483.74;25289.28;303471.36;78373;37235;11710;0.026;267.32;0.36;84;7889.88;4809;1845;1.45;55;92;20;100;1.93;14.07;0.17;0.5332910050578517;0.3662884917620232;PRODUCT_6542;12;218.74;127318;15.06037810586003;Standard;0.5992812316591685;463.9;4.515836382544876;0.6710521366245183
5281;Product_5281;Home;Sports;BrandA;865.39;0.22;675.0;508;4.37;2545;Supplier_34;China;Berlin;16;3;0.24;1;2016;47.06;0.94;Black;Fabric;4;970;1587;6476;0.44;678.29;175500.0;2106000.0;46972;43999;7219;0.134;258.57;0.68;85;9627.44;6051;4251;0.58;1;31;39;17;2.91;48.99;0.22;0.5915822273670996;0.5514522995202815;PRODUCT_5281;12;-3.289999999999964;98190;14.997882715083454;Standard;0.6720538688702833;413.7;4.686671982190072;0.6710194881043903
1477;Product_1477;Beauty;Beauty;BrandC;346.97;0.46;187.36;528;4.81;3346;Supplier_21;UK;Berlin;13;4;0.23;0;2014;18.77;12.92;Black;Wood;0;819;697;2338;0.3;187.71;79815.36;957784.32;49851;29700;26809;0.019;37.2;0.37;93;8940.24;6672;2318;1.2;42;45;162;-7;2.35;15.71;0.12;0.5518311599724476;0.4485330194844238;PRODUCT_1477;12;-0.3499999999999943;106360;9.865475160089584;Popular;0.6049421402311929;296.5;4.726876818248111;0.6698576891316642
9523;Product_9523;Home;Electronics;BrandE;563.46;0.01;557.83;459;4.82;1346;Supplier_31;USA;Berlin;6;1;0.25;0;2014;18.07;74.89;White;Fabric;2;772;705;57;0.06;391.93;237077.75;2844933.0;38365;27369;10278;0.087;124.77;0.19;98;3180.71;2491;1548;0.91;50;50;60;-98;1.74;46.44;0.17;0.662306436708411;0.660555091589961;PRODUCT_9523;12;165.90000000000003;76012;2.0905843818255616;Popular;0.4869730305874061;314.5;4.730788538501828;0.6697780783125371
5371;Product_5371;Home;Electronics;BrandC;598.83;0.21;473.08;780;4.9;4274;Supplier_23;UK;New York;20;11;0.23;0;2012;0.92;2.37;Black;Fabric;2;696;1281;8152;0.11;368.15;143343.24;1720118.88;36524;32441;5997;0.02;253.42;0.69;85;6223.22;1543;834;0.78;17;65;90;-15;2.68;46.62;0.22;0.5859588864801671;0.5344700990353469;PRODUCT_5371;12;104.93;74962;3.5992916831279214;Standard;0.4893202384309365;409.8;4.7563562626505025;0.6696477258357967
4128;Product_4128;Beauty;Electronics;BrandA;844.68;0.12;743.32;739;4.73;4847;Supplier_10;India;Berlin;17;14;0.15;1;2022;17.38;98.27;Blue;Plastic;1;506;1432;1510;0.49;485.13;33449.4;401392.8;74472;10144;11396;0.154;148.56;0.88;78;3711.11;8381;421;0.71;54;53;108;-85;3.65;45.07;0.21;0.5555708904623196;0.3938335022426605;PRODUCT_4128;12;258.19000000000005;96012;16.65893622578887;Premium;0.6507042725229115;409.4;4.41064685497606;0.6694538778118337
2062;Product_2062;Home;Sports;BrandD;123.66;0.35;80.38;462;4.82;1632;Supplier_40;USA;London;16;8;0.19;1;2016;38.9;57.36;Black;Metal;1;859;1043;3598;0.07;75.05;1527.22;18326.64;59314;34705;13462;0.022;211.07;0.5;74;5837.54;876;1693;0.69;21;56;116;-21;2.19;35.2;0.07;0.5055240044398968;0.3461904666430203;PRODUCT_2062;12;5.329999999999998;107481;2.329944345871031;Popular;0.4173107743232122;411.2;4.747794232294766;0.668320563774887
9157;Product_9157;Sports;Clothing;BrandB;518.06;0.17;429.99;786;4.65;2828;Supplier_5;India;Shanghai;1;4;0.05;1;2013;3.43;13.57;Blue;Fabric;3;954;795;6927;0.37;372.13;99757.68;1197092.16;35283;18546;28485;0.166;54.22;0.38;89;9851.52;617;965;0.56;31;47;11;55;4.41;28.15;0.2;0.5267121227865882;0.4572301519778345;PRODUCT_9157;12;57.860000000000014;82314;13.765299705272414;Popular;0.6751023828579852;352.4;4.709811651233531;0.668164943990212
5187;Product_5187;Clothing;Toys;BrandA;837.02;0.3;585.91;73;4.97;592;Supplier_44;UK;Mumbai;5;2;0.02;1;2022;5.12;54.14;Red;Plastic;1;201;1136;270;0.24;458.2;185733.47;2228801.64;91408;19449;29393;0.052;291.88;0.84;96;3322.17;655;460;1.02;49;80;131;72;3.27;34.1;0.17;0.7370994854152642;0.6307215983859189;PRODUCT_5187;12;127.70999999999998;140250;6.660950198352086;Premium;0.5007117049190589;318.9;4.153861341169479;0.6681496377180198
2460;Product_2460;Beauty;Toys;BrandE;549.74;0.1;494.77;75;4.77;4309;Supplier_33;China;Berlin;7;1;0.05;1;2023;24.87;84.01;Red;Metal;0;541;600;1302;0.48;332.66;204834.78;2458017.36;85605;20981;5167;0.148;18.14;0.12;95;9386.11;1689;1490;1.28;43;93;60;13;3.42;39.12;0.1;0.7256036867392435;0.640951227334229;PRODUCT_2460;12;162.10999999999996;111753;16.54685991035685;Standard;0.7315225417540239;282.5;4.475124565402679;0.6665451192264165
4376;Product_4376;Clothing;Beauty;BrandB;990.6502;0.23;763.03;40;4.51;3472;Supplier_6;UK;Mumbai;10;7;0.23;1;2015;5.07;98.81;Blue;Plastic;5;625;1619;8686;0.29;599.02;278505.95;3342071.4;73005;11042;25772;0.161;149.28;0.5;97;8205.68;5171;3152;0.53;22;98;167;56;2.79;34.46;0.11;0.7417414898569411;0.7190031046595525;PRODUCT_4376;12;164.01;109819;9.777972592770071;Standard;0.5652143543787883;449.9;4.409990131317925;0.6661304043393625
9857;Product_9857;Clothing;Home;BrandB;607.81;0.27;443.7;543;4.93;1943;Supplier_21;Germany;Shanghai;2;13;0.28;0;2021;12.26;50.47;White;Wood;1;744;2589;604;0.15;320.66;102051.0;1224612.0;21123;12119;27505;0.033;53.68;0.54;69;3258.41;7950;3066;1.03;6;71;103;59;2.33;3.58;0.17;0.52272228806855;0.4698359254680424;PRODUCT_9857;12;123.03999999999996;60747;5.051987351264909;Popular;0.5214837519057179;660.2;4.732100645643733;0.666044795436374
3855;Product_3855;Sports;Toys;BrandE;590.44;0.03;572.73;652;4.44;1548;Supplier_29;China;Mumbai;17;12;0.07;0;2022;47.21;5.23;White;Metal;3;790;2330;8594;0.41;501.95;264028.53;3168342.36;88110;13532;25807;0.066;75.31;0.28;51;9464.5;5757;3026;0.51;29;87;59;8;4.61;2.43;0.18;0.7541443277407534;0.7034933108789287;PRODUCT_3855;12;70.78000000000003;127449;12.94984434747884;Standard;0.6504105885864959;608.8;4.476035337373774;0.6656894742074488
7819;Product_7819;Sports;Home;BrandB;649.49;0.04;623.51;812;4.71;1277;Supplier_32;USA;London;7;3;0.13;0;2024;19.04;44.78;White;Fabric;4;996;1280;5987;0.12;473.94;145277.83;1743333.96;6698;43674;9621;0.05;282.9;0.67;65;3734.08;3628;4968;0.71;26;79;47;12;1.47;20.87;0.24;0.5127297627368053;0.5070969576602374;PRODUCT_7819;12;149.57;59993;4.097693391941553;Popular;0.5120684361931619;362.4;5.9499910813499195;0.66563420723927
515;Product_515;Toys;Sports;BrandA;951.93;0.48;495.0;281;4.74;352;Supplier_50;China;Shanghai;4;10;0.21;0;2023;46.81;41.67;Red;Plastic;2;568;317;9969;0.24;491.95;91080.0;1092960.0;51152;6214;27092;0.137;236.24;0.57;54;7746.3;2949;4853;1.19;39;22;80;-61;3.06;31.83;0.06;0.558335266799451;0.4604686635710524;PRODUCT_515;11;3.050000000000012;84458;8.205499760177222;Premium;0.5025433173040424;144.9;4.457848388852285;0.6653085738979525
6487;Product_6487;Clothing;Beauty;BrandE;860.95;0.0;860.95;490;4.29;1626;Supplier_14;UK;New York;20;3;0.02;1;2024;29.32;33.69;Black;Wood;3;951;1047;7466;0.1;616.5;200601.35;2407216.2;59831;23138;8904;0.029;212.84;0.9;96;425.76;7982;4538;1.0;8;10;86;80;4.71;33.56;0.14;0.6320770579445848;0.5888886543099776;PRODUCT_6487;12;244.45000000000005;91873;3.027651807523335;Standard;0.397902350288197;278.8;4.536770534315671;0.6652756711339057
3282;Product_3282;Electronics;Toys;BrandB;990.6502;0.49;506.92;840;4.91;3254;Supplier_2;USA;Mumbai;3;6;0.2;0;2021;42.42;62.03;Red;Wood;5;661;1008;9476;0.09;583.12;184011.96;2208143.52;6138;2970;6654;0.035;80.71;0.23;69;7367.8;2634;1157;1.21;8;84;22;41;3.67;30.48;0.05;0.56028180801909;0.5733225271666293;PRODUCT_3282;12;-76.19999999999999;15762;2.970716873889464;Standard;0.486760977123224;291.2;4.658880415923191;0.6652553406156742
7678;Product_7678;Clothing;Toys;BrandC;768.46;0.29;545.61;965;4.83;3670;Supplier_22;India;Mumbai;18;2;0.15;0;2019;40.03;17.24;Red;Wood;2;674;640;7618;0.48;555.22;261892.8;3142713.6;34466;26587;7613;0.138;212.89;0.5;52;9696.44;7594;1901;1.45;29;24;5;-87;2.47;12.66;0.14;0.676238745269027;0.6932977635304703;PRODUCT_7678;12;-9.610000000000014;68666;17.18802186906648;Standard;0.8057085505627246;272.1;4.692164656224833;0.6651772747648415
3412;Product_3412;Beauty;Toys;BrandD;916.74;0.38;568.38;511;4.27;561;Supplier_26;UK;New York;5;8;0.11;1;2010;0.2;32.91;Red;Metal;3;749;1123;5529;0.35;550.74;79573.2;954878.4;93001;8900;21544;0.15;79.28;0.86;83;3698.51;6597;1422;0.61;27;87;73;-91;3.28;29.48;0.22;0.5947398451129576;0.4395307939428272;PRODUCT_3412;12;17.639999999999986;123445;11.377754318233558;Standard;0.4888890802903242;313.2;4.375168861756453;0.6646680961499076
6896;Product_6896;Clothing;Sports;BrandA;592.64;0.45;325.95;593;4.8;2701;Supplier_19;Germany;New York;7;4;0.17;1;2010;47.58;12.75;Blue;Fabric;4;813;239;8152;0.43;373.51;143092.05;1717104.6;29260;4939;16188;0.121;44.2;0.38;60;2298.71;1819;3925;0.52;7;16;8;94;2.99;26.17;0.17;0.5632168283526161;0.5233624022283705;PRODUCT_6896;12;-47.56;50387;15.50662058507618;Popular;0.7420332704473207;229.7;4.634543544897257;0.6646592992703381
315;Product_315;Toys;Home;BrandB;242.0;0.22;188.76;837;4.88;4482;Supplier_15;USA;Shanghai;12;9;0.11;0;2020;42.51;65.87;Black;Wood;3;825;1287;8921;0.44;217.46;79845.48;958145.76;44363;30814;28119;0.09;85.92;0.57;71;7054.03;906;1898;1.2;2;68;2;-85;4.5;10.41;0.18;0.5464789195257401;0.4497615309985886;PRODUCT_315;11;-28.700000000000017;103296;15.719840804497624;Popular;0.7451776915205773;527.9;4.777555475848893;0.6644214983355925
5581;Product_5581;Clothing;Clothing;BrandB;761.46;0.38;472.11;546;4.81;2006;Supplier_44;UK;Berlin;14;5;0.19;0;2011;46.44;17.67;White;Plastic;2;459;1252;676;0.5;468.08;153907.86;1846894.32;75051;45628;14618;0.078;93.12;0.41;86;8084.25;6026;1541;1.12;7;61;150;71;3.59;33.93;0.06;0.6647356963706831;0.5664930906480393;PRODUCT_5581;12;4.03000000000003;135297;15.895756484369096;Standard;0.6995109331994193;380.4;4.498082579910724;0.6643675216046261
2700;Product_2700;Electronics;Sports;BrandE;686.78;0.5;343.39;934;4.21;1828;Supplier_31;Germany;Shanghai;2;14;0.18;1;2024;49.75;53.4;Red;Plastic;2;964;212;3325;0.22;475.52;116752.6;1401031.2;83579;38399;28202;0.024;93.01;0.25;56;9141.45;7877;3188;1.02;32;46;117;54;3.93;2.0;0.07;0.6024538176588038;0.4816404547979351;PRODUCT_2700;12;-132.13;150180;6.517724208599213;Standard;0.4276608160146639;116.8;4.524737958491062;0.6640663812688662
1119;Product_1119;Sports;Sports;BrandC;688.86;0.06;647.53;832;4.64;3685;Supplier_21;Germany;London;1;4;0.18;0;2015;43.44;12.97;Black;Fabric;1;896;892;4701;0.19;564.42;104252.33;1251027.96;30484;14495;12170;0.055;41.15;0.8;95;2431.82;8877;3639;0.95;51;91;31;35;1.16;37.51;0.25;0.5201039172043137;0.4599487372579565;PRODUCT_1119;12;83.11000000000001;57149;6.323720268630541;Popular;0.5080412838119334;278.3;4.67072141318725;0.6639393395459054
2924;Product_2924;Electronics;Clothing;BrandC;990.6502;0.13;863.87;634;4.89;4900;Supplier_46;China;Mumbai;18;10;0.0;0;2023;17.66;51.04;Black;Plastic;4;338;2150;2633;0.43;688.34;343820.26;4125843.12;64577;38479;2026;0.145;244.71;0.1;100;2817.35;764;4282;0.53;42;39;165;-49;1.56;39.52;0.25;0.8103755388211138;0.8289195276477044;PRODUCT_2924;12;175.52999999999997;105082;14.02662833752826;Premium;0.7260979763776585;563.7;4.405572503735431;0.6637536386138865
3484;Product_3484;Home;Home;BrandD;972.22;0.34;641.67;453;4.21;4353;Supplier_1;UK;London;14;8;0.15;1;2025;44.71;24.43;Black;Wood;4;887;2071;5214;0.45;686.35;99458.85;1193506.2;72563;17;2718;0.068;139.86;0.7;54;4880.36;8361;1231;0.55;5;84;171;-76;4.79;19.59;0.23;0.5658312455549933;0.4510267420757953;PRODUCT_3484;12;-44.680000000000064;75298;13.736303040861376;Standard;0.5677907316170896;505.9;4.399635553032487;0.6630158800335267
144;Product_144;Clothing;Beauty;BrandE;432.14;0.36;276.57;712;4.67;2762;Supplier_4;China;New York;12;4;0.25;1;2022;5.23;62.22;Green;Metal;5;699;271;3267;0.3;361.48;83247.57;998970.84;81044;13687;29393;0.074;10.96;0.2;63;5492.69;2716;2092;1.0;42;32;47;-46;4.0;22.63;0.16;0.6059215861653141;0.4630554149090019;PRODUCT_144;11;-84.91000000000003;124124;9.8572402520511;Standard;0.5467926305796458;183.5;4.522208847901179;0.6625853375411072
8145;Product_8145;Home;Home;BrandD;677.48;0.33;453.91;114;4.78;1299;Supplier_19;UK;Mumbai;6;13;0.2;1;2021;9.5;76.93;Red;Plastic;3;530;782;9830;0.07;471.89;58554.39;702652.68;73033;27214;16215;0.01;197.86;0.86;95;9728.66;4654;2047;0.55;42;64;139;64;2.68;41.86;0.11;0.5778685013339162;0.4310148222122024;PRODUCT_8145;12;-17.97999999999996;116462;2.1205307260306285;Standard;0.3606294844088296;254.5;4.496430023125779;0.6619295477093512
8933;Product_8933;Electronics;Home;BrandB;730.89;0.06;687.04;160;4.11;300;Supplier_48;China;Shanghai;4;3;0.29;0;2019;43.54;8.71;Green;Wood;2;970;783;8981;0.45;498.08;277564.16;3330769.92;92736;23867;6275;0.174;283.07;0.41;79;9280.11;1006;4336;0.84;45;21;157;79;2.79;34.54;0.08;0.7484150107962743;0.7039363090815713;PRODUCT_8933;12;188.96;122878;14.934999678845042;Standard;0.6479434292057643;259.7;4.4468035859362685;0.6617474846057896
42;Product_42;Electronics;Electronics;BrandD;872.21;0.06;819.88;680;4.6;4335;Supplier_40;China;New York;12;8;0.08;1;2024;20.31;19.12;Blue;Metal;1;633;2475;8935;0.4;499.42;404200.84;4850410.08;65732;12082;10262;0.026;133.39;0.68;63;2195.87;38;4112;1.05;25;93;27;61;4.6;13.63;0.21;0.8404168650902057;0.8948587682722104;PRODUCT_42;10;320.46;88076;12.180436098144773;Standard;0.6912340506219052;604.9;4.457580976529348;0.6615890213865522
1923;Product_1923;Toys;Electronics;BrandE;834.8;0.1;751.32;569;4.59;2485;Supplier_35;USA;Berlin;5;14;0.02;1;2025;31.59;28.51;Green;Metal;5;500;1683;7959;0.48;426.28;99925.56;1199106.72;93481;37841;610;0.154;222.24;0.63;66;128.11;9733;2656;1.0;9;58;110;-98;1.71;5.2;0.2;0.6384671914760307;0.4885472021615581;PRODUCT_1923;12;325.0400000000001;131932;15.805676252444336;Standard;0.625019454176605;463.7;4.403602207659372;0.6615545859149907
225;Product_225;Toys;Toys;BrandA;379.64;0.08;349.27;909;4.87;2871;Supplier_47;UK;Mumbai;3;1;0.04;1;2013;33.05;72.07;Blue;Fabric;3;732;2046;2909;0.26;246.62;42261.67;507140.04;48851;44114;16674;0.095;259.81;0.38;72;5319.58;6611;1728;1.11;13;16;171;-66;4.93;31.51;0.21;0.5229543469874754;0.3996497190581303;PRODUCT_225;11;102.64999999999998;109639;9.14686994706312;Popular;0.5678857987810417;621.2;4.767464614299522;0.6610518756447739
2684;Product_2684;Clothing;Home;BrandB;391.83;0.37;246.85;542;4.78;4563;Supplier_30;India;Mumbai;17;5;0.2;0;2020;41.33;64.09;Black;Fabric;5;899;2370;7729;0.19;350.24;98246.3;1178955.6;32083;10727;21634;0.029;32.58;0.33;55;5677.61;8713;2708;1.1;41;87;193;24;2.36;25.39;0.2;0.5294363146016097;0.4615321212692952;PRODUCT_2684;12;-103.39;64444;6.357095036848622;Popular;0.5421387572241128;626.9;4.699828210475752;0.6605643767809061
9748;Product_9748;Sports;Home;BrandD;335.57;0.18;275.17;168;4.82;2899;Supplier_25;UK;Berlin;11;10;0.24;1;2021;28.61;77.68;Blue;Metal;1;955;280;2080;0.17;252.17;90255.76;1083069.12;20891;141;22298;0.033;28.22;0.72;63;1830.5;1318;116;1.42;4;100;143;-81;2.4;21.62;0.15;0.5035089412368822;0.4462853233334437;PRODUCT_9748;12;23.00000000000003;43330;5.808914180474811;Popular;0.5474027816747677;193.0;4.674453028798178;0.6602756177539547
697;Product_697;Clothing;Toys;BrandD;142.59;0.49;72.72;613;4.67;1251;Supplier_36;Germany;Berlin;9;14;0.12;0;2025;11.42;9.69;Blue;Metal;1;894;1188;6736;0.25;104.83;16943.76;203325.12;68962;15279;9281;0.077;295.38;0.34;72;6647.76;9176;4760;0.68;18;47;27;7;1.58;17.23;0.15;0.5258267406755791;0.3637777542954811;PRODUCT_697;11;-32.11;93522;8.546309151299507;Popular;0.5283393224112551;416.2;4.631040847189296;0.6577547261635664
3224;Product_3224;Beauty;Electronics;BrandA;423.73;0.01;419.49;477;4.87;1401;Supplier_17;UK;Mumbai;19;3;0.16;1;2016;41.99;92.68;Green;Fabric;3;834;2283;5853;0.13;324.93;112003.83;1344045.96;25599;44479;8759;0.062;283.92;0.46;51;4748.14;5722;3710;0.8;25;49;141;41;1.06;25.76;0.13;0.5352708366618948;0.4824961088735821;PRODUCT_3224;12;94.56;78837;4.523203520553267;Popular;0.5156847549526968;627.0;4.986478451884168;0.6573801701040767
7520;Product_7520;Clothing;Sports;BrandB;709.36;0.03;688.08;874;4.94;4568;Supplier_45;UK;Mumbai;15;2;0.1;1;2016;32.64;40.88;White;Wood;4;394;63;1735;0.31;483.41;23394.72;280736.64;67275;28211;19396;0.169;241.17;0.53;72;1121.06;9600;1277;0.71;52;27;169;-42;2.28;49.64;0.19;0.5494936150381617;0.3889991096668003;PRODUCT_7520;12;204.67;114882;10.70344075697204;Standard;0.545549426542892;171.3;4.451422013132504;0.6565417019269368
5707;Product_5707;Sports;Sports;BrandD;285.26;0.18;233.91;619;4.81;1120;Supplier_42;UK;Mumbai;13;9;0.04;1;2021;31.87;22.93;Red;Plastic;0;815;2088;3721;0.26;229.65;52161.93;625943.16;48928;48476;15439;0.159;204.8;0.2;63;2095.31;3414;1882;0.67;18;26;51;75;4.74;46.8;0.08;0.5266592329222373;0.4095971411699244;PRODUCT_5707;12;4.259999999999991;112843;9.717682546496691;Popular;0.5820574043696739;746.7;4.8039181291668065;0.6561942929545593
7210;Product_7210;Electronics;Toys;BrandD;841.82;0.37;530.35;423;4.88;4940;Supplier_48;China;Berlin;5;3;0.04;0;2015;22.99;7.84;Green;Fabric;1;398;462;3528;0.37;573.18;4773.15;57277.8;64161;32162;23680;0.026;82.72;0.36;60;2296.32;129;579;1.04;43;87;28;-71;2.7;43.02;0.17;0.5227573985889165;0.3574443404364359;PRODUCT_7210;12;-42.82999999999993;120003;11.094824121429085;Premium;0.5432130524362595;180.1;4.4478386151654155;0.6558175380070457
959;Product_959;Beauty;Toys;BrandA;895.87;0.17;743.57;455;4.75;2119;Supplier_13;USA;New York;19;3;0.18;0;2014;49.58;14.68;White;Fabric;0;421;2137;5815;0.26;653.43;66921.3;803055.6;74731;30510;20446;0.183;171.72;0.67;78;4794.08;7313;857;1.36;17;34;136;31;3.17;21.64;0.25;0.585922493920054;0.4417267539777031;PRODUCT_959;11;90.1400000000001;125687;8.831782988833185;Premium;0.4801991918022175;562.1;4.399654987211333;0.6548857163714108
1458;Product_1458;Electronics;Sports;BrandB;589.09;0.44;329.89;951;4.81;3133;Supplier_12;India;London;18;13;0.04;1;2012;43.63;60.21;Black;Wood;5;399;1498;2011;0.38;372.87;9236.92;110843.04;94993;29469;17505;0.019;75.0;0.39;90;4360.56;7266;529;1.45;57;40;73;66;3.51;1.46;0.19;0.5825958366504855;0.3776618726259226;PRODUCT_1458;12;-42.98000000000002;141967;11.159271678288842;Standard;0.5307142688718912;470.1;4.382630390548476;0.6544615403024454
9639;Product_9639;Electronics;Beauty;BrandD;967.22;0.17;802.79;942;4.31;398;Supplier_17;Germany;London;5;12;0.21;1;2023;13.29;8.36;White;Fabric;5;875;999;1297;0.39;516.14;146107.78;1753293.36;55757;12054;27079;0.011;59.85;0.59;100;7139.42;1319;4030;0.6;37;13;78;32;4.33;32.52;0.09;0.5795625449266744;0.5120887152522744;PRODUCT_9639;12;286.65;94890;11.513988703739784;Standard;0.5614706946725201;273.6;4.477384056763029;0.6544171007502184
4609;Product_4609;Beauty;Sports;BrandA;532.17;0.23;409.77;299;4.65;1218;Supplier_41;China;New York;5;5;0.02;1;2015;32.83;83.6;White;Plastic;4;665;962;1707;0.46;322.07;65153.43;781841.16;77207;10646;13660;0.046;220.17;0.7;64;5397.82;6954;2421;1.33;60;53;188;45;4.39;9.59;0.16;0.5813840396433803;0.4343588350219701;PRODUCT_4609;12;87.69999999999999;101513;14.545946501129045;Standard;0.6356156511359474;333.2;4.4880936785183305;0.6537457949744476
5511;Product_5511;Clothing;Toys;BrandB;115.83;0.05;110.04;456;4.71;1132;Supplier_8;Germany;Berlin;17;9;0.02;1;2018;49.75;79.22;Black;Plastic;0;709;2269;966;0.12;67.89;12544.56;150534.72;95324;16601;26961;0.058;160.86;0.85;66;4919.61;4257;1082;0.55;21;76;163;-92;4.26;43.2;0.08;0.5780479281408719;0.3760513912435611;PRODUCT_5511;12;42.150000000000006;138886;3.925907651205697;Popular;0.3995624507199073;650.4;4.544936670738327;0.6536548609196119
6759;Product_6759;Home;Clothing;BrandC;845.54;0.25;634.15;869;4.7;3064;Supplier_28;USA;London;1;2;0.04;0;2015;20.69;78.93;Red;Fabric;2;531;443;7441;0.19;731.77;246684.35;2960212.2;66534;3416;1712;0.143;116.57;0.17;66;5001.74;2767;446;0.59;44;67;106;24;3.65;42.78;0.23;0.7171560494896727;0.6831126525351321;PRODUCT_6759;12;-97.62;71662;6.406563732927527;Standard;0.50762626343347;172.2;4.400925829920684;0.6532760476058537
7098;Product_7098;Clothing;Beauty;BrandB;780.43;0.14;671.17;113;4.79;1904;Supplier_9;UK;Mumbai;14;12;0.15;0;2010;44.09;60.01;Blue;Wood;2;669;321;511;0.34;522.82;122152.94;1465835.28;34435;6771;10951;0.112;278.02;0.4;74;4491.44;8617;1421;0.76;38;36;64;27;2.35;35.42;0.15;0.555106255503024;0.4967651145242466;PRODUCT_7098;12;148.3499999999999;52157;11.784700760417936;Standard;0.6250460567830772;183.9;4.558237351833633;0.6532596865175107
3429;Product_3429;Clothing;Sports;BrandA;571.97;0.37;360.34;518;4.63;655;Supplier_22;USA;Mumbai;1;6;0.22;0;2019;15.5;45.72;Green;Fabric;1;783;2452;1984;0.3;359.69;114588.12;1375057.44;55920;11553;27023;0.11;211.14;0.88;57;3786.63;3863;383;0.52;60;27;147;-77;3.53;21.13;0.15;0.578901781250392;0.4889183424542254;PRODUCT_3429;12;0.6499999999999773;94496;10.275119183486057;Popular;0.5723219913084912;683.7;4.559083350629434;0.6528542907683562
3178;Product_3178;Sports;Beauty;BrandB;367.6;0.49;187.48;974;4.58;4847;Supplier_24;India;Shanghai;2;7;0.2;1;2023;10.94;65.76;Green;Plastic;5;747;279;6801;0.08;241.52;3749.6;44995.2;86718;19100;10217;0.049;94.09;0.23;89;4294.6;8975;2422;1.3;12;89;71;51;3.49;22.13;0.16;0.5430148029489422;0.3503599192115234;PRODUCT_3178;12;-54.04000000000002;116035;2.5434226572352108;Popular;0.3406722566010541;173.8;4.523012022620406;0.6526796538074595
8995;Product_8995;Sports;Clothing;BrandB;654.76;0.24;497.62;609;4.87;2485;Supplier_50;USA;New York;9;14;0.28;1;2016;10.19;82.61;Red;Plastic;5;590;590;3693;0.07;397.41;30852.44;370229.28;46131;27289;23961;0.049;109.72;0.7;73;5602.38;4013;52;1.13;19;27;59;-54;2.96;46.41;0.09;0.5078898528262268;0.3821818613711647;PRODUCT_8995;12;100.20999999999998;97381;2.2821635732700924;Standard;0.3869238084097791;227.1;4.619037304189901;0.6522007481165347
6484;Product_6484;Beauty;Sports;BrandE;897.96;0.23;691.43;413;4.76;828;Supplier_34;Germany;Mumbai;11;5;0.26;0;2013;23.05;3.27;Black;Metal;0;552;2058;140;0.37;690.42;308377.78;3700533.36;48834;43297;21749;0.044;256.3;0.2;61;2425.28;3309;3240;1.37;33;55;49;48;4.58;45.69;0.11;0.738589106526037;0.7619593859127004;PRODUCT_6484;12;1.009999999999991;113880;11.612003286821508;Premium;0.6715700075390227;514.5;4.60746637708434;0.6519961887830457
8799;Product_8799;Beauty;Beauty;BrandA;444.18;0.31;306.48;149;4.46;3301;Supplier_30;Germany;Mumbai;10;11;0.16;1;2011;27.84;83.13;White;Plastic;3;854;1986;9631;0.1;319.25;5823.12;69877.44;79363;11220;6781;0.048;288.09;0.35;63;4578.94;4872;861;1.08;6;68;130;-100;1.46;3.37;0.23;0.5204516088810116;0.3411442305186326;PRODUCT_8799;12;-12.769999999999982;97364;3.155518835392793;Standard;0.3464880497116918;524.8;4.512715728383393;0.6518966220968423
4479;Product_4479;Electronics;Sports;BrandE;720.2;0.41;424.92;997;4.82;3710;Supplier_1;UK;Berlin;7;12;0.0;0;2022;22.71;32.08;Green;Fabric;0;305;237;5674;0.33;542.84;202261.92;2427143.04;97578;43263;8493;0.011;45.26;0.57;86;1519.86;7262;2063;1.09;33;96;155;72;4.89;41.75;0.1;0.7513830734517821;0.6477650652255255;PRODUCT_4479;12;-117.92000000000002;149334;9.204077742260278;Standard;0.549376643626509;160.5;4.306107717224413;0.6518679030456854
3166;Product_3166;Toys;Toys;BrandB;277.57;0.15;235.93;591;4.57;1088;Supplier_33;India;Shanghai;12;2;0.26;0;2024;43.39;44.01;Blue;Metal;5;739;1731;2372;0.1;159.85;27839.74;334076.88;96581;21649;19438;0.146;141.77;0.86;79;1340.89;8009;540;0.75;44;15;131;21;3.11;49.5;0.23;0.5822637796183203;0.3890748801503991;PRODUCT_3166;12;76.08000000000001;137668;3.460048048816102;Popular;0.3646283517787793;569.1;4.515490838294116;0.6515383432775683
2786;Product_2786;Clothing;Beauty;BrandC;460.75;0.0;460.75;979;4.68;1673;Supplier_4;India;London;4;13;0.21;0;2016;8.49;38.51;Red;Plastic;5;560;629;6816;0.45;263.27;97218.25;1166619.0;95679;35709;2240;0.196;219.94;0.23;70;1761.69;5245;4632;0.59;48;70;28;42;1.04;5.55;0.14;0.6477802367616121;0.4918685482656241;PRODUCT_2786;12;197.48;133628;15.943149103528834;Standard;0.6541421721602728;316.5;4.478531700872735;0.6512212078215016
6912;Product_6912;Electronics;Home;BrandE;517.11;0.3;361.98;315;4.75;4418;Supplier_25;Germany;Shanghai;19;12;0.14;0;2024;37.91;94.91;Red;Wood;5;736;2972;45;0.18;423.51;29682.36;356188.32;49712;24204;22459;0.161;83.42;0.82;53;3662.49;8213;1323;1.49;28;81;95;-7;3.03;20.9;0.13;0.5044659655730933;0.3750267535266014;PRODUCT_6912;12;-61.52999999999997;96375;6.554091884121205;Popular;0.4756766627473948;807.7;4.63841204776727;0.6509978593364508
1542;Product_1542;Beauty;Sports;BrandA;117.67;0.46;63.54;423;4.5;3328;Supplier_18;USA;Berlin;14;11;0.26;0;2015;7.14;94.31;Red;Metal;3;961;1167;2992;0.23;74.67;7942.5;95310.0;81552;7068;9405;0.106;298.96;0.74;97;8874.22;3329;941;1.22;40;94;150;-99;2.89;13.26;0.09;0.5298179613226147;0.3479594529932567;PRODUCT_1542;12;-11.130000000000004;98025;7.863029531821543;Popular;0.4802939257106134;446.9;4.564939505987295;0.6508740438805808
1284;Product_1284;Toys;Beauty;BrandE;699.43;0.04;671.45;437;4.53;3599;Supplier_10;China;London;13;12;0.21;1;2011;28.99;59.81;Green;Fabric;4;670;1392;4364;0.34;355.72;300809.6;3609715.2;78667;13566;15825;0.16;297.5;0.2;94;859.7;3789;2817;1.09;47;93;24;-64;4.77;4.16;0.17;0.7734803028913202;0.754637501712719;PRODUCT_1284;12;315.73;108058;11.628775220725991;Standard;0.627716881657588;436.7;4.449997339154417;0.6502705817426233
9973;Product_9973;Toys;Sports;BrandB;501.61;0.41;295.95;467;4.54;798;Supplier_47;UK;New York;5;7;0.02;1;2020;48.05;27.33;Black;Wood;3;857;294;6595;0.44;397.14;56230.5;674766.0;61098;9122;23378;0.16;254.04;0.7;70;4846.37;9092;1853;0.88;14;8;175;-10;1.16;22.38;0.17;0.532834720602508;0.4052672697271084;PRODUCT_9973;12;-101.19;93598;15.651876692999096;Popular;0.6553551885675519;243.9;4.5477018643524545;0.6500774550578334
9208;Product_9208;Home;Beauty;BrandD;990.6502;0.33;664.81;492;4.08;3728;Supplier_37;India;Berlin;11;9;0.29;0;2024;45.95;11.69;Black;Fabric;2;864;2428;2263;0.13;621.33;180828.32;2169939.84;88128;23159;21526;0.013;42.46;0.8;64;7576.32;8824;3213;1.48;9;39;52;35;4.93;47.63;0.13;0.6552010104525591;0.5649851262206345;PRODUCT_9208;12;43.47999999999991;132813;3.633582102972865;Standard;0.3356545847321245;567.6;4.389649446200494;0.6500255377328996
3526;Product_3526;Electronics;Electronics;BrandB;820.27;0.03;795.66;719;4.87;2669;Supplier_47;UK;London;8;12;0.26;0;2017;1.47;95.26;Blue;Metal;4;728;2092;400;0.3;605.8;179819.16;2157829.92;7136;43270;11305;0.163;77.88;0.43;51;270.18;3942;4859;0.63;23;84;174;-47;1.42;30.85;0.18;0.555541483407764;0.5655419570051279;PRODUCT_3526;12;189.86;61711;11.20019628002639;Premium;0.6619275165733026;568.9;5.797393708050101;0.6498964501943478
5303;Product_5303;Electronics;Toys;BrandE;323.94;0.22;252.67;912;4.81;1506;Supplier_21;India;New York;15;4;0.14;1;2023;4.25;30.42;White;Plastic;4;824;827;8338;0.24;190.79;51039.34;612472.08;40943;28223;4437;0.027;270.08;0.74;86;6590.14;4732;3812;1.24;19;79;49;3;1.61;31.09;0.13;0.5097399331324783;0.4032473066909314;PRODUCT_5303;12;61.88;73603;7.961549022876742;Popular;0.5519039241491972;311.5;4.748018191013857;0.6497825326731343
8558;Product_8558;Beauty;Electronics;BrandD;247.42;0.32;168.25;916;4.92;1810;Supplier_19;USA;London;2;9;0.27;0;2016;1.75;61.93;Red;Fabric;5;843;1914;7878;0.48;146.17;69992.0;839904.0;27279;4308;288;0.182;248.65;0.18;51;5087.26;5050;4066;1.43;25;54;4;15;1.77;17.63;0.06;0.5071943896249358;0.4283933070336922;PRODUCT_8558;12;22.080000000000013;31875;18.80895434072309;Popular;0.811494376416525;709.0;4.694845733349216;0.6493479307059552
6875;Product_6875;Beauty;Beauty;BrandA;184.77;0.47;97.93;887;4.73;4297;Supplier_19;UK;New York;19;5;0.03;0;2025;33.41;50.59;White;Wood;0;889;1822;3266;0.45;136.6;45929.17;551150.04;52958;13313;5961;0.093;107.16;0.58;66;9440.61;6066;4436;0.6;44;39;97;2;1.06;23.88;0.13;0.523063113122316;0.3982446506810896;PRODUCT_6875;12;-38.66999999999999;72232;15.799440567570066;Popular;0.710171264743093;608.2;4.658766163548876;0.6490560630838772
3704;Product_3704;Beauty;Clothing;BrandD;928.85;0.38;575.89;584;4.52;4639;Supplier_10;Germany;Berlin;20;11;0.14;0;2022;35.94;60.76;Green;Plastic;0;615;2888;5215;0.12;606.29;253967.49;3047609.88;69933;22102;11304;0.167;204.19;0.11;58;2330.73;9091;3737;0.66;28;6;182;4;2.05;20.47;0.06;0.7156983931665832;0.6837411024968959;PRODUCT_3704;12;-30.399999999999977;103339;4.0657920015750175;Standard;0.430229423122179;715.8;4.44050785695331;0.6490509645603075
267;Product_267;Clothing;Toys;BrandD;523.31;0.37;329.69;811;4.92;454;Supplier_47;China;New York;8;9;0.24;0;2021;2.95;52.9;Black;Metal;4;373;434;6396;0.19;454.0;60992.65;731911.8;85671;33896;11904;0.119;218.55;0.52;97;990.64;9159;4172;0.84;23;26;122;-61;3.4;44.67;0.14;0.6164049640171206;0.4509429795431938;PRODUCT_267;11;-124.31;131471;6.197015643434454;Standard;0.4550125644770736;255.7;4.416832946599435;0.6488183646252577
7149;Product_7149;Sports;Sports;BrandC;703.88;0.1;633.49;844;4.77;3867;Supplier_6;Germany;Berlin;7;8;0.03;1;2018;45.09;99.13;Blue;Metal;1;800;2388;2854;0.32;544.03;155838.54;1870062.48;18663;23991;4809;0.063;25.0;0.35;53;9964.93;1712;2775;0.97;13;59;55;36;4.95;33.83;0.25;0.5503713047494105;0.5327749313908192;PRODUCT_7149;12;89.46000000000004;47463;10.848231933030268;Popular;0.6406418224514855;611.0;4.839441308581403;0.648418880169017
8157;Product_8157;Electronics;Home;BrandB;376.08;0.33;251.97;51;4.46;3817;Supplier_11;USA;Shanghai;3;12;0.18;1;2023;17.54;45.55;Red;Plastic;2;781;1567;9231;0.11;208.89;8063.04;96756.48;95778;21558;18231;0.166;276.27;0.52;79;622.2;4604;3273;0.8;57;85;74;-94;1.13;20.72;0.16;0.5551759051739997;0.3541036388362968;PRODUCT_8157;12;43.08000000000001;135567;3.810844721039643;Standard;0.3450806152906855;476.0;4.493758497107682;0.6479082902870319
1746;Product_1746;Home;Home;BrandB;490.54;0.28;353.19;56;4.52;826;Supplier_16;USA;Berlin;4;10;0.24;1;2016;48.85;20.18;Green;Metal;2;904;2385;2578;0.09;322.17;162114.21;1945370.52;55392;22120;998;0.057;151.66;0.75;53;1609.47;1266;1039;1.19;42;73;51;92;1.54;35.91;0.21;0.6091338486406818;0.5475260483216432;PRODUCT_1746;12;31.019999999999985;78510;2.927327607397665;Popular;0.4276111632703971;630.2;4.611041106307237;0.6471227931757698
5327;Product_5327;Home;Electronics;BrandB;920.7;0.04;883.87;712;4.61;3397;Supplier_46;China;New York;2;6;0.0;1;2018;28.95;78.89;Black;Metal;5;556;490;6445;0.07;487.36;353548.0;4242576.0;65721;16607;29675;0.14;260.74;0.15;66;5581.6;4057;557;0.99;45;60;124;-27;3.55;17.46;0.11;0.7984692243967942;0.8251877940679927;PRODUCT_5327;12;396.51;112003;2.3259326553339696;Standard;0.4425295834638966;182.4;4.423563975796236;0.6457943118274152
9520;Product_9520;Electronics;Sports;BrandA;789.85;0.07;734.56;265;4.91;4216;Supplier_6;India;New York;15;3;0.15;1;2017;20.1;52.59;Red;Fabric;2;553;1069;8217;0.44;666.83;70517.76;846213.12;32020;9616;14850;0.097;272.33;0.37;79;5584.27;4261;4514;0.75;38;26;127;87;1.6;32.09;0.22;0.5163212903542569;0.4313280703091133;PRODUCT_9520;12;67.7299999999999;56486;14.971420040405969;Standard;0.6830810068896096;365.0;4.550928335660813;0.6457057622956113
3044;Product_3044;Clothing;Beauty;BrandD;225.03;0.3;157.52;49;4.8;4539;Supplier_43;India;Mumbai;4;5;0.14;1;2022;46.44;18.13;Blue;Plastic;3;570;213;805;0.14;137.21;28983.68;347804.16;92868;43582;16198;0.16;131.2;0.75;64;1305.06;1517;3096;0.82;18;27;146;1;4.69;8.21;0.23;0.594201578192619;0.4031544947059419;PRODUCT_3044;12;20.31;152648;4.947916836711053;Standard;0.4211486597045161;313.7;4.552813632779147;0.6456896293642436
6793;Product_6793;Home;Sports;BrandE;458.31;0.46;247.49;840;4.56;200;Supplier_4;UK;Mumbai;18;3;0.14;1;2019;7.45;47.38;White;Wood;4;711;2226;8327;0.48;406.58;9157.13;109885.56;84912;16915;29037;0.135;178.24;0.86;56;353.92;5373;1881;1.34;43;14;79;-2;3.45;48.31;0.09;0.5423635090839868;0.3555016194659318;PRODUCT_6793;12;-159.08999999999995;130864;16.316997138385833;Popular;0.6317332582386794;634.8;4.491072411973873;0.6456596414959738
6741;Product_6741;Beauty;Clothing;BrandC;844.31;0.17;700.78;1000;4.36;2317;Supplier_36;India;Mumbai;19;13;0.13;0;2014;25.71;82.14;Black;Metal;3;751;550;122;0.19;488.56;23125.74;277508.88;75707;26586;11025;0.192;193.68;0.73;64;6456.86;4272;4916;1.27;46;20;73;-74;4.29;38.68;0.22;0.5197332605636784;0.3565657338129464;PRODUCT_6741;12;212.22;113318;6.539639526745977;Standard;0.3796058441981303;194.2;4.463328457750383;0.6455939671723241
8928;Product_8928;Toys;Home;BrandE;524.1;0.07;487.41;350;4.72;1207;Supplier_19;Germany;Mumbai;20;12;0.17;0;2019;8.28;28.13;White;Metal;4;772;979;4493;0.32;269.19;116003.58;1392042.96;44455;43467;11954;0.101;153.11;0.73;99;5032.46;1834;3822;0.7;11;18;94;-98;4.58;28.17;0.05;0.5643622808181163;0.4897629195041111;PRODUCT_8928;12;218.22000000000003;99876;11.059084203960072;Popular;0.6099337242247778;364.6;4.743666675109247;0.6451079609978753
3859;Product_3859;Electronics;Sports;BrandC;447.58;0.5;223.79;255;4.67;1887;Supplier_13;India;Mumbai;9;5;0.27;1;2013;35.58;54.92;Blue;Plastic;4;684;1233;6078;0.44;376.51;78550.29;942603.48;73538;42839;26603;0.175;24.87;0.29;83;9207.83;10000;4085;0.93;42;79;34;79;4.45;26.11;0.19;0.5869451814213809;0.4520314786482119;PRODUCT_3859;12;-152.72;142980;15.764563548911935;Standard;0.664097163262575;447.3;4.596276007115383;0.6448124419316817
4060;Product_4060;Sports;Sports;BrandD;552.91;0.43;315.16;119;4.25;141;Supplier_32;India;Shanghai;15;8;0.02;0;2016;9.23;51.65;White;Wood;3;980;2773;1448;0.42;324.14;154428.4;1853140.8;76282;22727;1764;0.154;190.44;0.53;98;5311.04;5002;2557;1.17;47;84;192;9;3.85;32.31;0.13;0.6228371408754464;0.5321142927983411;PRODUCT_4060;12;-8.979999999999961;100773;14.189701523734096;Standard;0.6185330312221085;751.0;4.515015780187017;0.644526885760738
626;Product_626;Electronics;Toys;BrandB;199.72;0.45;109.85;662;4.79;4203;Supplier_21;UK;Mumbai;16;1;0.16;1;2013;36.3;29.29;White;Wood;2;668;1086;5801;0.48;150.44;5822.05;69864.6;78739;6043;25083;0.045;146.09;0.14;58;887.93;3309;982;1.0;2;85;120;-12;1.11;15.89;0.24;0.5456025191086276;0.3618882892275698;PRODUCT_626;11;-40.59;109865;15.631213153043928;Standard;0.6693186926339343;409.9;4.533663069688142;0.6442649953198084
7238;Product_7238;Sports;Beauty;BrandD;194.07;0.34;128.09;404;4.96;3170;Supplier_23;India;Shanghai;10;9;0.06;1;2018;39.22;92.13;White;Fabric;3;612;1116;8096;0.11;112.81;8325.85;99910.2;63273;459;9558;0.063;252.04;0.42;69;2024.43;2986;3334;0.68;6;74;26;9;2.73;37.26;0.08;0.5303778322740731;0.3669624840505617;PRODUCT_7238;12;15.28;73290;3.722477083316745;Standard;0.4362511311921959;427.0;4.552796830189761;0.6440527035060998
6172;Product_6172;Home;Home;BrandD;355.97;0.35;231.38;754;4.31;4414;Supplier_15;India;London;10;10;0.02;1;2019;26.94;2.46;Green;Metal;3;937;2974;2724;0.35;316.06;9717.96;116615.52;90885;25055;21546;0.032;291.62;0.73;86;4120.6;1713;3214;1.02;44;72;134;4;4.12;7.72;0.17;0.5347843609908064;0.343864369573406;PRODUCT_6172;12;-84.68;137486;10.654158295614316;Standard;0.4978971701135183;748.3;4.516635590539388;0.6438617164454199
4173;Product_4173;Clothing;Sports;BrandA;271.15;0.08;249.46;263;4.49;3167;Supplier_7;China;London;5;2;0.01;0;2015;44.98;12.05;Red;Fabric;2;804;1495;297;0.18;168.28;83070.18;996842.16;93917;41178;10328;0.115;265.6;0.41;72;6454.53;7542;4842;0.53;16;32;19;-43;4.82;11.1;0.16;0.6171218202957696;0.4590141625269527;PRODUCT_4173;12;81.18;145423;6.029405682399797;Standard;0.436623182276063;485.6;4.560027105500898;0.64361997305427
9623;Product_9623;Electronics;Electronics;BrandE;575.31;0.1;517.78;183;4.96;1347;Supplier_9;China;London;5;5;0.17;1;2015;22.72;14.59;Blue;Plastic;3;292;718;1969;0.48;391.81;245427.72;2945132.64;86798;37277;14877;0.172;71.92;0.54;99;5954.97;2078;883;0.5;52;25;196;-70;2.41;31.61;0.07;0.7774301630190249;0.7101687180079931;PRODUCT_9623;12;125.96999999999996;138952;15.84937199852606;High_Margin;0.734927338556689;365.8;4.341962727793098;0.6435972920961843
8439;Product_8439;Sports;Electronics;BrandB;923.04;0.36;590.75;662;4.83;966;Supplier_27;USA;New York;3;14;0.29;1;2013;1.38;85.8;Green;Fabric;5;589;2888;587;0.41;622.57;267609.75;3211317.0;25582;40628;20661;0.102;10.38;0.23;51;8353.14;9020;2571;0.54;15;63;183;56;2.84;40.92;0.2;0.6632903232530303;0.6959014908249225;PRODUCT_8439;12;-31.82000000000005;86871;13.92328143912451;Premium;0.7250727918834514;723.6;4.801678598060664;0.643559251700258
2065;Product_2065;Toys;Clothing;BrandA;586.83;0.02;575.09;172;4.11;4829;Supplier_14;Germany;London;3;4;0.15;0;2025;2.28;97.87;Green;Plastic;3;947;764;1940;0.06;337.61;13802.16;165625.92;99648;39591;17606;0.111;173.2;0.27;81;7332.36;8918;4176;0.83;45;25;183;-34;2.81;44.5;0.23;0.539758010312511;0.3419916853488173;PRODUCT_2065;12;237.48;156845;1.877905324304514;Standard;0.2512917973894696;257.9;4.465203506104321;0.6433285791044645
4741;Product_4741;Clothing;Clothing;BrandA;693.01;0.32;471.25;575;4.54;3106;Supplier_10;China;Berlin;6;3;0.29;1;2012;3.56;80.45;Green;Fabric;5;659;296;140;0.17;485.54;172006.25;2064075.0;76094;46679;21523;0.169;274.9;0.55;99;4624.16;7746;1240;1.19;58;33;131;35;1.8;2.14;0.16;0.6604879894390869;0.5749589178889442;PRODUCT_4741;12;-14.29000000000002;144296;5.857520813757827;Standard;0.4504592901860731;187.0;4.5355836623441945;0.6431816265294155
7427;Product_7427;Electronics;Home;BrandE;845.06;0.03;819.71;191;4.51;4476;Supplier_1;USA;New York;4;12;0.09;1;2022;26.91;39.42;White;Plastic;3;821;1509;838;0.21;754.54;103283.46;1239401.52;39619;4766;14266;0.062;211.26;0.47;99;2291.02;6576;4268;0.94;37;15;33;6;1.35;4.31;0.07;0.5271594169044764;0.4557658018024928;PRODUCT_7427;12;65.17000000000007;58651;6.750804066503486;Popular;0.470842670864775;389.3;4.512755321555121;0.6430022279823837
8076;Product_8076;Beauty;Clothing;BrandC;602.29;0.13;523.99;167;4.95;1640;Supplier_48;USA;New York;7;5;0.01;0;2018;44.64;5.99;Red;Plastic;2;499;2023;4749;0.39;329.54;58686.88;704242.56;49553;931;29052;0.199;125.64;0.21;56;163.31;9406;1588;1.13;3;2;147;11;2.73;15.74;0.09;0.5446132115054566;0.4279886001888627;PRODUCT_8076;12;194.45;79536;14.384763819870846;Standard;0.6575472150963272;596.0;4.4696008322492276;0.6426096710156309
5165;Product_5165;Home;Beauty;BrandA;603.59;0.4;362.15;544;4.89;1965;Supplier_45;Germany;Shanghai;18;6;0.16;1;2017;8.84;30.09;Blue;Metal;5;317;310;6287;0.46;416.69;22091.15;265093.8;90047;15104;19357;0.051;131.82;0.66;90;1395.63;4550;1871;0.57;59;33;156;-100;1.51;43.09;0.15;0.5899448872211082;0.3976550498125846;PRODUCT_5165;12;-54.54000000000002;124508;13.622177457827442;Standard;0.5953135636989443;176.3;4.294367478606534;0.6424561119978427
9898;Product_9898;Home;Home;BrandE;449.53;0.03;436.04;615;4.68;2454;Supplier_1;India;London;15;8;0.15;0;2010;0.61;24.41;White;Fabric;1;542;2959;5992;0.37;324.85;4796.44;57557.28;95353;46580;3821;0.148;24.0;0.55;66;7792.53;7131;2714;0.93;43;17;129;32;4.25;35.95;0.13;0.5691704026925262;0.3633946738443462;PRODUCT_9898;12;111.19;145754;12.517877524160443;Standard;0.5434798494992426;793.6;4.488543852773003;0.6423667995746156
7396;Product_7396;Sports;Toys;BrandB;959.89;0.28;691.12;138;4.13;2633;Supplier_28;Germany;Berlin;10;7;0.24;1;2016;33.24;63.16;Blue;Wood;3;788;1913;5829;0.26;505.46;330355.36;3964264.32;92525;20765;8089;0.155;271.3;0.32;73;3690.33;2912;4598;0.63;59;80;20;-96;3.99;20.73;0.24;0.7941222901403572;0.7783620323151124;PRODUCT_7396;12;185.66000000000005;121379;8.273344550999568;Standard;0.4924988072019906;480.5;4.3651916945096545;0.6422225836643495
9730;Product_9730;Electronics;Electronics;BrandA;639.34;0.15;543.44;616;4.76;3817;Supplier_50;USA;New York;2;13;0.27;0;2011;19.37;30.85;White;Wood;1;473;2460;1528;0.11;327.95;135860.0;1630320.0;79182;5488;28604;0.177;190.94;0.73;64;2905.18;6750;2837;1.08;10;12;90;30;1.63;7.57;0.05;0.6537755777570775;0.5407222630125774;PRODUCT_9730;12;215.49000000000007;113274;3.7970115968337415;Standard;0.4094153060813014;655.8;4.382344664931219;0.6418563963625767
3330;Product_3330;Electronics;Home;BrandD;574.17;0.27;419.14;599;4.87;2221;Supplier_1;Germany;Berlin;14;12;0.14;0;2011;48.58;15.12;Black;Plastic;2;289;315;1899;0.13;491.42;103527.58;1242330.96;99877;15395;8916;0.162;159.86;0.52;94;4098.81;4271;3787;1.25;11;50;51;-35;2.66;4.47;0.15;0.6766994120767418;0.5153048558718671;PRODUCT_3330;12;-72.28000000000003;124188;4.17111707353788;Standard;0.3978025884326441;259.4;4.246780287531766;0.6414282474430726
7243;Product_7243;Electronics;Toys;BrandE;842.53;0.35;547.64;305;4.36;4078;Supplier_46;USA;Mumbai;10;12;0.05;0;2025;33.06;45.07;White;Metal;0;996;280;3570;0.13;614.93;214127.24;2569526.88;30999;18148;13845;0.011;193.87;0.26;73;4726.39;3688;3762;0.71;20;56;120;84;4.92;31.52;0.14;0.5914134864106438;0.5948403220609729;PRODUCT_7243;12;-67.28999999999996;62992;3.956662476514928;Standard;0.4509136154932052;112.6;4.62298795597338;0.6410679996940478
1128;Product_1128;Home;Clothing;BrandA;631.2;0.24;479.71;350;4.83;1705;Supplier_2;India;Shanghai;4;9;0.06;1;2019;35.51;3.34;Blue;Plastic;3;607;2544;2564;0.06;524.67;185168.06;2222016.72;45344;28282;9960;0.116;275.48;0.2;81;3899.28;4128;2180;0.8;6;67;183;-10;4.37;45.17;0.2;0.6332807411770759;0.5933342826670603;PRODUCT_1128;12;-44.95999999999998;83586;2.073158247765876;Standard;0.4357036257497204;672.5;4.620814130626975;0.6404785360022465
3421;Product_3421;Clothing;Clothing;BrandD;413.54;0.03;401.13;504;4.9;1242;Supplier_36;Germany;New York;15;1;0.06;0;2012;15.99;27.97;Green;Fabric;4;399;941;5620;0.29;270.84;187728.84;2252746.08;89093;12845;18944;0.047;284.85;0.74;93;544.91;6454;2708;1.42;37;49;189;56;3.03;27.66;0.16;0.7285518841003087;0.6276218938899356;PRODUCT_3421;12;130.29000000000002;120882;8.914023064148141;Standard;0.569300515330295;349.4;4.38542085638823;0.6402559934550054
7414;Product_7414;Home;Sports;BrandC;777.67;0.47;412.17;969;4.31;4094;Supplier_18;Germany;Mumbai;5;5;0.11;1;2013;40.67;63.52;Black;Wood;1;914;2029;335;0.16;633.61;51109.08;613308.96;57625;5361;7174;0.122;161.08;0.9;64;1035.46;3194;650;1.33;26;68;54;95;4.32;48.1;0.24;0.5031677641276432;0.3813548049809769;PRODUCT_7414;12;-221.44;70160;5.276014299734507;Standard;0.3845163535991017;526.2;4.470176133702399;0.6398906605299841
9701;Product_9701;Clothing;Electronics;BrandA;804.47;0.17;667.71;532;4.96;3619;Supplier_49;Germany;Berlin;2;10;0.2;1;2010;11.36;82.52;White;Wood;5;366;2539;9369;0.06;556.76;262410.03;3148920.36;52871;45445;24375;0.103;51.66;0.48;53;4617.21;3425;4235;1.34;37;13;54;11;2.79;47.86;0.12;0.7238905507639024;0.7133803174082353;PRODUCT_9701;12;110.95000000000005;122691;1.9384515616370872;Standard;0.4487011672806022;639.1;4.518053725244411;0.6398094674448569
2435;Product_2435;Electronics;Beauty;BrandE;848.22;0.48;441.07;818;4.2;372;Supplier_40;Germany;New York;1;2;0.22;0;2025;12.0;90.42;Green;Fabric;5;950;477;9412;0.48;463.71;108944.29;1307331.48;61382;11603;22807;0.172;135.37;0.22;84;675.8;6756;1659;1.24;58;23;161;-99;1.75;23.76;0.24;0.5506668531845262;0.4568425951403507;PRODUCT_2435;12;-22.639999999999983;95792;16.202605066307246;Standard;0.6263030797648137;185.9;4.460811496446262;0.6386310563269879
6553;Product_6553;Clothing;Beauty;BrandD;693.87;0.29;492.65;361;4.74;945;Supplier_24;India;London;17;8;0.11;1;2021;12.47;23.95;Black;Wood;1;413;806;9270;0.15;515.57;200508.55;2406102.6;86153;12451;14220;0.127;140.1;0.61;60;6307.21;9492;914;1.32;2;42;85;68;2.91;10.13;0.1;0.7206506789899807;0.6333554204857869;PRODUCT_6553;12;-22.920000000000076;112824;4.828508327228303;Standard;0.4426624652372329;278.6;4.335250780555395;0.6380097618306751
50;Product_50;Clothing;Sports;BrandA;601.29;0.45;330.71;526;4.47;1767;Supplier_23;UK;Berlin;6;6;0.24;0;2018;0.46;96.81;Blue;Wood;0;660;1575;4695;0.07;407.74;75732.59;908791.08;91513;40832;18646;0.079;286.33;0.32;70;2807.45;3123;1041;1.48;51;34;168;-13;1.18;3.59;0.25;0.6045238466242726;0.4461072274299192;PRODUCT_50;10;-77.03000000000003;150991;2.19241532703227;Standard;0.3162623057458407;412.1;4.474739130599357;0.6379190103773817
768;Product_768;Clothing;Clothing;BrandC;443.27;0.13;385.64;962;4.68;4830;Supplier_30;China;Mumbai;4;8;0.01;1;2021;1.79;92.39;Blue;Metal;1;852;2570;4048;0.2;385.58;112606.88;1351282.56;39752;32708;26893;0.095;139.47;0.68;90;2690.72;926;4664;1.15;40;60;67;63;4.1;15.34;0.23;0.5488897554792411;0.4796661951772566;PRODUCT_768;11;0.0600000000000022;99353;6.916938635415171;Popular;0.5239973371760739;695.4;4.736064092693592;0.6379150624175507
7978;Product_7978;Home;Clothing;BrandD;727.3;0.43;414.56;92;4.08;354;Supplier_30;UK;Shanghai;19;8;0.19;0;2024;15.43;11.65;Red;Metal;2;890;759;2893;0.46;494.82;5803.84;69646.08;99628;5448;5758;0.094;128.61;0.22;99;6401.02;5269;3357;1.24;42;44;48;84;1.08;14.12;0.08;0.5305714266256901;0.328958294675474;PRODUCT_7978;12;-80.25999999999999;110834;13.946171991496072;Standard;0.5040466773924193;240.7;4.359874455454538;0.6379069140652104
3881;Product_3881;Sports;Clothing;BrandE;496.28;0.27;362.28;314;4.93;299;Supplier_14;China;Berlin;15;6;0.03;0;2015;40.25;63.71;Red;Metal;0;404;2322;3968;0.42;255.44;49994.64;599935.68;75613;22299;22880;0.088;290.7;0.86;64;4931.76;2023;1720;0.82;35;11;63;28;4.99;14.73;0.25;0.5878091319265113;0.4302824203380888;PRODUCT_3881;12;106.83999999999996;120792;13.525633634532069;Standard;0.6234708584410668;681.0;4.43253674794084;0.6378917166859477
2886;Product_2886;Electronics;Clothing;BrandB;550.5;0.35;357.82;51;4.65;2145;Supplier_12;China;New York;13;14;0.27;0;2022;27.31;14.48;Blue;Plastic;3;833;559;7046;0.43;334.3;144201.46;1730417.52;38554;33605;7491;0.177;252.95;0.19;83;1849.32;3054;3499;1.31;51;95;197;16;2.74;19.17;0.23;0.570743403579914;0.5208794611552596;PRODUCT_2886;12;23.519999999999985;79650;15.829595040795205;Popular;0.7135745359976141;301.3;4.724820279032413;0.6378303169780161
5935;Product_5935;Clothing;Beauty;BrandE;900.78;0.01;891.77;470;4.67;1667;Supplier_21;China;London;3;8;0.16;0;2013;10.25;76.13;Blue;Metal;3;495;2849;9426;0.25;777.66;359383.31;4312599.72;64779;39312;22031;0.082;199.91;0.75;78;5607.44;5930;764;1.18;49;54;167;-72;2.73;34.49;0.06;0.8063070219207866;0.8365617157967598;PRODUCT_5935;12;114.11;126122;7.840363940796364;Standard;0.5727676640432355;693.5;4.472003037758003;0.6373491710454713
7175;Product_7175;Home;Electronics;BrandC;821.12;0.33;550.15;493;4.52;1679;Supplier_47;USA;Shanghai;6;6;0.29;1;2017;41.17;51.82;White;Metal;0;503;2211;1238;0.45;432.68;145789.75;1749477.0;92586;24158;11842;0.086;43.81;0.85;81;6132.7;8868;4593;1.02;2;71;90;71;2.15;48.23;0.19;0.6697633371873459;0.5471880158245752;PRODUCT_7175;12;117.46999999999996;128586;13.74519806037328;Standard;0.5876244073270882;562.9;4.349215502800233;0.6372845049091378
7954;Product_7954;Home;Beauty;BrandB;273.53;0.25;205.15;41;4.81;2316;Supplier_20;China;Mumbai;3;5;0.26;0;2023;20.64;2.51;Blue;Plastic;4;581;2836;284;0.23;141.98;94984.45;1139813.4;81184;40208;13003;0.08;216.01;0.46;94;835.99;3358;3074;1.15;39;7;31;-1;3.7;28.16;0.18;0.627301678771032;0.4883898071201844;PRODUCT_7954;12;63.170000000000016;134395;7.606684356831314;Standard;0.5129122045230357;799.7;4.5696421798809075;0.6372128366900482
9900;Product_9900;Electronics;Clothing;BrandD;486.06;0.25;364.55;397;4.83;2850;Supplier_7;India;Mumbai;15;9;0.26;1;2018;5.32;52.61;White;Plastic;0;455;1964;2195;0.36;424.87;168057.55;2016690.6;82154;29166;2506;0.015;70.77;0.29;95;1633.72;7336;3300;1.01;56;27;142;-89;2.7;49.83;0.23;0.6924790818458466;0.5916748056522575;PRODUCT_9900;12;-60.31999999999999;113826;10.805477354641368;Standard;0.599778021998937;571.1;4.452000361627407;0.6369102096204289
7831;Product_7831;Toys;Clothing;BrandB;877.31;0.26;649.21;635;4.41;2079;Supplier_34;India;London;20;4;0.18;0;2017;40.55;66.85;Black;Plastic;5;790;2400;5687;0.23;493.0;219432.98;2633195.76;54247;25607;7329;0.052;284.32;0.42;90;1365.69;2142;1377;1.49;53;24;92;80;1.14;39.24;0.19;0.6463918500748986;0.6193553965479845;PRODUCT_7831;12;156.21000000000004;87183;7.120699887399482;Standard;0.4953834521003794;572.0;4.52772809451208;0.6367421087708527
1621;Product_1621;Electronics;Electronics;BrandB;850.45;0.34;561.3;1000;4.18;2216;Supplier_44;USA;New York;14;8;0.15;0;2013;33.64;16.13;Red;Plastic;5;895;397;2040;0.06;445.16;116189.1;1394269.2;72816;34152;7880;0.173;80.36;0.84;82;2467.55;3406;4180;1.13;41;91;65;46;1.82;10.64;0.2;0.5780492763931491;0.4724795676590179;PRODUCT_1621;12;116.13999999999992;114848;1.9998752133884337;Standard;0.3008586635888651;146.1;4.484979724847191;0.6367102473065399
6258;Product_6258;Clothing;Electronics;BrandC;670.97;0.22;523.36;854;4.66;4933;Supplier_8;UK;Shanghai;6;1;0.09;0;2014;33.68;63.77;Red;Metal;0;651;498;5087;0.44;505.07;164858.4;1978300.8;58049;15514;28065;0.159;21.85;0.61;66;6139.5;1615;1114;0.83;24;36;23;28;1.78;33.84;0.07;0.6279633683294741;0.5618893273853465;PRODUCT_6258;12;18.29000000000002;101628;15.399266025568542;Standard;0.6834078180314405;243.0;4.509469219282195;0.6366764687168942
9452;Product_9452;Home;Beauty;BrandC;838.07;0.39;511.22;158;4.97;400;Supplier_36;Germany;New York;8;10;0.08;0;2024;44.78;88.84;Green;Wood;4;314;1445;8590;0.45;710.45;188128.96;2257547.52;55973;22028;18164;0.083;135.34;0.29;95;1256.09;1915;1342;1.31;48;1;168;48;2.26;13.23;0.19;0.6682394475678477;0.6127822652312789;PRODUCT_9452;12;-199.23;96165;13.93347588939241;Premium;0.6830396737900812;410.9;4.367738433265948;0.6365344217979294
115;Product_115;Home;Electronics;BrandC;369.36;0.47;195.76;109;4.6;3397;Supplier_22;Germany;Mumbai;10;4;0.02;0;2010;7.28;21.59;Red;Fabric;5;644;1606;4728;0.42;276.55;69690.56;836286.72;93032;34105;20461;0.035;290.0;0.77;64;2747.68;6493;4168;0.51;17;83;25;56;3.33;7.07;0.2;0.6128658540415263;0.4469526374972328;PRODUCT_115;11;-80.79000000000002;147598;12.93604231847116;Standard;0.5868736795414264;472.7;4.501018984745654;0.6356700595732463
7094;Product_7094;Clothing;Sports;BrandC;660.27;0.01;653.67;615;4.6;3735;Supplier_13;UK;Berlin;14;14;0.0;1;2024;31.62;36.75;Black;Plastic;2;969;963;7152;0.34;538.25;221594.13;2659129.56;12115;3854;3205;0.12;199.67;0.87;53;3176.92;5031;1879;0.5;31;53;157;56;3.93;43.06;0.15;0.5791381371894234;0.6092320048356522;PRODUCT_7094;12;115.41999999999996;19174;12.04682198252062;Popular;0.6804240798787969;323.0;4.6545420356976095;0.6355708762648447
3571;Product_3571;Clothing;Home;BrandB;892.59;0.01;883.66;78;4.27;4587;Supplier_33;UK;London;10;3;0.25;0;2022;14.97;55.02;Black;Plastic;4;943;2273;2518;0.44;560.14;145803.9;1749646.8;46834;46742;28294;0.07;162.77;0.35;62;4916.45;675;1534;1.31;51;12;36;47;4.08;3.29;0.06;0.5582575450439373;0.5037523372327379;PRODUCT_3571;12;323.52;121870;13.770918233820955;Standard;0.6107609767947823;549.7;4.647657589488477;0.6355642011061216
7584;Product_7584;Toys;Beauty;BrandB;962.86;0.47;510.32;568;4.4;329;Supplier_49;India;London;9;12;0.1;1;2015;9.7;36.86;Black;Metal;5;511;821;5958;0.45;696.72;78078.96;936947.52;96489;15886;4621;0.13;218.95;0.61;61;2468.83;3445;4433;0.98;58;62;53;-52;1.21;33.52;0.24;0.610856501207768;0.4478699549660916;PRODUCT_7584;12;-186.40000000000003;116996;13.957627516063392;Standard;0.5354661712657245;247.8;4.288257955810246;0.635479635651541
1391;Product_1391;Toys;Sports;BrandB;883.2;0.01;874.37;748;4.98;4567;Supplier_21;Germany;Mumbai;9;11;0.05;0;2015;27.06;32.28;Blue;Plastic;1;281;1411;5918;0.29;532.45;5246.22;62954.64;55605;11936;22903;0.05;109.58;0.17;88;9839.84;3780;2194;1.17;56;29;120;-64;1.89;22.62;0.15;0.514041865639263;0.3593665749221604;PRODUCT_1391;12;341.92;90444;8.555444301441264;Premium;0.4883111359398954;385.8;4.2916942194372005;0.6348695647414857
630;Product_630;Home;Clothing;BrandA;702.15;0.16;589.81;274;4.34;3324;Supplier_10;UK;Shanghai;10;5;0.08;1;2021;29.36;51.93;Green;Metal;2;712;2936;7824;0.29;543.19;181661.48;2179937.76;91885;15179;766;0.024;170.31;0.45;97;5931.22;5912;3547;1.2;2;1;45;-35;3.56;4.9;0.13;0.6842189076364318;0.5850360613889152;PRODUCT_630;11;46.61999999999989;107830;8.466789699311036;Standard;0.4812604470247519;714.1;4.396831693158916;0.6344949734595445
7279;Product_7279;Electronics;Home;BrandB;835.55;0.27;609.95;622;4.35;501;Supplier_38;UK;New York;8;4;0.08;1;2021;32.86;8.32;Red;Fabric;4;962;1670;1277;0.08;686.05;267768.05;3213216.6;35599;8726;1323;0.132;206.59;0.52;90;6414.07;6815;4249;0.85;31;12;141;-98;1.85;44.81;0.24;0.6450608547502716;0.6714123073626214;PRODUCT_7279;12;-76.09999999999991;45648;2.7063613608301065;Standard;0.4323757358653318;425.4;4.537045213703772;0.634215582926791
9642;Product_9642;Sports;Electronics;BrandB;520.24;0.38;322.55;552;4.38;1670;Supplier_29;USA;New York;6;12;0.16;0;2024;46.29;46.09;Red;Metal;1;868;2356;9999;0.18;344.47;48705.05;584460.6;73445;28827;18736;0.171;196.7;0.33;91;221.24;9173;2686;0.61;24;1;91;-78;4.66;37.89;0.22;0.5383847131078409;0.3919915192989762;PRODUCT_9642;12;-21.920000000000016;121008;6.247722157672264;Standard;0.4114564272728838;647.0;4.537436807598158;0.6334593171626894
2469;Product_2469;Electronics;Sports;BrandD;781.24;0.19;632.8;874;4.58;1045;Supplier_34;China;Mumbai;14;2;0.25;0;2016;19.58;47.66;Red;Metal;4;907;1301;3507;0.37;569.89;246159.2;2953910.4;14662;35524;998;0.062;283.7;0.2;71;1500.06;9352;99;0.5;9;59;19;-81;2.87;14.83;0.22;0.6033535218737393;0.643575893492047;PRODUCT_2469;12;62.90999999999997;51184;12.257959476864372;Popular;0.6825799932089868;375.4;5.041070115374497;0.6333116581851516
2276;Product_2276;Sports;Home;BrandA;439.55;0.17;364.83;481;4.59;4778;Supplier_33;USA;Shanghai;4;13;0.1;0;2010;30.3;39.65;Green;Wood;1;967;1162;9597;0.12;301.41;131703.63;1580443.56;31152;1727;2340;0.125;79.63;0.28;86;2189.84;9217;2292;0.73;39;39;194;-59;1.63;3.2;0.24;0.5405952712203206;0.4952510432370285;PRODUCT_2276;12;63.41999999999996;35219;4.26023756288093;Popular;0.4731060727739977;390.4;4.5971804055321;0.6329813178372882
2568;Product_2568;Toys;Clothing;BrandA;480.81;0.4;288.49;811;4.32;3328;Supplier_37;India;Mumbai;19;3;0.03;0;2025;2.94;2.6;Black;Plastic;0;931;594;6310;0.13;430.71;90008.88;1080106.56;74159;38007;4578;0.192;211.62;0.89;61;1424.76;9684;4650;0.75;46;20;171;64;3.55;36.99;0.11;0.5698526809158595;0.4459082573532745;PRODUCT_2568;12;-142.21999999999997;116744;4.577096561603095;Standard;0.3883627315177522;265.2;4.565434508039584;0.6321410353242894
7025;Product_7025;Clothing;Home;BrandE;523.8;0.08;481.9;185;4.79;3375;Supplier_21;India;Shanghai;12;5;0.1;1;2018;1.8;94.06;Green;Fabric;3;415;79;3275;0.25;423.29;963.8;11565.6;89559;31280;4807;0.187;125.17;0.57;99;4116.02;4162;3918;0.74;18;60;60;-86;1.67;31.97;0.14;0.5631478348998264;0.3616381818150005;PRODUCT_7025;12;58.60999999999996;125646;8.57221202620632;Standard;0.4568370964535311;180.9;4.398127496840021;0.632053897465499
7315;Product_7315;Toys;Beauty;BrandD;868.53;0.14;746.94;480;4.91;2993;Supplier_26;USA;Berlin;14;11;0.15;1;2013;41.52;80.85;Blue;Metal;2;221;948;6605;0.13;589.5;47057.22;564686.64;76388;46537;28116;0.038;110.91;0.71;91;4044.09;2794;341;1.25;32;96;46;18;3.54;22.41;0.06;0.5852816526136313;0.425390453707968;PRODUCT_7315;12;157.44000000000003;151041;3.579573073817341;Standard;0.362878887820511;278.2;4.246914697839764;0.6320296315167018
2423;Product_2423;Electronics;Electronics;BrandC;340.61;0.28;245.24;606;4.69;153;Supplier_9;China;New York;12;9;0.07;0;2015;4.11;90.98;Black;Fabric;3;561;2983;1020;0.2;238.68;55179.0;662148.0;94454;33849;27143;0.011;29.08;0.15;62;2247.2;5304;4261;1.04;24;3;63;3;2.41;13.95;0.05;0.610669789341852;0.4334244269339679;PRODUCT_2423;12;6.560000000000002;155446;6.004277171287486;Standard;0.43152577066337;759.7;4.480273723632069;0.6318817617928805
1863;Product_1863;Clothing;Sports;BrandE;762.83;0.01;755.2;722;4.74;81;Supplier_7;USA;Berlin;4;7;0.1;0;2025;44.36;67.16;White;Plastic;4;455;397;4726;0.5;495.33;236377.6;2836531.2;69776;43571;23772;0.026;290.0;0.73;91;342.0;1777;1219;0.89;4;73;185;14;3.97;17.45;0.19;0.7181472853552944;0.6733127352520498;PRODUCT_1863;12;259.87000000000006;137119;14.887575965471374;Standard;0.698051665652504;179.6;4.469885337518207;0.6313587547429677
742;Product_742;Toys;Clothing;BrandC;314.02;0.17;260.64;110;4.66;3450;Supplier_5;USA;Berlin;4;7;0.0;1;2012;7.89;57.91;White;Wood;0;858;2527;577;0.29;274.93;94091.04;1129092.48;49216;21517;11766;0.16;233.61;0.44;88;6647.07;7377;1545;0.67;19;29;139;53;2.2;24.28;0.2;0.5506024961819014;0.4583661076848196;PRODUCT_742;11;-14.29000000000002;82499;10.590505500556644;Popular;0.5894597716487008;727.7;4.653746613006966;0.631233142761068
1125;Product_1125;Toys;Toys;BrandA;868.62;0.29;616.72;858;4.69;1913;Supplier_48;India;New York;19;7;0.18;1;2013;5.61;85.72;Green;Fabric;1;551;1717;4085;0.43;547.21;200434.0;2405208.0;51633;3316;1301;0.086;250.4;0.86;80;8909.11;7555;3628;0.87;60;65;177;-38;3.24;35.96;0.23;0.6475374385601329;0.6093368404228486;PRODUCT_1125;12;69.50999999999999;56250;13.827530126590744;Standard;0.6585604547669609;455.9;4.414263717184167;0.6311262017340733
6249;Product_6249;Electronics;Toys;BrandB;323.45;0.17;268.46;107;4.53;3440;Supplier_35;UK;New York;2;13;0.28;1;2024;41.36;65.6;Black;Fabric;1;731;2023;3922;0.27;170.47;109800.14;1317601.68;89559;13679;2253;0.072;73.27;0.55;90;1838.99;810;3615;0.89;3;18;194;-68;3.21;12.16;0.1;0.6341512164676155;0.4960592213660569;PRODUCT_6249;12;97.98999999999998;105491;8.648144685183158;Popular;0.5030252754743446;563.1;4.4808596659179365;0.630203052414039
5377;Product_5377;Home;Home;BrandD;356.34;0.01;352.78;128;4.93;888;Supplier_40;Germany;New York;9;3;0.25;0;2015;41.59;14.23;Black;Fabric;0;373;558;8214;0.18;180.6;104070.1;1248841.2;88876;13770;21455;0.049;196.14;0.41;99;2901.74;45;2688;0.87;1;57;150;-58;3.85;38.23;0.23;0.6599517265465988;0.5132962644495103;PRODUCT_5377;12;172.17999999999998;124101;5.514786639762312;Standard;0.4618064730970322;253.2;4.372689312079815;0.6301582617650501
6518;Product_6518;Electronics;Sports;BrandC;629.65;0.04;604.46;38;4.74;2331;Supplier_28;Germany;New York;1;14;0.01;1;2010;43.78;46.51;Green;Plastic;4;850;2736;1789;0.11;408.43;131772.28;1581267.36;11564;2516;12632;0.019;62.13;0.73;66;5788.46;7365;3764;0.97;20;60;122;-48;4.96;35.77;0.14;0.5134713001688042;0.4931917638554165;PRODUCT_6518;12;196.03000000000003;26712;3.584413290231082;Popular;0.4749496937952709;677.8;4.638079206323851;0.6300317516555363
7987;Product_7987;Toys;Home;BrandB;805.97;0.36;515.82;542;4.52;670;Supplier_28;China;Berlin;18;4;0.23;1;2016;2.62;7.38;Black;Plastic;1;516;287;1819;0.4;414.52;116575.32;1398903.84;87919;3646;734;0.178;142.29;0.77;99;3090.28;7326;3775;1.11;21;2;141;5;2.95;42.44;0.16;0.6357855842901446;0.5038387870068323;PRODUCT_7987;12;101.30000000000008;92299;13.307231667157035;Standard;0.5608320872682849;161.3;4.315511147687787;0.6298837646386168
5370;Product_5370;Toys;Toys;BrandC;815.57;0.4;489.34;519;4.44;1843;Supplier_43;Germany;London;6;11;0.15;0;2025;45.68;50.66;Black;Plastic;1;624;2933;3322;0.39;622.44;187417.22;2249006.64;80106;9290;3810;0.126;54.43;0.23;100;8422.18;6552;4110;1.31;1;23;79;51;1.32;35.94;0.2;0.6735123363297564;0.592356367259802;PRODUCT_5370;12;-133.10000000000008;93206;12.55220971202568;Standard;0.5763592875945452;705.4;4.374294927489997;0.6293586351591491
6444;Product_6444;Beauty;Clothing;BrandE;508.04;0.41;299.74;944;4.34;1901;Supplier_10;UK;Mumbai;6;12;0.06;1;2018;29.48;27.9;Blue;Plastic;1;886;1838;9337;0.41;362.46;113601.46;1363217.52;75265;11319;9246;0.017;151.3;0.27;65;145.07;8280;2346;0.81;7;66;43;48;2.42;8.39;0.09;0.5935653385567153;0.480597634137812;PRODUCT_6444;12;-62.71999999999997;95830;12.28362231466753;Standard;0.574722702325386;502.2;4.48121571829419;0.629254103373842
3029;Product_3029;Home;Electronics;BrandD;841.52;0.06;791.03;35;4.58;2780;Supplier_21;India;Mumbai;6;5;0.22;0;2023;34.96;98.37;Black;Fabric;1;500;848;4736;0.11;595.74;121818.62;1461823.44;78358;47068;22200;0.182;177.42;0.64;66;4296.39;4156;4615;1.16;15;55;5;3;3.1;30.11;0.21;0.6258834356786336;0.5092188437011483;PRODUCT_3029;12;195.29;147626;3.701936713704788;Standard;0.3623574671267832;273.8;4.438778227462711;0.6291926660452245
352;Product_352;Electronics;Beauty;BrandB;519.23;0.16;436.15;969;4.57;1544;Supplier_9;USA;London;2;8;0.29;0;2021;4.05;71.67;Red;Fabric;5;588;1048;3517;0.43;365.47;76762.4;921148.8;91504;9972;23281;0.061;292.69;0.37;72;7392.36;819;506;1.31;3;55;183;-58;4.09;23.11;0.09;0.6133744879849627;0.4539311669406876;PRODUCT_352;11;70.67999999999995;124757;13.29883425639685;Standard;0.578692560054441;351.8;4.40116624195163;0.6291455537810358
6740;Product_6740;Toys;Toys;BrandA;237.86;0.04;228.35;784;4.61;3101;Supplier_26;USA;New York;7;14;0.22;0;2012;12.21;65.63;Black;Plastic;4;757;1821;1438;0.26;159.22;10504.1;126049.2;79456;14624;11279;0.025;198.83;0.45;87;3193.4;8384;4371;1.17;39;35;6;29;2.16;16.97;0.17;0.5365860403519764;0.3572970756784986;PRODUCT_6740;12;69.13;105359;8.14622553368172;Popular;0.4792737639469166;569.2;4.533083664365689;0.6287744667569424
249;Product_249;Sports;Sports;BrandB;485.98;0.05;461.68;350;4.88;185;Supplier_50;USA;Shanghai;12;8;0.03;0;2012;18.63;20.29;Black;Fabric;3;288;53;7120;0.43;350.59;38319.44;459833.28;99562;27883;18703;0.169;151.77;0.59;68;7996.27;5157;3656;0.73;48;64;183;67;3.62;16.59;0.19;0.6218662941445977;0.425249206148402;PRODUCT_249;11;111.09000000000005;146148;13.899912392169764;High_Margin;0.5910032693798787;221.7;4.274582004868725;0.6286071638911012
1600;Product_1600;Beauty;Electronics;BrandD;509.29;0.32;346.32;26;4.94;4588;Supplier_2;Germany;London;9;2;0.17;1;2011;22.22;26.73;White;Wood;5;284;1408;2923;0.38;326.89;4848.48;58181.76;88976;18780;7773;0.066;60.95;0.32;56;7670.09;8944;1034;0.63;47;17;94;-88;3.37;39.56;0.17;0.5772583850114633;0.3762801295311008;PRODUCT_1600;12;19.430000000000007;115529;11.311168966687534;High_Margin;0.5411282749539318;450.6;4.279209302749432;0.6279921266635814
6239;Product_6239;Toys;Clothing;BrandC;941.07;0.32;639.93;625;4.14;2891;Supplier_43;USA;Mumbai;2;8;0.16;1;2017;46.26;12.32;Blue;Metal;0;916;94;5047;0.25;625.25;191979.0;2303748.0;63180;3713;15210;0.095;49.38;0.14;70;6673.28;4302;2202;1.0;15;61;35;77;3.19;9.92;0.09;0.6195031162127553;0.5693308350421262;PRODUCT_6239;12;14.67999999999995;82103;7.730531625995057;Standard;0.4554324217855159;71.2;4.396196708434083;0.6278113342227227
8373;Product_8373;Home;Toys;BrandB;975.69;0.25;731.77;153;4.37;1580;Supplier_12;Germany;London;19;5;0.11;1;2012;10.03;35.93;Green;Wood;5;801;1663;6290;0.27;661.02;305879.86;3670558.32;45431;27920;26250;0.197;153.71;0.12;67;6558.97;3114;2692;0.8;45;84;102;43;4.79;2.02;0.16;0.6984750915875112;0.7314902538596197;PRODUCT_8373;12;70.75;99601;9.444472977366775;Standard;0.5663180471763424;442.9;4.545755111390757;0.6272996653430832
7323;Product_7323;Electronics;Toys;BrandD;458.2;0.08;421.54;353;4.97;2452;Supplier_14;USA;Mumbai;1;13;0.28;1;2019;34.36;59.04;Black;Fabric;3;469;1119;7449;0.14;378.18;13489.28;161871.36;56090;2540;24802;0.17;118.59;0.82;84;6752.32;5054;1138;0.59;24;68;139;12;2.05;39.51;0.22;0.5211650268768547;0.370458698025902;PRODUCT_7323;12;43.360000000000014;83432;5.008853548500887;Standard;0.4386800465399676;433.6;4.458149950764509;0.6270384455858928
1570;Product_1570;Beauty;Sports;BrandD;510.97;0.14;439.43;886;4.55;565;Supplier_22;China;Shanghai;9;2;0.14;1;2015;24.15;20.31;Green;Metal;0;839;1508;3591;0.49;368.08;59762.48;717149.76;50366;48969;25264;0.059;29.37;0.43;74;3720.22;5938;1612;0.95;54;25;177;3;1.63;7.23;0.25;0.5151467233381772;0.4043693686118253;PRODUCT_1570;12;71.35000000000002;124599;15.89783456940462;Popular;0.6705733130536784;451.5;4.707813363652308;0.6267602903428034
8198;Product_8198;Toys;Home;BrandA;928.42;0.09;844.86;896;4.89;4669;Supplier_9;India;Berlin;5;2;0.15;0;2015;6.4;37.35;Black;Plastic;4;453;2659;7703;0.43;585.9;88710.3;1064523.6;31370;30192;6668;0.195;33.07;0.34;73;1735.69;3591;4201;1.37;29;95;171;-98;2.38;11.9;0.09;0.5287664909098527;0.4549086220696107;PRODUCT_8198;12;258.96000000000004;68230;15.373104959094244;Premium;0.6691616090060485;691.7;4.595728518999772;0.6266599463538263
9982;Product_9982;Electronics;Beauty;BrandD;657.23;0.35;427.2;616;4.67;2005;Supplier_39;USA;Berlin;13;9;0.17;0;2017;27.28;54.35;Blue;Plastic;4;763;462;9469;0.27;537.56;105518.4;1266220.8;33021;31329;25139;0.051;94.19;0.82;74;8661.41;9370;2031;1.15;5;22;114;35;3.82;48.25;0.1;0.5286466076349831;0.4651484265733274;PRODUCT_9982;12;-110.35999999999996;89489;8.79746920175343;Popular;0.5453964321114069;193.7;4.713179091681871;0.6262123192973816
4153;Product_4153;Toys;Home;BrandE;783.2;0.23;603.06;467;4.47;4861;Supplier_25;UK;Berlin;11;5;0.22;1;2018;34.21;10.06;Blue;Wood;5;879;2300;168;0.1;629.87;181521.06;2178252.72;32377;30729;10674;0.021;95.46;0.27;93;419.81;1179;646;1.39;59;83;137;76;3.17;28.09;0.06;0.5754666083800605;0.5574510068086501;PRODUCT_4153;12;-26.81000000000006;73780;3.094268219585538;Standard;0.4224366916439971;569.2;4.689788696892599;0.6261847865408605
4672;Product_4672;Toys;Home;BrandD;763.29;0.22;595.37;570;4.88;1277;Supplier_16;UK;New York;12;5;0.27;0;2015;0.8;68.18;Green;Fabric;1;546;910;5034;0.32;406.06;126218.44;1514621.28;29890;12715;25454;0.198;181.44;0.34;53;5802.65;5548;3889;1.16;56;20;58;24;1.29;17.01;0.16;0.5566441383880159;0.5054404774529432;PRODUCT_4672;12;189.31;68059;11.794342645334876;Standard;0.6204578606650011;354.8;4.5588581425813715;0.625394326957336
6437;Product_6437;Home;Home;BrandC;834.87;0.42;484.22;354;4.21;813;Supplier_42;Germany;Berlin;3;2;0.19;1;2015;37.99;45.15;Red;Plastic;0;830;2655;2101;0.38;528.23;185456.26;2225475.12;75013;32326;7241;0.168;129.46;0.3;80;4789.86;1711;3283;1.29;42;91;177;86;1.34;17.99;0.09;0.6432707397237839;0.571858364814227;PRODUCT_6437;12;-44.00999999999999;114580;12.561680154305783;Standard;0.5566693160529;657.8;4.459239645402753;0.6248277428436638
1292;Product_1292;Clothing;Toys;BrandA;957.25;0.33;641.36;312;4.12;3095;Supplier_20;China;Berlin;18;6;0.29;1;2024;45.26;1.31;Blue;Wood;3;724;1824;2851;0.31;822.68;220627.84;2647534.08;96478;40470;29429;0.108;285.41;0.49;59;5139.86;3501;380;1.02;37;3;75;25;4.79;15.22;0.15;0.7086743849036656;0.6277962218658297;PRODUCT_1292;12;-181.31999999999996;166377;9.320339148839077;Standard;0.4610909100702901;451.1;4.36636343587997;0.6242879198785606
1957;Product_1957;Toys;Sports;BrandD;777.12;0.36;497.36;432;4.63;4032;Supplier_33;Germany;Mumbai;12;1;0.15;0;2016;2.55;24.06;Green;Wood;4;880;2906;4328;0.33;439.44;220330.48;2643965.76;7547;49339;21808;0.068;188.17;0.88;78;6662.88;6390;1060;1.1;16;6;108;-60;1.18;5.7;0.22;0.5713348786357618;0.6066568915783568;PRODUCT_1957;12;57.920000000000016;78694;11.065310847041308;Popular;0.6523326911382268;723.2;5.8719359694151505;0.6239764256138864
8581;Product_8581;Toys;Sports;BrandA;922.52;0.01;913.29;270;4.78;868;Supplier_8;India;Berlin;9;10;0.15;1;2025;44.04;84.48;Blue;Fabric;0;324;2778;4184;0.15;728.46;337004.01;4044048.12;69374;7984;26760;0.123;209.58;0.83;60;4556.45;9416;799;0.94;55;64;181;-58;4.79;15.84;0.23;0.805421475722547;0.8152974424536454;PRODUCT_8581;12;184.82999999999996;104118;4.657083982385263;Standard;0.4861894619846608;678.1;4.2485473416492825;0.6236937479414081
7816;Product_7816;Clothing;Toys;BrandD;574.38;0.04;551.4;778;4.38;2164;Supplier_37;Germany;Shanghai;10;8;0.15;0;2025;24.18;13.76;Black;Wood;5;966;2622;1486;0.13;479.35;121308.0;1455696.0;46960;25185;23666;0.074;22.25;0.82;68;7406.59;1444;976;1.42;58;91;16;-90;3.87;28.03;0.06;0.54664730722966;0.4768684947271423;PRODUCT_7816;12;72.04999999999995;95811;4.203817101436128;Standard;0.4171241595789572;662.6;4.6089408973295285;0.6235676766736636
4111;Product_4111;Beauty;Clothing;BrandE;886.83;0.18;727.2;914;4.37;1919;Supplier_37;China;London;1;4;0.16;1;2013;37.42;25.39;Black;Metal;0;785;1997;9095;0.16;675.42;227613.6;2731363.2;53722;25974;17812;0.195;114.16;0.89;51;2444.7;2630;1350;0.98;34;62;90;100;1.36;26.27;0.07;0.6490420401678942;0.6278347641983816;PRODUCT_4111;12;51.780000000000086;97508;5.57053574617347;Standard;0.4480624412211858;507.8;4.511480531647234;0.6234163806201583
6834;Product_6834;Toys;Toys;BrandB;643.45;0.13;559.8;511;4.43;205;Supplier_28;China;Shanghai;17;5;0.25;0;2021;8.05;17.67;Blue;Metal;1;742;594;9041;0.25;485.98;161782.2;1941386.4;72466;34605;25316;0.109;201.1;0.38;73;6000.61;7827;4552;1.11;24;78;124;60;2.52;48.33;0.11;0.6358069213913935;0.551551166925368;PRODUCT_6834;12;73.81999999999994;132387;8.119372569303133;Standard;0.4879020331615274;215.3;4.511785276275865;0.6232644742534368
8891;Product_8891;Home;Beauty;BrandD;740.13;0.27;540.29;643;4.94;500;Supplier_12;USA;London;1;11;0.22;0;2013;15.75;87.68;Green;Fabric;3;327;1160;7512;0.42;419.63;177755.41;2133064.92;59777;9817;12285;0.167;168.57;0.13;80;4245.17;4799;2309;0.67;3;18;172;-67;1.4;28.38;0.2;0.6646985063024768;0.5987468824683205;PRODUCT_8891;12;120.65999999999995;81879;14.02657518866622;Standard;0.6687395165471233;409.0;4.3260508521229175;0.6231509335854644
8371;Product_8371;Home;Sports;BrandB;497.37;0.29;353.13;215;4.82;3001;Supplier_32;India;London;4;13;0.29;1;2024;43.5;40.92;Red;Plastic;3;591;1106;4311;0.13;400.1;37078.65;444943.8;52199;45214;21478;0.147;274.62;0.33;86;6926.94;6894;4510;0.91;51;35;33;34;3.35;14.99;0.13;0.5212794775599127;0.3912649696450573;PRODUCT_8371;12;-46.97000000000003;118891;4.587891330258811;Standard;0.4258277487991515;401.3;4.6546396891458475;0.6230914623324056
7086;Product_7086;Beauty;Home;BrandB;504.95;0.14;434.26;113;4.5;424;Supplier_42;Germany;Berlin;17;7;0.29;0;2011;1.2;57.42;White;Wood;3;783;2884;6527;0.43;365.21;178915.12;2146981.44;66204;42737;16453;0.126;114.73;0.13;79;2053.92;9118;4723;1.02;33;83;106;-94;3.33;13.25;0.23;0.6433326493178241;0.5760532979701138;PRODUCT_7086;12;69.05000000000001;125394;14.52048101762967;Popular;0.6592124275419402;777.3;4.594870610738194;0.6228791009237838
3879;Product_3879;Clothing;Toys;BrandD;860.56;0.26;636.81;646;4.68;3045;Supplier_12;Germany;Shanghai;4;9;0.11;1;2012;26.71;28.03;Blue;Plastic;5;539;331;2692;0.49;467.86;215241.78;2582901.36;51767;37237;29155;0.101;137.08;0.25;51;9903.58;7341;2178;0.69;51;50;106;8;1.71;11.35;0.16;0.659495831505992;0.6293299340636538;PRODUCT_3879;12;168.94999999999993;118159;15.885036812269488;Standard;0.7045247713137497;155.6;4.532491507311728;0.622802928482131
6610;Product_6610;Clothing;Toys;BrandC;922.18;0.11;820.74;72;4.39;4323;Supplier_8;Germany;New York;8;8;0.28;1;2010;47.83;61.75;Blue;Metal;0;720;925;5881;0.45;790.53;347993.76;4175925.12;58651;7484;26744;0.118;60.06;0.18;52;5197.33;7319;2429;0.69;14;20;162;-48;4.33;6.19;0.22;0.7620421052732764;0.7991560664965891;PRODUCT_6610;12;30.21000000000004;92879;14.534058824359771;Standard;0.6902250292890727;270.3;4.413776106398183;0.6225924752512418
7721;Product_7721;Sports;Toys;BrandA;294.93;0.34;194.65;169;4.36;1222;Supplier_43;Germany;London;4;1;0.03;0;2011;34.12;38.6;Red;Fabric;1;853;2755;6846;0.29;183.22;36204.9;434458.8;92486;43424;14365;0.152;107.41;0.48;93;6573.09;8738;3574;0.7;30;38;62;-2;2.93;47.42;0.07;0.5643285579198793;0.3847880615287895;PRODUCT_7721;12;11.430000000000009;150275;9.831874177643058;Standard;0.4781558204768262;807.1;4.53787641973371;0.6225192071036432
5137;Product_5137;Sports;Sports;BrandA;528.01;0.42;306.25;61;4.21;3874;Supplier_17;India;Shanghai;11;14;0.21;0;2017;27.13;16.96;Red;Wood;5;950;1680;23;0.18;371.19;144550.0;1734600.0;78582;25729;19968;0.077;250.63;0.32;79;9157.36;8899;4631;1.03;29;57;149;-96;1.83;28.13;0.14;0.6159054070433605;0.5172236255653296;PRODUCT_5137;12;-64.94;124279;5.596764216654857;Standard;0.4127480965532548;458.5;4.492488814552655;0.6223309061195662
920;Product_920;Electronics;Beauty;BrandE;195.59;0.06;183.85;983;4.5;724;Supplier_20;USA;New York;13;4;0.23;0;2020;16.84;54.92;Green;Plastic;4;915;447;6938;0.07;151.54;68943.75;827325.0;68771;3853;12212;0.072;159.87;0.43;89;3539.65;4441;1421;1.09;51;60;25;76;4.56;44.99;0.18;0.555706640903328;0.4249573074769202;PRODUCT_920;11;32.31;84836;2.302983126023161;Popular;0.3739132048250059;255.6;4.539211850431168;0.6221465625028074
4923;Product_4923;Beauty;Home;BrandA;940.53;0.17;780.64;979;4.68;2216;Supplier_11;China;New York;14;13;0.25;1;2020;11.97;51.74;Black;Plastic;1;376;1986;8559;0.36;557.01;334894.56;4018734.72;73053;17931;5925;0.056;228.68;0.25;77;8361.8;1811;1575;0.92;22;79;21;-28;4.61;39.58;0.05;0.8030012598935452;0.8081773306715134;PRODUCT_4923;12;223.63;96909;10.554346906553905;Standard;0.6080770054342232;498.9;4.293988461410973;0.6220560803150259
1649;Product_1649;Home;Electronics;BrandA;981.32;0.19;794.87;83;4.42;3904;Supplier_33;India;Berlin;10;2;0.15;1;2012;3.28;42.73;Blue;Fabric;4;460;2924;6100;0.46;597.7;325896.7;3910760.4;94135;26528;5755;0.049;126.07;0.61;90;3953.74;8611;1130;1.06;9;13;159;-68;2.73;28.2;0.21;0.8167818964205532;0.7916997128452263;PRODUCT_1649;12;197.17;126418;13.081475721170802;Standard;0.6168584550550487;690.7;4.277720825527124;0.6220422383249072
6103;Product_6103;Electronics;Sports;BrandA;990.6502;0.21;786.43;928;4.64;4633;Supplier_32;UK;London;8;14;0.27;1;2019;22.6;24.03;Red;Fabric;1;327;2472;7796;0.47;878.13;377486.4;4529836.8;83239;11679;4005;0.03;217.7;0.9;55;636.75;3209;4862;1.0;44;82;28;64;2.31;37.25;0.2;0.8561025053199973;0.8708458342387138;PRODUCT_6103;12;-91.70000000000005;98923;13.012406199479065;Standard;0.6673117281498455;604.2;4.201266808819365;0.6217357547252896
2175;Product_2175;Toys;Electronics;BrandA;345.73;0.02;338.82;205;4.87;63;Supplier_10;UK;New York;1;8;0.29;0;2025;3.5;86.59;White;Wood;3;410;2324;1219;0.27;230.44;85382.64;1024591.68;87846;9610;24345;0.18;195.58;0.87;99;6378.52;9940;374;1.43;51;40;2;13;2.03;19.09;0.19;0.6373285572192658;0.4829006297880441;PRODUCT_2175;12;108.38;121801;9.338340896934495;Standard;0.5256181386460586;713.7;4.377316483485355;0.6210759661018316
3092;Product_3092;Sports;Toys;BrandB;593.55;0.18;486.71;290;4.68;1617;Supplier_45;India;Mumbai;20;5;0.01;0;2022;1.41;99.7;White;Plastic;1;484;1238;7539;0.5;512.65;201984.65;2423815.8;82741;37582;20948;0.012;74.24;0.26;90;4479.3;8085;4380;0.7;8;8;114;78;3.64;21.79;0.23;0.7102707446204617;0.6295166886169647;PRODUCT_3092;12;-25.94;141271;14.644559305651232;Standard;0.6713825578588369;393.0;4.436502064925772;0.6209182554684373
785;Product_785;Clothing;Home;BrandA;662.6;0.45;364.43;576;4.55;800;Supplier_43;UK;Berlin;9;7;0.02;1;2011;36.17;13.38;Green;Plastic;5;543;2013;8773;0.33;401.06;15306.06;183672.72;86133;35578;7621;0.025;49.71;0.21;52;3189.12;2925;4656;0.98;38;17;116;-54;3.59;30.97;0.22;0.5491924938700965;0.3641288295028583;PRODUCT_785;11;-36.63;129332;9.694319101508052;Standard;0.4625917855639992;529.7;4.422191473555747;0.6206679712911924
3520;Product_3520;Clothing;Toys;BrandE;647.15;0.05;614.79;374;4.52;290;Supplier_44;China;Mumbai;4;8;0.2;1;2015;45.56;78.56;White;Metal;0;918;2512;5767;0.06;325.71;120498.84;1445986.08;26364;13805;1729;0.193;214.85;0.27;80;1132.16;3725;4376;1.38;30;13;116;98;1.41;14.7;0.09;0.5159666015722131;0.4723459549834642;PRODUCT_3520;12;289.08;41898;2.2076169092847544;Popular;0.3962252302963234;667.1;4.642040590650665;0.6199527076809844
8764;Product_8764;Sports;Home;BrandC;958.0;0.08;881.36;159;4.55;4947;Supplier_17;Germany;New York;13;7;0.17;1;2022;17.06;10.49;Green;Plastic;2;448;261;7101;0.22;814.72;115458.16;1385497.92;77514;42604;1934;0.164;17.92;0.3;98;9533.62;3803;1013;0.68;34;72;180;-31;2.74;48.13;0.18;0.616430138592916;0.4979642713455585;PRODUCT_8764;12;66.63999999999999;122052;7.115683215973315;Standard;0.4189215454884611;146.6;4.372735103957753;0.6198187758429329
431;Product_431;Beauty;Beauty;BrandE;823.72;0.08;757.82;42;4.79;929;Supplier_3;UK;Shanghai;7;7;0.25;1;2025;24.06;43.95;Green;Metal;2;707;1034;8804;0.27;428.39;177329.88;2127958.56;7010;7540;12982;0.046;205.46;0.79;64;4898.32;7811;4326;1.01;15;76;58;-19;1.42;33.01;0.1;0.5467897395510711;0.5568913119446002;PRODUCT_431;11;329.43000000000006;27532;8.877620557907298;Premium;0.5940735489401631;292.6;4.756098892826989;0.618624426871981
2472;Product_2472;Electronics;Toys;BrandB;452.13;0.15;384.31;668;4.32;1121;Supplier_36;China;Berlin;11;6;0.11;0;2013;9.46;99.69;Black;Fabric;3;861;304;9963;0.39;294.37;57262.19;687146.28;82016;43088;7122;0.042;273.0;0.22;80;4365.05;4630;877;1.21;37;16;86;100;4.2;17.59;0.21;0.5579472267838241;0.4051719023247875;PRODUCT_2472;12;89.94;132226;11.866288997774786;Standard;0.5315485490137696;169.8;4.536774289303324;0.6186093092731602
2570;Product_2570;Toys;Electronics;BrandB;694.44;0.06;652.77;329;4.77;2426;Supplier_32;Germany;Mumbai;9;2;0.1;1;2020;20.41;69.69;Green;Wood;4;509;1057;1069;0.2;478.04;221289.03;2655468.36;55164;6643;21569;0.143;263.47;0.82;57;9323.16;2622;4648;1.34;6;83;55;-64;1.07;14.75;0.16;0.6785917021765756;0.6455218116804432;PRODUCT_2570;12;174.72999999999996;83376;6.798138612359278;Standard;0.5191306504586095;333.0;4.425848838180902;0.618404799891656
9611;Product_9611;Sports;Home;BrandD;750.3;0.49;382.65;653;4.51;647;Supplier_22;Germany;Shanghai;1;11;0.07;1;2018;45.9;79.21;Blue;Metal;3;537;1494;863;0.38;622.2;57014.85;684178.2;84678;13555;17156;0.026;260.78;0.68;93;1370.01;3168;2626;0.56;56;81;157;-100;2.62;22.9;0.09;0.5782633943754907;0.4185860426573971;PRODUCT_9611;12;-239.55000000000007;115389;11.056311432415804;Standard;0.4998592582153039;417.3;4.3511588235781655;0.6182975272411101
3093;Product_3093;Toys;Clothing;BrandC;273.95;0.19;221.9;335;4.55;4514;Supplier_33;China;Mumbai;10;12;0.1;1;2017;15.81;38.68;Black;Plastic;1;693;2363;9823;0.43;161.15;88538.1;1062457.2;91156;20192;12327;0.141;181.87;0.77;87;623.92;9762;3738;1.28;42;20;155;72;3.11;39.03;0.17;0.6210111788133136;0.4687865960297567;PRODUCT_3093;12;60.75;123675;14.605195231824712;Standard;0.6194471341028116;725.4;4.481290859765493;0.6178230291452058
3615;Product_3615;Beauty;Electronics;BrandB;458.86;0.17;380.85;533;4.65;2263;Supplier_8;China;Shanghai;9;14;0.29;0;2014;23.89;48.25;Black;Fabric;4;562;1960;9304;0.22;236.94;136725.15;1640701.8;83075;44097;323;0.015;166.92;0.82;92;9539.74;307;3191;0.72;58;67;123;-61;4.4;24.5;0.25;0.653492499291137;0.5372192114256612;PRODUCT_3615;12;143.91000000000005;127495;6.576129235480708;Standard;0.4670764666894205;538.1;4.499473753151754;0.6171223491059771
4482;Product_4482;Sports;Home;BrandB;905.26;0.28;651.79;24;4.01;2298;Supplier_47;USA;New York;16;4;0.15;1;2010;31.8;42.87;Black;Metal;2;936;870;2867;0.14;686.16;30634.13;367609.56;76791;43055;3269;0.092;265.1;0.66;57;8304.77;9399;1114;0.7;21;73;55;73;1.75;35.65;0.2;0.5002349078639953;0.3452376145281288;PRODUCT_4482;12;-34.370000000000005;123115;4.194898774956326;Standard;0.2839721250350288;239.3;4.4532088496119115;0.6168063803455439
2694;Product_2694;Toys;Sports;BrandE;929.13;0.45;511.02;426;4.95;2384;Supplier_37;USA;Berlin;14;12;0.19;1;2025;42.63;35.07;Red;Fabric;2;232;2245;3070;0.18;701.38;175279.86;2103358.32;55741;42601;18724;0.034;25.74;0.52;74;1537.96;9576;3843;0.81;44;38;165;-14;3.8;35.77;0.1;0.6553371705158229;0.5935289422155731;PRODUCT_2694;12;-190.36;117066;5.022009021039358;Standard;0.4591458232995336;559.2;4.3132687568590855;0.6166280282177923
3238;Product_3238;Clothing;Electronics;BrandE;843.71;0.41;497.79;981;4.42;4716;Supplier_26;Germany;New York;20;3;0.27;1;2014;23.81;50.33;Black;Fabric;1;555;827;1495;0.41;631.42;90597.78;1087173.36;86330;17674;21142;0.053;151.34;0.39;67;7601.95;7949;3100;1.07;44;78;141;62;3.82;11.73;0.12;0.6026950695282619;0.4604293255442804;PRODUCT_3238;12;-133.62999999999994;125146;12.06158460689147;Standard;0.5161546940811148;236.4;4.33725252794001;0.6164054065979606
754;Product_754;Sports;Toys;BrandE;990.6502;0.33;665.33;382;4.6;2029;Supplier_33;UK;Berlin;20;10;0.27;0;2016;31.69;69.48;Black;Wood;5;705;436;8661;0.28;599.6;216897.58;2602770.96;20354;5615;2557;0.178;174.19;0.88;74;4711.53;2250;2864;0.87;31;7;55;94;2.89;25.94;0.18;0.5916570724086438;0.6076574990519613;PRODUCT_754;11;65.73000000000002;28526;9.952668053699943;Popular;0.5801061393882125;193.6;4.519019525281271;0.6153686917453121
93;Product_93;Sports;Toys;BrandA;186.96;0.27;136.48;722;4.85;1725;Supplier_15;USA;Berlin;10;3;0.28;0;2013;42.8;29.69;Blue;Fabric;5;621;861;2871;0.17;148.95;33437.6;401251.2;64358;25212;19413;0.107;30.71;0.4;51;756.93;7696;340;1.45;1;41;42;29;3.29;4.85;0.12;0.5449299025148431;0.3954278138581357;PRODUCT_93;10;-12.47;108983;5.871482730855043;Standard;0.4666452455713913;412.9;4.5915252710681385;0.6148596378467376
6456;Product_6456;Sports;Sports;BrandE;914.62;0.49;466.46;702;4.21;826;Supplier_9;Germany;Shanghai;5;5;0.19;0;2019;30.55;55.52;Green;Metal;2;726;461;76;0.12;553.64;140404.46;1684853.52;81405;14893;19002;0.087;298.34;0.71;69;8299.52;9626;4789;1.28;52;15;86;-93;1.8;18.86;0.19;0.618055493793245;0.5131638149082351;PRODUCT_6456;12;-87.18;115300;3.618324788561078;Standard;0.3224392252824305;163.4;4.356160481069301;0.6147113568157909
1700;Product_1700;Sports;Beauty;BrandB;541.99;0.11;482.37;626;4.73;3606;Supplier_19;India;Mumbai;6;4;0.28;0;2020;27.44;23.12;Red;Wood;2;476;2226;5188;0.19;301.75;202113.03;2425356.36;77806;28109;29502;0.192;248.05;0.86;99;8991.66;7122;972;0.52;35;8;155;-50;4.26;48.48;0.15;0.7045075523443419;0.629933431357534;PRODUCT_1700;12;180.62;135417;6.606954507870732;Standard;0.4896837031908021;646.1;4.431260664165018;0.6146340452991693
2188;Product_2188;Home;Sports;BrandD;889.22;0.43;506.86;318;4.89;2061;Supplier_50;China;Shanghai;3;1;0.28;0;2017;16.82;8.8;Red;Wood;2;378;1545;381;0.07;470.78;42069.38;504832.56;41687;6603;12777;0.047;288.4;0.88;67;2413.11;1614;4318;0.99;43;86;54;-13;3.42;10.76;0.08;0.5100620009758812;0.3963637823958222;PRODUCT_2188;12;36.08000000000004;61067;2.127942319220701;Standard;0.3515830764956157;407.5;4.3626934227099206;0.614558607736456
5863;Product_5863;Beauty;Home;BrandA;756.52;0.25;567.39;717;4.6;623;Supplier_23;Germany;Mumbai;4;6;0.23;0;2024;19.42;14.57;Blue;Plastic;3;625;436;7982;0.33;526.85;104967.15;1259605.8;53433;31188;26492;0.09;201.86;0.32;59;4041.82;163;2686;1.04;15;68;110;-55;4.93;14.66;0.07;0.5634117531393974;0.4721523481775878;PRODUCT_5863;12;40.53999999999997;111113;10.654677911029644;Standard;0.5418332984505552;208.8;4.532476996455311;0.6145083227348772
982;Product_982;Electronics;Sports;BrandC;206.5;0.01;204.44;365;4.43;2830;Supplier_27;Germany;Shanghai;19;14;0.12;1;2011;1.44;45.29;Black;Plastic;0;844;1999;4571;0.49;158.16;83615.96;1003391.52;86855;41788;16251;0.051;61.66;0.53;63;2622.65;7861;780;0.64;47;83;169;-43;4.76;39.6;0.08;0.5986560664507748;0.4516938504339469;PRODUCT_982;11;46.28;144894;15.375160995871427;Standard;0.6426321389404734;578.6;4.563959393329606;0.6143278993524369
5587;Product_5587;Clothing;Sports;BrandC;535.24;0.31;369.32;760;4.1;4954;Supplier_29;China;Berlin;15;3;0.14;1;2010;7.26;12.62;Blue;Plastic;3;968;895;5944;0.39;295.71;93068.64;1116823.68;87214;12312;28046;0.079;56.07;0.33;74;3659.8;1467;1173;0.52;23;38;182;-57;1.11;6.48;0.11;0.5809475035611237;0.4439092725182358;PRODUCT_5587;12;73.61000000000001;127572;11.863763736451988;Standard;0.5115112485527044;277.1;4.418739843884887;0.6139113414531983
5001;Product_5001;Electronics;Toys;BrandB;156.17;0.18;128.06;739;4.33;990;Supplier_28;India;New York;12;10;0.07;0;2020;33.97;60.21;Green;Plastic;4;922;2451;9981;0.2;106.96;50967.88;611614.56;92326;1352;1178;0.057;229.56;0.62;95;1895.12;9913;3468;1.45;35;67;114;-58;4.93;45.43;0.09;0.5740610738818234;0.4032625478699604;PRODUCT_5001;12;21.10000000000001;94856;6.249752351353;Standard;0.4150100371526692;663.4;4.4659804462652355;0.6138889188067105
5900;Product_5900;Toys;Clothing;BrandD;631.51;0.41;372.59;883;4.85;3341;Supplier_4;USA;New York;4;12;0.25;0;2018;31.51;21.01;Red;Wood;1;744;1613;3819;0.29;329.44;162821.83;1953861.96;5234;38572;1584;0.052;138.3;0.59;99;4029.35;1163;966;0.56;14;35;157;1;4.61;9.59;0.12;0.5357996759901685;0.539528885275593;PRODUCT_5900;12;43.14999999999998;45390;9.785414598114697;Popular;0.6293414154893086;458.6;6.059255101184457;0.6137900666043631
877;Product_877;Toys;Beauty;BrandA;479.75;0.17;398.19;80;4.88;3848;Supplier_20;India;Berlin;8;10;0.18;0;2017;13.85;90.22;Blue;Fabric;4;279;1011;3481;0.37;249.92;97158.36;1165900.32;93956;4845;8454;0.138;57.63;0.89;61;3476.64;249;905;1.1;23;4;77;75;4.62;5.32;0.14;0.6602832026082573;0.503551467943611;PRODUCT_877;11;148.27;107255;11.578212410314965;High_Margin;0.5633118491867887;396.9;4.216229179425987;0.6131108279722939
9153;Product_9153;Sports;Sports;BrandC;301.34;0.42;174.78;151;4.83;1136;Supplier_31;Germany;Berlin;16;14;0.25;1;2016;10.2;4.64;White;Metal;0;407;447;6899;0.41;240.1;23245.74;278948.88;94049;5990;12572;0.031;178.53;0.54;64;1616.62;5299;4804;1.13;30;54;145;13;1.21;8.13;0.23;0.5941239839106646;0.3978191406504167;PRODUCT_9153;12;-65.32;112611;12.27313986942221;Standard;0.5667317645503791;242.4;4.34924491057018;0.6129163239315409
4602;Product_4602;Beauty;Home;BrandE;832.73;0.22;649.53;76;4.85;4096;Supplier_3;China;London;9;1;0.07;1;2011;30.3;77.82;Black;Wood;0;485;713;782;0.27;593.28;323465.94;3881591.28;32971;31929;1944;0.192;229.54;0.74;88;8315.9;6794;1638;0.64;35;59;182;22;1.33;30.63;0.1;0.726785199998443;0.7791419972571492;PRODUCT_4602;12;56.25;66844;9.656201510053252;Premium;0.634472996567444;270.1;4.608162743485162;0.6128442827125846
3084;Product_3084;Beauty;Electronics;BrandD;181.89;0.37;114.59;50;4.64;4535;Supplier_3;India;London;14;1;0.11;1;2015;45.5;17.74;Red;Plastic;2;741;2453;2301;0.12;100.57;53169.76;638037.12;74388;31422;29007;0.188;103.9;0.69;67;883.95;6553;4822;1.42;20;90;161;-61;1.42;43.04;0.07;0.5648369760135878;0.4153942657620777;PRODUCT_3084;12;14.02000000000001;134817;4.371941762411569;Popular;0.4112050215758948;760.8;4.584221065229526;0.61261551811853
1514;Product_1514;Beauty;Home;BrandC;392.51;0.07;365.03;120;4.97;461;Supplier_19;India;Mumbai;15;13;0.06;0;2022;1.6;21.6;Blue;Plastic;3;511;382;3193;0.12;234.55;77021.33;924255.96;46979;15728;19652;0.021;36.14;0.32;99;4846.43;5868;38;1.33;9;46;79;-3;4.55;13.43;0.22;0.5565295357665939;0.4531715448881407;PRODUCT_1514;12;130.47999999999996;82359;3.798668079307406;Standard;0.4490724996718296;215.1;4.550287426805433;0.6123259795947555
7784;Product_7784;Sports;Beauty;BrandD;155.25;0.41;91.6;510;4.55;872;Supplier_49;USA;Mumbai;2;2;0.03;0;2024;29.58;33.18;Green;Fabric;3;753;1420;9342;0.16;132.0;18411.6;220939.2;87879;28531;29259;0.166;194.97;0.12;88;3304.05;4501;1933;0.97;9;24;101;70;4.32;16.87;0.24;0.5553045387064213;0.3694869677465702;PRODUCT_7784;12;-40.400000000000006;145669;5.6239510607988175;Popular;0.4053446156856156;537.0;4.535089411159304;0.6122330582404536
9784;Product_9784;Sports;Sports;BrandC;490.91;0.14;422.18;81;4.94;4862;Supplier_19;India;Shanghai;12;2;0.11;0;2015;40.9;88.45;White;Metal;1;425;2578;8498;0.5;418.97;151984.8;1823817.6;58098;40743;2821;0.095;299.88;0.42;63;4668.37;6039;120;0.74;22;33;187;80;2.25;34.16;0.24;0.639602509856129;0.5619706245189307;PRODUCT_9784;12;3.2099999999999795;101662;16.375139377887454;Standard;0.7321620492689532;736.4;4.538031857479142;0.6120911590560638
7034;Product_7034;Clothing;Electronics;BrandB;963.57;0.13;838.31;892;4.62;1708;Supplier_3;India;Berlin;6;14;0.09;1;2021;12.69;85.46;Black;Plastic;5;334;265;5387;0.09;608.52;265744.27;3188931.24;82497;29011;6483;0.147;239.02;0.47;57;1933.8;4158;2790;0.82;44;32;169;-40;1.86;39.48;0.15;0.7587638691553545;0.7140263928425915;PRODUCT_7034;12;229.79;117991;2.7728902499773938;Standard;0.3772805216515345;133.6;4.243984467236252;0.6120678831109247
5730;Product_5730;Sports;Toys;BrandC;568.21;0.45;312.52;954;4.95;1146;Supplier_27;UK;Mumbai;11;3;0.06;1;2021;41.58;17.16;Black;Wood;4;315;151;1610;0.1;363.13;133446.04;1601352.48;69177;22945;26879;0.041;136.14;0.7;72;1257.34;1580;3907;1.02;40;100;200;-12;4.59;39.09;0.18;0.6469264021264739;0.5435278702386245;PRODUCT_5730;12;-50.610000000000014;119001;2.965905183950268;Standard;0.4097782416758324;165.0;4.348633962787065;0.6119316661390849
3933;Product_3933;Sports;Electronics;BrandD;840.27;0.09;764.65;218;4.29;1832;Supplier_12;Germany;New York;9;10;0.15;1;2023;15.86;53.93;White;Fabric;0;748;17;9318;0.26;558.06;55054.8;660657.6;70295;18542;24815;0.13;253.29;0.23;96;2618.05;3853;3215;0.75;7;45;79;52;4.57;49.81;0.15;0.5302397779358101;0.3931544670346127;PRODUCT_3933;12;206.59000000000003;113652;8.34227185230307;Standard;0.4172734168910185;73.6;4.4162504123840565;0.6117475898995852
7191;Product_7191;Clothing;Electronics;BrandB;589.91;0.03;572.21;92;4.18;4199;Supplier_41;UK;Shanghai;4;5;0.14;1;2013;18.35;28.4;Red;Wood;5;806;2341;6293;0.35;524.57;185968.25;2231619.0;97683;25859;3763;0.128;178.87;0.47;98;7666.96;2386;2234;0.59;60;68;88;83;4.27;49.67;0.23;0.6866494049740421;0.5842530296625494;PRODUCT_7191;12;47.63999999999999;127305;11.04575109009384;Standard;0.514458875171474;608.9;4.402274196687708;0.6117021253360205
2391;Product_2391;Beauty;Beauty;BrandA;959.59;0.17;796.46;863;4.84;520;Supplier_45;Germany;Mumbai;11;9;0.18;0;2024;48.73;32.06;Black;Plastic;4;501;145;5744;0.17;530.74;238938.0;2867256.0;20500;26072;16355;0.023;121.88;0.8;69;9525.73;8003;2596;0.64;55;25;15;35;1.28;28.91;0.08;0.6297401960620227;0.6536964455421681;PRODUCT_2391;12;265.72;62927;5.234347454587449;Standard;0.5114036073667962;104.2;4.677801023486448;0.6116826788182861
9370;Product_9370;Sports;Sports;BrandD;301.91;0.42;175.11;346;4.81;2643;Supplier_32;India;Berlin;19;5;0.02;1;2022;17.99;85.83;Green;Wood;5;476;2611;457;0.31;212.87;44127.72;529532.64;84311;49237;18276;0.089;216.9;0.3;62;9468.08;7837;1447;0.93;34;63;28;65;1.05;49.49;0.17;0.5906589985372768;0.4196789231778076;PRODUCT_9370;12;-37.75999999999999;151824;10.014862001284763;Standard;0.5267093729678307;743.6;4.507805116121441;0.6115093274820679
1607;Product_1607;Electronics;Electronics;BrandE;874.9;0.21;691.17;503;4.83;2865;Supplier_12;India;Berlin;5;1;0.27;1;2010;29.26;75.38;Green;Metal;2;325;1543;1071;0.41;658.22;147219.21;1766630.52;59533;9770;9932;0.097;179.97;0.71;79;456.3;6621;828;0.7;21;98;118;-15;1.27;39.33;0.25;0.6296531683743031;0.5491772811741245;PRODUCT_1607;12;32.94999999999993;79235;12.571392794099578;Premium;0.6038549269007722;432.1;4.279581084809462;0.6113440099412546
629;Product_629;Sports;Home;BrandA;899.56;0.45;494.76;121;4.9;3639;Supplier_2;USA;Berlin;19;10;0.25;0;2015;28.11;60.64;Black;Fabric;0;308;30;5608;0.39;471.05;12863.76;154365.12;49836;32935;14850;0.097;172.72;0.86;55;481.33;8559;379;1.34;37;49;66;10;1.98;2.02;0.21;0.5025275246847212;0.361357535163492;PRODUCT_629;11;23.70999999999998;97621;12.019187452626298;Premium;0.5521314225359253;104.3;4.385510039934795;0.6112231355795773
6455;Product_6455;Toys;Sports;BrandC;853.96;0.48;444.06;150;4.21;4988;Supplier_26;India;New York;14;13;0.22;0;2011;35.75;6.22;Green;Fabric;4;956;1525;4246;0.05;739.25;178956.18;2147474.16;44317;39618;17997;0.175;101.36;0.7;83;8105.75;8347;142;0.66;39;64;159;-98;2.39;18.17;0.1;0.5763867163158917;0.5444161176908537;PRODUCT_6455;12;-295.19;101932;1.6976759713334957;Standard;0.338545888104611;405.5;4.608315047489862;0.6103545933119489
595;Product_595;Sports;Sports;BrandE;569.02;0.41;335.72;262;4.55;2799;Supplier_49;India;Berlin;6;4;0.07;0;2010;17.45;23.66;White;Fabric;2;921;2994;6570;0.4;439.27;149059.68;1788716.16;22979;49095;15143;0.152;250.59;0.29;85;7894.59;1760;463;1.38;56;11;35;28;4.41;40.19;0.18;0.5356866357697276;0.5118760989146743;PRODUCT_595;11;-103.54999999999995;87217;14.312807777517698;Popular;0.6778123373540011;828.9;4.977921279291649;0.6101051380782413
4563;Product_4563;Sports;Electronics;BrandA;533.81;0.39;325.62;821;4.43;2996;Supplier_10;UK;Shanghai;6;1;0.2;0;2019;48.86;78.12;Black;Metal;5;613;781;2053;0.27;287.38;49819.86;597838.32;97296;42150;5600;0.059;296.81;0.59;78;7440.89;6128;3873;1.38;35;40;167;90;1.97;48.79;0.21;0.5910342109867681;0.4110515835638558;PRODUCT_4563;12;38.24000000000001;145046;8.132014333636647;Standard;0.4225147414879261;273.2;4.426640793163148;0.6096055271185672
467;Product_467;Beauty;Beauty;BrandD;904.06;0.2;723.25;821;4.32;337;Supplier_45;UK;Berlin;6;5;0.21;1;2019;21.45;84.37;White;Plastic;3;556;450;8353;0.33;453.75;245181.75;2942181.0;92494;37749;22935;0.177;52.43;0.86;95;7084.15;5787;2748;0.96;40;99;189;-31;4.01;25.64;0.2;0.7374163965413454;0.67228543295373;PRODUCT_467;11;269.5;153178;10.608829480109478;Standard;0.5119599976842767;180.1;4.338650850009015;0.6090431603218837
5049;Product_5049;Clothing;Clothing;BrandB;549.29;0.27;400.98;941;4.87;1093;Supplier_21;China;New York;5;7;0.09;1;2023;6.05;60.19;Red;Fabric;2;341;352;1312;0.22;401.47;196881.18;2362574.16;76772;25562;25421;0.148;283.04;0.53;77;8681.3;4838;3386;0.88;11;13;198;-32;3.27;7.7;0.19;0.7092261800465135;0.6310113131703506;PRODUCT_5049;12;-0.4900000000000091;127755;7.1766258247948285;Standard;0.5113919008193937;238.0;4.348516281486845;0.6089086414693493
5292;Product_5292;Home;Home;BrandA;483.08;0.06;454.1;189;4.5;3941;Supplier_48;China;London;4;8;0.15;1;2016;37.58;73.03;Blue;Metal;3;776;2600;6173;0.27;289.59;117157.8;1405893.6;62316;17221;5269;0.111;78.07;0.38;62;5144.52;9708;2294;0.97;16;28;164;-43;4.59;13.06;0.14;0.5834632237366635;0.4880031442919876;PRODUCT_5292;12;164.51000000000005;84806;8.983945988549024;Popular;0.5125389783132607;715.8;4.517446054775726;0.6089077920563808
5802;Product_5802;Beauty;Clothing;BrandA;269.81;0.38;167.28;970;4.67;4766;Supplier_31;UK;Mumbai;2;14;0.03;0;2018;36.46;66.31;White;Plastic;2;680;370;6100;0.2;180.42;77116.08;925392.96;71229;35078;8147;0.045;192.99;0.39;83;3350.3;6526;1903;0.8;48;47;158;17;3.42;34.05;0.18;0.5811167334210035;0.4486552374070654;PRODUCT_5802;12;-13.139999999999986;114454;6.367192517671108;Standard;0.4645531536531365;238.9;4.5759185135533205;0.6087924003284214
9812;Product_9812;Toys;Sports;BrandA;930.67;0.07;865.52;13;4.13;3536;Supplier_15;Germany;Shanghai;4;5;0.17;0;2024;3.08;41.22;Green;Fabric;0;774;1020;9589;0.23;597.97;324570.0;3894840.0;80717;27045;13410;0.041;84.45;0.76;95;9830.79;9305;1987;0.72;2;85;30;82;2.8;44.18;0.09;0.7656227998348415;0.7632462917700303;PRODUCT_9812;12;267.54999999999995;121172;6.578656329837637;Standard;0.4546247901537619;262.6;4.380157117535658;0.6086054149930135
2749;Product_2749;Electronics;Home;BrandC;695.99;0.35;452.39;490;4.49;3074;Supplier_4;Germany;Berlin;19;14;0.01;1;2017;19.03;42.7;Black;Wood;4;654;2033;5709;0.41;389.32;112192.72;1346312.64;67019;46991;13630;0.142;283.31;0.41;66;1387.09;3038;838;1.24;45;83;173;66;1.51;10.82;0.22;0.5878825931174654;0.4832940099571374;PRODUCT_2749;12;63.06999999999999;127640;13.632699236030826;Standard;0.5863925069655702;535.8;4.530085968797141;0.6084996329929088
9785;Product_9785;Clothing;Home;BrandE;738.41;0.49;376.59;219;4.63;4001;Supplier_17;India;Berlin;16;10;0.28;0;2021;36.26;26.51;Blue;Metal;1;851;370;3316;0.38;655.63;187165.23;2245982.76;7723;1671;8366;0.176;222.83;0.17;74;6940.58;7698;108;1.3;38;33;115;68;3.15;32.41;0.16;0.5437120647719342;0.5607302984915217;PRODUCT_9785;12;-279.04;17760;13.961123592716913;Popular;0.689178716290162;215.3;4.594307950107616;0.6076453319242628
9234;Product_9234;Sports;Toys;BrandA;345.37;0.44;193.41;53;4.6;3318;Supplier_9;China;London;18;14;0.12;1;2020;46.26;10.37;Red;Plastic;0;783;724;7243;0.45;271.34;62858.25;754299.0;56923;1954;2402;0.184;202.72;0.49;51;2723.5;7373;960;1.38;33;51;27;-76;4.89;41.37;0.23;0.5348739707024229;0.4158009794916462;PRODUCT_9234;12;-77.92999999999998;61279;16.333666779796406;Popular;0.6710392054594126;337.0;4.512629022823156;0.6075851403309982
2356;Product_2356;Clothing;Toys;BrandD;761.51;0.25;571.13;676;4.21;1508;Supplier_43;UK;London;3;9;0.3;1;2019;31.25;35.04;White;Wood;3;980;1383;4411;0.19;407.97;216458.27;2597499.24;46207;17988;6145;0.071;84.25;0.6;57;369.86;4023;1959;0.66;37;63;195;99;2.72;16.89;0.16;0.6118002717746867;0.5976018792309431;PRODUCT_2356;12;163.15999999999997;70340;5.901391117245184;Standard;0.454059722753753;370.5;4.5172873169791306;0.6069856909339617
8963;Product_8963;Home;Sports;BrandD;225.83;0.28;162.6;978;4.87;3235;Supplier_40;UK;New York;7;8;0.28;0;2011;13.66;81.93;Black;Metal;1;648;1319;4898;0.37;180.03;65365.2;784382.4;49286;46318;1909;0.128;278.96;0.48;55;5570.69;7214;4408;0.77;10;83;159;30;1.77;4.79;0.19;0.5433122899431649;0.431977651120353;PRODUCT_8963;12;-17.430000000000007;97513;13.161596735394426;Standard;0.6465141295111428;534.8;4.726129098530843;0.6065704573626601
4508;Product_4508;Beauty;Beauty;BrandB;688.08;0.18;564.23;382;4.17;3128;Supplier_40;USA;Shanghai;6;5;0.12;1;2019;44.19;34.59;Black;Fabric;4;979;2590;3007;0.23;570.6;129772.9;1557274.8;57793;32002;6890;0.094;121.97;0.9;72;4075.51;7564;1382;0.8;57;62;90;-8;2.3;9.42;0.18;0.55865669522781;0.4816782554643497;PRODUCT_4508;12;-6.3700000000000045;96685;7.226801728602988;Standard;0.4388543786829479;630.5;4.5337680049432505;0.6054751281521932
8962;Product_8962;Home;Toys;BrandE;197.17;0.09;179.42;101;4.45;1138;Supplier_19;UK;Berlin;5;11;0.12;0;2022;46.9;4.73;Black;Metal;2;835;1978;6800;0.12;113.66;57593.82;691125.84;81792;26588;28054;0.036;44.69;0.52;68;2449.89;5946;3213;1.47;54;89;84;-68;2.24;33.69;0.13;0.5681788892617248;0.4138177730218407;PRODUCT_8962;12;65.75999999999999;136434;3.722438835845172;Standard;0.3737796569610008;560.9;4.536465138504616;0.6054634348649865
2507;Product_2507;Toys;Home;BrandC;152.73;0.5;76.36;677;4.84;4670;Supplier_35;USA;Berlin;18;2;0.12;1;2021;5.49;29.91;White;Plastic;2;706;2246;7597;0.21;101.8;24664.28;295971.36;49202;29009;17924;0.167;274.89;0.22;83;6814.4;9049;716;1.47;54;13;193;0;3.95;4.49;0.18;0.506413065353958;0.3735157878020298;PRODUCT_2507;12;-25.44;96135;7.782293040809762;Popular;0.5160140716397801;754.2;4.6783302371728235;0.6053079411487226
6940;Product_6940;Home;Toys;BrandA;290.29;0.32;197.4;349;4.71;3253;Supplier_1;UK;London;8;7;0.28;0;2015;40.34;17.4;Black;Wood;5;470;1939;2647;0.14;166.35;73827.6;885931.2;98062;18342;2459;0.196;50.76;0.23;70;2889.41;3878;3599;0.71;30;92;115;1;1.42;30.43;0.06;0.6352169538006422;0.4627531573271634;PRODUCT_6940;12;31.05000000000001;118863;4.853982058924533;Standard;0.394657120344696;649.4;4.383352223758186;0.6048459857825053
9363;Product_9363;Beauty;Sports;BrandD;656.14;0.49;334.63;89;4.55;725;Supplier_37;China;New York;6;13;0.23;0;2016;12.14;91.0;Black;Plastic;5;563;1788;4953;0.42;498.9;85665.28;1027983.36;75275;1790;26449;0.092;244.88;0.39;87;771.71;1810;723;1.4;6;72;187;52;3.04;1.4;0.12;0.5868211920085271;0.4552691926790305;PRODUCT_9363;12;-164.26999999999998;103514;13.220067232677168;Standard;0.5687154751966663;501.7;4.358777595650702;0.6047131660759707
2161;Product_2161;Sports;Toys;BrandD;689.26;0.2;551.41;252;4.45;496;Supplier_1;China;Berlin;3;6;0.08;1;2014;15.78;55.58;Black;Wood;3;606;1082;9748;0.37;398.82;229937.97;2759255.64;80042;22115;22360;0.111;162.36;0.27;67;9818.4;1635;4492;1.18;5;51;102;72;4.11;33.88;0.1;0.7100505419264103;0.6519752777509413;PRODUCT_2161;12;152.58999999999995;124517;11.722874989126684;Standard;0.5748402233550431;329.7;4.39867000571692;0.6046612036838407
4285;Product_4285;Clothing;Electronics;BrandE;752.07;0.01;744.55;537;4.52;1729;Supplier_5;China;London;15;10;0.27;1;2012;48.64;60.95;Blue;Plastic;0;629;37;1096;0.12;622.31;300053.65;3600643.8;59759;19017;12556;0.041;65.53;0.89;99;7188.19;9531;1843;0.85;41;56;105;-56;4.51;22.33;0.22;0.7342209863100242;0.7416017675338351;PRODUCT_4285;12;122.24;91332;3.639500925666161;Standard;0.444655715587798;93.1;4.44993357108829;0.6036605183090166
3790;Product_3790;Beauty;Home;BrandA;596.01;0.1;536.41;820;4.35;3337;Supplier_42;USA;Berlin;1;14;0.25;0;2019;44.26;44.47;Red;Metal;2;929;2431;9565;0.25;465.09;248894.24;2986730.88;46172;47975;15285;0.016;126.53;0.46;93;1375.8;5879;409;0.95;48;72;107;-22;1.14;11.53;0.05;0.6502899807420991;0.6515608698348258;PRODUCT_3790;12;71.32;109432;7.552195449234153;Standard;0.5307857286416929;621.2;4.68188376255387;0.6035726653351016
8827;Product_8827;Sports;Electronics;BrandC;487.55;0.02;477.8;293;4.85;4785;Supplier_17;India;Berlin;1;9;0.09;0;2020;3.15;65.11;Blue;Metal;0;307;748;935;0.25;364.0;38224.0;458688.0;88092;15015;21247;0.18;241.29;0.14;58;5293.87;9075;2058;1.27;14;78;62;-60;1.9;23.52;0.23;0.5964423490508259;0.4163137063061266;PRODUCT_8827;12;113.8;124354;8.19834026448944;Standard;0.4593140960422052;353.2;4.2661292743118935;0.6033319040287743
2921;Product_2921;Home;Electronics;BrandC;631.42;0.17;524.08;139;4.71;1967;Supplier_49;UK;Shanghai;18;13;0.22;0;2015;29.34;79.29;Blue;Metal;0;604;2970;3112;0.11;538.73;250510.24;3006122.88;45447;14102;3991;0.144;248.41;0.42;58;2351.43;3385;1558;1.45;30;18;94;27;4.39;27.8;0.21;0.6790028581519632;0.6764087561472277;PRODUCT_2921;12;-14.649999999999975;63540;3.796419900537011;Standard;0.4682680458266013;747.4;4.508150485023238;0.6033084224181926
9399;Product_9399;Beauty;Sports;BrandC;378.5;0.05;359.57;133;4.68;1790;Supplier_29;India;London;13;5;0.09;1;2020;31.51;51.11;Black;Metal;2;483;229;9953;0.29;274.85;149581.12;1794973.44;92133;1136;475;0.157;156.7;0.71;84;9098.95;1618;1375;1.23;25;50;62;-17;2.59;30.13;0.25;0.6848552193808956;0.5624184642206479;PRODUCT_9399;12;84.71999999999997;93744;9.707606760152954;Standard;0.5277334024511765;229.8;4.3472999629254385;0.6032358533550186
8160;Product_8160;Toys;Toys;BrandA;951.06;0.22;741.83;612;4.71;1926;Supplier_21;USA;London;9;14;0.01;0;2022;31.62;82.66;White;Fabric;2;266;2478;2086;0.22;538.26;11127.45;133529.4;77012;7312;11805;0.05;274.14;0.17;98;202.58;4812;950;0.65;24;82;22;-63;1.62;38.11;0.15;0.5402231023590613;0.3630956437192406;PRODUCT_8160;12;203.57000000000005;96129;6.078982412826056;Premium;0.3657223325198034;599.3;4.137888711788917;0.602358710629443
5406;Product_5406;Toys;Home;BrandD;989.64;0.22;771.92;296;4.1;2450;Supplier_4;UK;New York;8;4;0.19;0;2012;41.88;33.31;White;Metal;2;804;1828;1927;0.11;760.48;173682.0;2084184.0;71935;11936;16885;0.139;65.95;0.22;87;1576.94;1289;4704;0.94;34;1;161;-33;1.42;18.11;0.11;0.6183822355802975;0.5466290260086177;PRODUCT_5406;12;11.43999999999994;100756;3.437012078644865;Standard;0.3183976165060121;446.9;4.349522425668197;0.6022749453701557
1764;Product_1764;Beauty;Clothing;BrandA;275.11;0.22;214.59;382;4.83;2490;Supplier_31;UK;Berlin;2;4;0.16;1;2023;35.7;65.28;Black;Fabric;4;498;893;2014;0.11;167.13;96136.32;1153635.84;75053;4258;6672;0.116;173.59;0.34;54;2451.88;6519;3004;0.65;52;86;28;20;1.8;34.61;0.14;0.617609440786315;0.487589410586178;PRODUCT_1764;12;47.46000000000001;85983;3.683645502438825;Standard;0.414667533626935;419.9;4.428389086669094;0.6021101561459044
1613;Product_1613;Electronics;Toys;BrandC;969.78;0.2;775.82;378;4.82;3101;Supplier_13;India;Shanghai;13;9;0.06;1;2010;49.26;83.19;Red;Fabric;0;325;2663;5584;0.2;755.7;361532.12;4338385.44;48477;13519;379;0.168;243.98;0.65;92;764.41;236;1217;0.85;6;91;165;-2;3.25;28.37;0.14;0.7875106504159111;0.8393615216440753;PRODUCT_1613;12;20.120000000000005;62375;6.515768680344608;Standard;0.545933351159679;682.1;4.298533856109198;0.6020362613403178
2687;Product_2687;Beauty;Sports;BrandC;845.17;0.34;557.81;611;4.08;1974;Supplier_35;UK;Berlin;9;7;0.06;1;2025;40.13;89.26;Black;Wood;4;900;2366;7593;0.29;621.9;46298.23;555578.76;69956;5984;6052;0.117;74.83;0.88;81;9706.55;6364;0;0.76;42;25;145;49;2.69;45.03;0.23;0.5053755151558289;0.3673572231236865;PRODUCT_2687;12;-64.09000000000003;81992;8.99174658903604;Standard;0.4078937633387186;568.5;4.3705099994353525;0.601507592718648
2502;Product_2502;Home;Toys;BrandC;390.02;0.19;315.92;689;4.54;649;Supplier_19;China;Mumbai;20;13;0.02;1;2016;39.11;91.33;Black;Plastic;4;982;1701;9669;0.42;279.73;127947.6;1535371.2;24298;28926;21115;0.099;219.24;0.56;56;513.39;1792;624;0.87;52;97;9;60;1.6;17.21;0.19;0.5197170058647804;0.4827247877982874;PRODUCT_2502;12;36.19;74339;14.439775803855984;Popular;0.685566049165234;521.0;4.810337318319793;0.6009286221951309
8860;Product_8860;Home;Beauty;BrandB;976.83;0.36;625.17;783;4.93;587;Supplier_49;UK;Mumbai;17;10;0.27;0;2016;26.18;26.83;White;Fabric;2;270;664;3114;0.31;832.52;170671.41;2048056.92;40306;4797;21563;0.188;92.43;0.73;96;336.43;6057;2118;0.85;41;28;131;69;1.26;9.32;0.06;0.618975314761901;0.576590185175942;PRODUCT_8860;12;-207.35;66666;10.171321214413132;Premium;0.5681399217887778;259.5;4.236650436107549;0.6008287494121954
5398;Product_5398;Toys;Home;BrandC;445.77;0.43;254.09;448;4.65;2382;Supplier_40;USA;Mumbai;20;14;0.25;1;2025;1.64;85.81;White;Metal;5;578;2082;7983;0.09;393.15;25409.0;304908.0;73262;6279;28203;0.089;160.72;0.58;93;6329.55;1256;3594;1.16;60;46;2;47;3.7;9.77;0.17;0.5399684552694777;0.3768275988826076;PRODUCT_5398;12;-139.05999999999997;107744;2.899141339595221;Standard;0.3407709299695836;589.7;4.421662210215135;0.6007535944908567
1850;Product_1850;Electronics;Home;BrandD;959.7;0.47;508.64;119;4.57;3917;Supplier_16;USA;New York;16;12;0.02;1;2018;31.78;86.1;White;Plastic;3;451;965;8195;0.18;652.27;31535.68;378428.16;64337;31309;1658;0.104;156.43;0.54;80;1383.21;5462;1476;1.19;8;87;190;48;2.55;41.12;0.16;0.5208836279385094;0.3748554134194726;PRODUCT_1850;12;-143.63;97304;5.552142917087514;Standard;0.358453466246173;285.3;4.370801003490162;0.6006726849086257
1325;Product_1325;Beauty;Sports;BrandB;717.95;0.46;387.69;461;4.23;2705;Supplier_20;Germany;Shanghai;18;1;0.25;0;2015;6.74;33.66;Green;Plastic;3;964;673;8662;0.12;400.86;138793.02;1665516.24;46488;20364;16941;0.183;80.6;0.68;51;3770.23;3791;4914;1.33;15;42;152;55;2.95;13.12;0.07;0.5484517685362663;0.4912538494553671;PRODUCT_1325;12;-13.170000000000016;83793;4.12664970127553;Standard;0.3823361296320385;248.2;4.528460946266106;0.6006636935332818
5093;Product_5093;Electronics;Toys;BrandB;121.85;0.48;63.36;32;4.53;865;Supplier_37;USA;New York;15;13;0.26;1;2015;22.53;93.19;Black;Fabric;4;764;2497;3659;0.22;87.56;13685.76;164229.12;86019;22494;8825;0.118;156.79;0.69;98;4979.05;6651;3283;1.39;54;66;81;-83;2.22;44.7;0.17;0.5459977376752859;0.3605314994192765;PRODUCT_5093;12;-24.200000000000003;117338;7.398141686198525;Popular;0.4413099444879633;735.1;4.520250406770248;0.6006490900709315
1412;Product_1412;Home;Clothing;BrandD;767.46;0.14;660.02;662;4.74;1623;Supplier_7;USA;Berlin;12;3;0.19;1;2018;9.06;70.55;Black;Metal;1;716;1390;8526;0.45;422.16;231007.0;2772084.0;8726;45111;6984;0.169;273.61;0.11;69;6008.67;7198;4932;0.89;47;17;14;-70;4.51;46.97;0.19;0.5914988700221385;0.629223034659429;PRODUCT_1412;12;237.86;60821;16.39480038179082;Popular;0.7603037584079165;436.3;5.559974869817662;0.6005989115825437
318;Product_318;Beauty;Home;BrandA;422.08;0.22;329.22;244;4.56;1285;Supplier_32;India;Berlin;10;1;0.18;1;2017;32.16;28.96;Red;Wood;3;875;1197;8565;0.26;314.08;93827.7;1125932.4;36992;43379;5025;0.189;250.99;0.35;53;5112.13;7618;4519;0.84;3;0;20;46;4.77;4.07;0.12;0.5179287013140678;0.4442651006351292;PRODUCT_318;11;15.140000000000043;85396;9.551087230485466;Popular;0.5448192467159259;439.5;4.768678227031996;0.6004775499324597
9050;Product_9050;Electronics;Beauty;BrandC;802.21;0.01;794.19;980;4.91;1583;Supplier_11;Germany;Shanghai;20;5;0.03;0;2017;44.6;46.6;Black;Wood;2;204;2078;5774;0.38;494.4;27796.65;333559.8;69007;6541;28276;0.119;234.98;0.46;56;1436.08;2121;1899;1.21;11;25;62;7;4.21;37.67;0.15;0.5542711597905021;0.3942281907027194;PRODUCT_9050;12;299.7900000000001;103824;11.11354098934654;Premium;0.5235499528604095;548.1;4.112161488720879;0.6000252809839445
240;Product_240;Home;Beauty;BrandC;974.09;0.12;857.2;234;4.1;413;Supplier_10;China;Shanghai;9;5;0.07;1;2015;20.61;96.19;Green;Fabric;0;736;1231;970;0.37;709.02;406312.8;4875753.6;83868;15657;19281;0.095;126.43;0.11;67;6777.74;8226;2283;1.31;34;31;71;45;4.93;14.69;0.17;0.8384757435843873;0.8766733274912442;PRODUCT_240;11;148.18000000000006;118806;10.967657786534089;Standard;0.5602325688694909;322.6;4.318372401116685;0.5998681604701122
2638;Product_2638;Sports;Home;BrandD;971.94;0.03;942.78;678;4.51;4300;Supplier_11;USA;Mumbai;2;12;0.15;1;2010;47.58;33.06;Red;Wood;2;738;2799;278;0.41;754.23;362027.52;4344330.24;22005;21188;6374;0.149;278.42;0.74;54;5422.22;826;4237;1.48;5;30;136;-28;3.08;36.54;0.15;0.7101765772003039;0.8043235367081741;PRODUCT_2638;12;188.54999999999995;49567;14.033720987083491;Popular;0.7130712423414614;690.3;4.638693583284984;0.5998293306705681
5686;Product_5686;Toys;Sports;BrandB;792.48;0.2;633.98;387;4.11;2005;Supplier_9;USA;Shanghai;19;5;0.27;1;2018;36.7;52.42;Black;Fabric;0;950;2648;3829;0.49;471.82;316990.0;3803880.0;60298;30997;29049;0.16;248.45;0.43;54;5368.69;7007;1980;0.85;29;63;125;-36;2.51;42.44;0.17;0.7167849481761804;0.7391922784642785;PRODUCT_5686;12;162.16000000000005;120344;16.020003181849784;Standard;0.6851163308559585;663.8;4.489818321956696;0.5997783919526243
4828;Product_4828;Toys;Clothing;BrandD;910.86;0.22;710.47;277;4.94;3268;Supplier_46;UK;New York;14;10;0.1;1;2010;2.15;63.01;Red;Wood;4;120;1340;3177;0.4;614.91;181169.85;2174038.2;69851;44007;10;0.146;85.33;0.9;81;9581.79;7049;1966;0.59;12;51;153;-17;2.5;25.79;0.07;0.6877296068614744;0.6095313127582456;PRODUCT_4828;12;95.56000000000006;113868;10.860048507341638;Premium;0.5753952434807313;388.2;4.02031870925529;0.5997024489053087
4765;Product_4765;Clothing;Home;BrandD;737.6;0.39;449.94;3;4.53;1123;Supplier_23;Germany;Mumbai;15;5;0.03;1;2010;41.58;14.43;Blue;Wood;2;874;175;4850;0.46;448.82;219120.78;2629449.36;14702;36970;19075;0.043;236.24;0.27;82;822.9;2538;3586;0.64;43;64;197;46;4.2;37.9;0.13;0.5766266442994096;0.6028715142655087;PRODUCT_4765;12;1.1200000000000043;70747;14.723121226970852;Popular;0.7106688932023151;131.5;5.024614326682891;0.5993226168478392
8781;Product_8781;Clothing;Electronics;BrandE;884.8;0.1;796.32;797;4.84;2452;Supplier_5;India;London;18;13;0.06;0;2010;38.98;53.21;White;Metal;1;64;1488;7344;0.36;777.46;210228.48;2522741.76;96614;28905;9183;0.062;241.78;0.38;55;6945.99;1942;2023;0.84;16;87;9;3;3.06;19.53;0.16;0.7577745723550999;0.6595238855545846;PRODUCT_8781;12;18.860000000000014;134702;7.724406426568259;Premium;0.4931841365755516;402.4;3.6655909565640465;0.5992993296670157
8687;Product_8687;Home;Electronics;BrandB;514.72;0.1;463.25;105;4.86;3083;Supplier_3;USA;London;6;7;0.1;0;2016;19.35;83.77;Black;Metal;0;426;4;4775;0.26;271.46;55126.75;661521.0;60484;42992;7073;0.117;207.77;0.61;94;6175.94;7393;2124;0.91;38;92;111;-32;3.66;24.81;0.14;0.5562755239721651;0.42384684799978;PRODUCT_8687;12;191.79;110549;8.548794495772226;Standard;0.4999599281617069;178.7;4.5088735153503094;0.5970192797113492
7455;Product_7455;Beauty;Toys;BrandC;420.06;0.05;399.06;894;4.89;17;Supplier_35;India;London;9;8;0.19;0;2022;2.08;33.98;Blue;Fabric;1;335;2965;7677;0.32;361.44;45891.9;550702.8;79485;20059;16552;0.178;204.76;0.68;93;600.97;7910;4787;1.44;29;43;62;-39;1.38;29.29;0.17;0.5888936351955995;0.424351509010659;PRODUCT_7455;12;37.620000000000005;116096;10.722881109784078;Standard;0.5325147031697646;852.6;4.333316880164435;0.5965475927217322
3648;Product_3648;Toys;Home;BrandB;867.76;0.42;503.3;936;4.98;746;Supplier_33;USA;London;5;8;0.24;1;2012;0.48;54.22;Blue;Plastic;0;280;2212;3252;0.07;454.4;201823.3;2421879.6;37455;45763;15403;0.116;52.47;0.82;96;9032.82;8666;594;0.92;27;23;90;47;3.28;39.77;0.06;0.643549058162873;0.6213170640995636;PRODUCT_3648;12;48.900000000000034;98621;2.1935319685063943;Standard;0.4187697115534303;568.2;4.491704436148931;0.5953542907615418
1568;Product_1568;Sports;Clothing;BrandB;506.62;0.39;309.04;994;4.63;1137;Supplier_6;USA;Mumbai;17;12;0.27;1;2012;22.07;61.21;Blue;Plastic;4;638;270;5543;0.16;440.06;65516.48;786197.76;58046;20840;20659;0.189;151.27;0.57;67;3598.74;9458;742;1.27;58;38;112;7;3.81;45.96;0.23;0.5417625229184269;0.4220844109962056;PRODUCT_1568;12;-131.01999999999998;99545;5.689956194345622;Standard;0.4221371412155188;222.3;4.5077669018281945;0.5953199264987984
7498;Product_7498;Clothing;Electronics;BrandA;156.39;0.26;115.73;398;4.99;4460;Supplier_31;USA;London;7;10;0.0;1;2011;2.74;74.66;Red;Plastic;4;346;150;6355;0.14;129.22;44903.24;538838.88;83867;32562;9411;0.173;249.26;0.13;74;6226.23;7360;2835;0.54;49;81;190;-1;4.65;1.56;0.08;0.6048250159297955;0.4320088778920512;PRODUCT_7498;12;-13.489999999999997;125840;4.793274815660738;Standard;0.4281848444784282;300.0;4.41338143164679;0.5950840250720177
4537;Product_4537;Beauty;Beauty;BrandA;713.18;0.25;534.88;175;4.08;1027;Supplier_35;China;Shanghai;20;1;0.16;0;2013;42.26;72.49;White;Fabric;2;813;1674;8314;0.07;624.41;165277.92;1983335.04;92942;36476;27254;0.2;26.96;0.18;60;9562.53;6638;2327;1.08;58;85;30;80;3.89;38.94;0.17;0.6517137026453619;0.54629054733759;PRODUCT_4537;12;-89.52999999999997;156672;2.296895856636391;Standard;0.2853693882091632;444.6;4.391276109130461;0.5950811112977541
5173;Product_5173;Electronics;Home;BrandC;843.48;0.31;582.0;441;4.51;4680;Supplier_16;China;Berlin;11;5;0.21;0;2024;11.08;96.25;White;Metal;3;382;868;1501;0.07;681.2;18624.0;223488.0;92248;23486;289;0.116;131.55;0.78;77;3035.34;688;1229;1.37;40;97;12;86;2.26;28.2;0.13;0.5610230088640618;0.3698435647989351;PRODUCT_5173;12;-99.20000000000005;116023;2.0956188250301127;Standard;0.2466702493409529;264.3;4.234133256794451;0.5949502283723612
1674;Product_1674;Toys;Home;BrandB;777.1;0.13;676.08;308;4.39;4849;Supplier_7;USA;London;9;1;0.08;1;2013;42.44;16.4;Black;Wood;0;527;2696;8370;0.07;600.32;36508.32;438099.84;90311;41588;14374;0.108;250.39;0.28;79;9676.09;3531;3530;0.81;12;17;65;68;3.17;22.12;0.22;0.5626338398934323;0.3858240021145427;PRODUCT_1674;12;75.75999999999999;146273;2.134554563085091;Standard;0.2530567875359035;670.8;4.3557380362427445;0.5942955145722603
1898;Product_1898;Electronics;Clothing;BrandD;950.55;0.12;836.48;199;4.36;3902;Supplier_35;Germany;Berlin;1;3;0.18;1;2019;28.08;62.03;White;Plastic;1;668;1850;5422;0.1;697.67;76119.68;913436.16;55781;26906;4026;0.097;225.94;0.36;50;1009.44;728;1373;0.81;36;28;137;33;1.26;14.12;0.19;0.5245756355777808;0.4181620784709794;PRODUCT_1898;12;138.81000000000006;86713;3.1116644696868514;Standard;0.3110741947555581;464.4;4.442783748287143;0.5942843217558222
8200;Product_8200;Sports;Home;BrandD;549.14;0.07;510.7;500;4.83;3058;Supplier_35;UK;London;10;1;0.18;1;2011;35.41;98.47;Red;Wood;4;210;2018;5426;0.42;453.43;168531.0;2022372.0;98206;34570;18536;0.106;226.78;0.1;55;3646.96;6341;812;0.55;3;93;152;26;4.5;3.97;0.09;0.7249872529334705;0.6019645826169708;PRODUCT_8200;12;57.26999999999998;151312;12.007598026983922;High_Margin;0.582777757106924;615.1;4.14314628375517;0.5940438307170839
8836;Product_8836;Home;Sports;BrandD;629.71;0.2;503.77;682;4.81;967;Supplier_29;UK;Berlin;14;12;0.03;0;2010;33.18;77.38;Blue;Metal;1;390;2157;2839;0.44;463.38;222666.34;2671996.08;63122;35100;4599;0.126;92.34;0.81;59;2712.3;8850;2345;0.56;22;64;188;-62;1.09;19.49;0.2;0.6988718500184314;0.6547689861947082;PRODUCT_8836;12;40.38999999999999;102821;14.223826437627109;Standard;0.6737386105799829;600.8;4.422696230166321;0.5939535071927511
8049;Product_8049;Beauty;Sports;BrandC;155.54;0.41;91.77;355;4.52;2020;Supplier_10;Germany;New York;3;2;0.08;1;2011;29.46;57.5;Green;Wood;2;750;1502;9175;0.26;81.0;19730.55;236766.6;83621;46119;12805;0.029;99.78;0.2;86;942.11;7774;3904;1.09;36;93;127;-70;1.97;46.11;0.24;0.5454997945766651;0.3668424410137204;PRODUCT_8049;12;10.769999999999996;142545;8.007138723689854;Popular;0.4566437553184023;500.1;4.566867088440314;0.5935624836992403
6922;Product_6922;Sports;Sports;BrandB;974.38;0.48;506.68;830;4.5;3026;Supplier_15;India;Shanghai;15;14;0.29;1;2023;26.86;30.97;Red;Wood;3;630;1529;3869;0.12;721.94;184431.52;2213178.24;38640;12277;22522;0.118;117.84;0.73;83;965.32;5845;3720;0.57;17;29;193;-95;2.85;6.08;0.17;0.5928494586673404;0.5671689874151928;PRODUCT_6922;12;-215.26000000000005;73439;3.8923674953333807;Standard;0.3980573157307869;407.5;4.442467893670729;0.5928827774792236
2657;Product_2657;Sports;Sports;BrandD;451.15;0.09;410.55;928;4.59;3393;Supplier_9;India;London;9;2;0.12;0;2011;44.44;94.78;Black;Plastic;4;798;297;2173;0.16;405.91;101405.85;1216870.2;39646;26730;4105;0.074;17.1;0.3;76;4184.86;2519;3525;1.07;41;45;158;97;1.24;31.94;0.06;0.5320296621993945;0.4582959471156163;PRODUCT_2657;12;4.639999999999986;70481;5.271471539184987;Popular;0.4517864616855285;177.8;4.644187742075869;0.5928382434543666
250;Product_250;Toys;Home;BrandD;716.27;0.04;687.62;291;4.47;2068;Supplier_21;Germany;London;6;4;0.18;0;2010;31.81;72.97;White;Plastic;1;716;1069;977;0.37;579.95;293613.74;3523364.88;49722;33866;4125;0.043;247.69;0.23;65;7807.92;595;1437;1.37;5;68;92;-15;4.07;30.93;0.09;0.7047119148875512;0.723440293858372;PRODUCT_250;11;107.66999999999996;87713;11.342122203876722;Standard;0.6211821997496649;309.6;4.554251727173439;0.5927355865669242
2946;Product_2946;Sports;Home;BrandB;580.51;0.08;534.07;783;4.74;4496;Supplier_28;UK;New York;4;6;0.21;1;2014;38.71;79.72;Red;Plastic;1;562;595;5043;0.27;338.3;40589.32;487071.84;46968;14109;7515;0.113;33.58;0.62;82;385.73;5318;1784;0.73;46;6;134;-16;3.81;17.13;0.11;0.5073771558721092;0.3878785861581556;PRODUCT_2946;12;195.77000000000004;68592;9.021233701387704;Standard;0.5006490317079403;281.4;4.4893910541174;0.5921665145998264
6620;Product_6620;Toys;Sports;BrandB;690.13;0.2;552.1;790;4.54;4352;Supplier_17;USA;New York;14;7;0.26;1;2024;48.09;72.22;Blue;Fabric;3;936;316;6327;0.22;396.34;237955.1;2855461.2;2831;21917;9108;0.145;148.13;0.7;97;4921.77;8247;1796;1.01;58;77;153;-58;4.77;19.04;0.2;0.5695678190600055;0.6225292242146984;PRODUCT_6620;12;155.76000000000005;33856;7.825470511333198;Popular;0.5733937280066771;172.4;6.101430783753723;0.592159003677598
2075;Product_2075;Home;Sports;BrandC;858.16;0.45;471.99;720;4.6;1032;Supplier_21;UK;Berlin;10;11;0.19;0;2025;39.69;52.48;Red;Metal;2;492;781;9597;0.33;574.95;175580.28;2106963.36;56453;49346;6683;0.036;63.2;0.67;92;3582.26;229;2935;1.48;56;33;5;-34;3.64;1.16;0.1;0.6290147882212735;0.5719731787750612;PRODUCT_2075;12;-102.96000000000004;112482;9.751218351539888;Standard;0.5291582782506938;237.8;4.495025202573695;0.5911291441814459
6169;Product_6169;Home;Sports;BrandA;926.15;0.34;611.26;307;4.32;2435;Supplier_7;Germany;Shanghai;18;10;0.02;0;2019;7.62;73.59;Black;Fabric;3;619;2288;8904;0.44;601.09;34841.82;418101.84;70742;47124;6076;0.074;162.64;0.2;67;910.1;8173;3763;1.21;11;44;199;58;4.91;38.1;0.05;0.5164842766532485;0.3672877968314997;PRODUCT_6169;12;10.16999999999996;123942;13.126009981862197;Standard;0.5047763913002449;552.9;4.43311557668963;0.5910208420660279
9211;Product_9211;Toys;Toys;BrandC;378.88;0.23;291.74;630;4.56;1700;Supplier_20;Germany;New York;6;14;0.08;1;2022;21.57;47.46;Red;Metal;0;753;625;4100;0.4;224.17;119905.14;1438861.68;56826;3353;834;0.062;265.73;0.62;62;9762.42;2667;4016;1.38;38;82;186;47;2.19;24.06;0.18;0.5795989559817244;0.4923618621056975;PRODUCT_9211;12;67.57000000000002;61013;12.833968051359795;Popular;0.6124005865306853;260.2;4.485957883394362;0.5904069106864445
4836;Product_4836;Home;Toys;BrandB;890.96;0.31;614.76;174;4.81;2064;Supplier_22;UK;Mumbai;16;3;0.1;1;2021;1.44;76.99;Black;Fabric;5;111;1790;2378;0.45;632.83;31352.76;376233.12;88010;5278;14906;0.14;141.48;0.73;87;2326.11;3195;2745;0.58;23;23;191;25;1.17;41.42;0.23;0.5872824380036565;0.4041674577363429;PRODUCT_4836;12;-18.07000000000005;108194;11.643037519886784;Premium;0.5047994965861099;485.7;3.82339364009854;0.590381026679271
8015;Product_8015;Sports;Beauty;BrandA;941.61;0.01;932.19;182;4.08;72;Supplier_31;UK;Mumbai;18;9;0.15;0;2020;7.36;62.58;Red;Wood;4;809;456;8784;0.29;623.41;386858.85;4642306.2;72114;22781;26836;0.072;257.76;0.37;82;6741.5;1367;2818;1.29;34;53;147;-65;4.92;35.1;0.21;0.7969548227609909;0.8413384661694326;PRODUCT_8015;12;308.7800000000001;121731;8.494453948211392;Standard;0.5138988848865491;144.5;4.37399421879924;0.5902300969473686
3947;Product_3947;Home;Electronics;BrandA;702.55;0.25;526.91;444;4.83;370;Supplier_6;China;Shanghai;3;5;0.09;0;2010;29.72;86.74;Red;Metal;3;138;2403;9704;0.33;529.37;235528.77;2826345.24;95711;20033;27409;0.173;49.96;0.2;83;4706.35;8812;3003;1.24;18;44;122;-16;3.29;40.97;0.15;0.7765090794730165;0.6934579233518394;PRODUCT_3947;12;-2.4600000000000364;143153;9.225713036365953;High_Margin;0.531935098738263;678.3;3.9476510102866826;0.5896534112576867
8445;Product_8445;Electronics;Toys;BrandA;873.38;0.15;742.37;33;4.29;1724;Supplier_26;China;Berlin;9;6;0.12;0;2020;39.93;88.91;Black;Metal;2;677;2296;3102;0.07;634.91;225680.48;2708165.76;68858;17197;6165;0.161;11.24;0.22;66;3903.41;2600;591;0.58;9;34;27;-65;3.19;31.67;0.23;0.6712879961941449;0.6291146235838164;PRODUCT_8445;12;107.46000000000004;92220;2.2728896193900296;Standard;0.3346483178908479;572.5;4.37360808593337;0.5895594242884588
7625;Product_7625;Clothing;Beauty;BrandC;698.74;0.05;663.8;778;4.05;3301;Supplier_29;UK;Berlin;5;1;0.11;0;2020;5.22;17.05;Red;Plastic;3;939;2803;8938;0.43;360.23;148027.4;1776328.8;73976;28480;16448;0.189;192.48;0.47;54;7989.81;3471;1983;1.05;33;49;38;1;1.32;27.35;0.16;0.5968252096604582;0.5090461207385952;PRODUCT_7625;12;303.56999999999994;118904;14.175376665496316;Standard;0.559294200600206;697.4;4.43534989538517;0.5894942101576223
511;Product_511;Toys;Home;BrandE;909.52;0.37;573.0;336;4.62;2194;Supplier_19;UK;New York;20;1;0.04;0;2018;20.45;19.47;Black;Fabric;1;428;670;6957;0.32;763.75;175338.0;2104056.0;59290;20109;3626;0.195;42.91;0.61;67;8805.25;9624;4004;0.86;16;35;91;-9;3.81;11.19;0.24;0.6360852764275052;0.5746193579633477;PRODUCT_511;11;-190.75;83025;10.708703201187102;Standard;0.5338360176466956;244.3;4.340415454364933;0.5891402330717521
4433;Product_4433;Sports;Beauty;BrandC;823.91;0.02;807.43;59;4.56;2353;Supplier_47;China;New York;12;1;0.11;1;2020;23.21;12.18;Blue;Wood;0;409;2700;744;0.21;507.59;373840.09;4486081.08;78694;25809;24187;0.047;167.63;0.31;96;6973.39;119;3368;0.51;19;0;40;-96;1.75;48.57;0.06;0.8375354815165773;0.8579374741699243;PRODUCT_4433;12;299.84;128690;6.031842484645119;Standard;0.4967159372592518;647.4;4.296056174678132;0.5889584538916031
234;Product_234;Sports;Home;BrandC;647.36;0.07;602.04;276;4.97;2535;Supplier_39;Germany;Shanghai;19;11;0.25;1;2017;19.67;6.88;Green;Plastic;3;536;1512;7017;0.33;510.3;102346.8;1228161.6;9650;47392;14028;0.026;236.97;0.41;79;3927.83;1972;1213;1.37;32;100;113;-67;2.59;39.7;0.08;0.5032223527586168;0.4659216528143305;PRODUCT_234;11;91.73999999999997;71070;10.577716777148892;Standard;0.6152291376348307;436.7;5.484616854383857;0.5888485009535778
3334;Product_3334;Clothing;Home;BrandB;697.22;0.5;348.61;704;4.21;3560;Supplier_14;India;New York;13;2;0.04;1;2016;22.34;23.14;Blue;Metal;5;917;302;4206;0.49;388.19;77740.03;932880.36;53497;32201;7050;0.134;84.41;0.6;55;8158.28;223;701;1.16;39;68;135;-58;4.21;8.57;0.1;0.5093737144396326;0.4094404621004375;PRODUCT_3334;12;-39.579999999999984;92748;15.959361470723882;Standard;0.6083758902936927;160.7;4.5332632768643055;0.5887613297230052
2342;Product_2342;Clothing;Beauty;BrandD;604.62;0.08;556.25;897;4.82;3792;Supplier_25;China;Shanghai;7;14;0.29;1;2023;38.71;65.5;Green;Metal;0;688;31;4077;0.26;491.21;158531.25;1902375.0;9100;27128;18376;0.021;146.82;0.55;91;5515.34;4066;1025;0.71;32;49;20;-76;2.64;20.79;0.12;0.5375137345419088;0.5339736580471166;PRODUCT_2342;12;65.04000000000002;54604;8.361953612411837;Standard;0.5802538282504301;115.9;5.138316288625243;0.5883344384707652
4317;Product_4317;Sports;Sports;BrandE;359.19;0.34;237.07;532;4.87;3040;Supplier_38;Germany;London;17;5;0.22;1;2015;3.25;77.46;Blue;Wood;4;338;929;6982;0.41;205.16;117823.79;1413885.48;82953;22981;17932;0.163;221.78;0.56;73;7365.63;4328;1724;1.04;14;32;104;-40;1.16;23.86;0.11;0.6549051778946458;0.5249915727654577;PRODUCT_4317;12;31.91;123866;13.528916643954812;Standard;0.6197122637288148;411.5;4.333807321772717;0.5882630662502933
9987;Product_9987;Home;Electronics;BrandA;512.72;0.16;430.68;741;4.99;3020;Supplier_12;China;London;8;4;0.15;1;2025;8.2;80.46;Red;Plastic;4;211;1377;8870;0.1;388.91;110254.08;1323048.96;73820;44295;2424;0.026;66.93;0.79;98;1789.31;7484;931;0.57;13;83;9;-3;3.59;31.63;0.24;0.6398513921521971;0.5166844575127815;PRODUCT_9987;12;41.76999999999998;120539;2.7424329013889293;Standard;0.386458227751531;430.6;4.258642637747429;0.5876153663375836
5784;Product_5784;Electronics;Sports;BrandD;965.14;0.47;511.52;928;4.08;568;Supplier_25;UK;Mumbai;6;11;0.07;1;2011;12.63;92.33;Blue;Metal;3;806;649;7613;0.08;603.62;121230.24;1454762.88;69342;5129;2383;0.034;44.85;0.8;75;4619.53;296;3789;0.62;18;48;57;-83;2.08;29.03;0.24;0.567352432327887;0.4709917812445837;PRODUCT_5784;12;-92.10000000000002;76854;2.258980674064304;Standard;0.2682165657625712;182.2;4.32412281044778;0.5875615400127002
2378;Product_2378;Toys;Electronics;BrandB;820.41;0.41;484.04;972;4.52;4571;Supplier_19;India;Mumbai;6;5;0.07;1;2022;5.54;19.74;White;Wood;2;435;1897;1374;0.31;732.77;111329.2;1335950.4;79645;41793;25599;0.197;105.39;0.15;92;972.19;1683;636;0.87;44;23;30;-64;4.62;18.58;0.23;0.6148100029308057;0.4915922108601769;PRODUCT_2378;12;-248.73;147037;10.193642796722658;Standard;0.4745543890247908;510.1;4.344005105011156;0.5872720798702828
2825;Product_2825;Toys;Home;BrandC;855.06;0.35;555.79;604;4.09;4126;Supplier_41;Germany;Mumbai;3;2;0.02;0;2010;24.71;38.44;Green;Fabric;2;732;1859;7502;0.24;432.64;208977.04;2507724.48;89758;29737;9231;0.077;78.11;0.8;70;7146.22;9711;783;0.74;55;39;90;-79;4.71;14.8;0.24;0.6830049264254727;0.6056727134000452;PRODUCT_2825;12;123.14999999999998;128726;6.974391603986776;Standard;0.3988030803352064;444.4;4.341118669800762;0.5872362390142774
5125;Product_5125;Home;Beauty;BrandD;679.33;0.12;597.81;879;4.19;3795;Supplier_22;USA;Berlin;1;4;0.25;0;2021;11.95;10.22;Red;Fabric;2;703;393;6200;0.37;434.36;208635.69;2503628.28;94196;36296;10089;0.17;164.79;0.29;63;295.48;6657;3814;1.23;44;47;67;-7;3.05;8.13;0.15;0.6995943295235912;0.6142621309992944;PRODUCT_5125;12;163.44999999999993;140581;11.893018978095622;Standard;0.5228157775384226;175.2;4.375776185980989;0.5866958093549847
3975;Product_3975;Sports;Electronics;BrandB;907.97;0.02;889.81;117;4.83;3028;Supplier_5;Germany;Mumbai;1;3;0.02;0;2010;42.37;5.89;Black;Wood;0;234;828;15;0.25;672.25;256265.28;3075183.36;60253;13024;16265;0.045;176.81;0.81;73;8813.5;6665;3048;1.09;1;32;104;78;3.27;10.31;0.23;0.7230736730922502;0.7009614834515085;PRODUCT_3975;12;217.55999999999997;89542;6.8891097362038805;Premium;0.5055483865343656;252.2;4.159065248095385;0.5864872491474895
3993;Product_3993;Home;Electronics;BrandA;951.75;0.29;675.74;711;4.07;1685;Supplier_28;China;Shanghai;5;4;0.03;0;2025;38.82;73.71;Red;Wood;0;761;1437;4077;0.12;564.65;258808.42;3105701.04;79091;15270;8140;0.082;213.38;0.53;80;3553.36;1259;733;0.83;37;14;97;77;4.93;44.98;0.18;0.7021004622658634;0.667155768643992;PRODUCT_3993;12;111.09000000000005;102501;3.5067579942167417;Standard;0.3391168929215293;362.2;4.320992370994488;0.5861470839085969
9542;Product_9542;Clothing;Toys;BrandD;539.43;0.32;366.81;12;4.71;3793;Supplier_2;UK;Shanghai;11;7;0.04;1;2021;46.45;39.27;Blue;Plastic;2;444;2941;5264;0.06;273.58;130217.55;1562610.6;72300;39646;18568;0.052;216.09;0.45;53;5225.85;142;3074;0.54;27;42;175;-69;2.96;2.02;0.25;0.6312501099647453;0.5255609199638466;PRODUCT_9542;12;93.23000000000002;130514;1.8129282133314688;Standard;0.3470634882588582;750.6;4.432900528910756;0.5858391539276665
4005;Product_4005;Clothing;Toys;BrandC;747.19;0.09;679.94;857;4.12;4437;Supplier_35;USA;Mumbai;7;2;0.03;0;2024;19.22;25.03;White;Wood;3;842;1484;1513;0.4;435.79;167945.18;2015342.16;74282;23952;29218;0.048;221.52;0.72;59;8615.22;4415;3757;1.03;9;85;61;-41;2.0;37.51;0.23;0.6198379358700882;0.5413549314297276;PRODUCT_4005;12;244.15000000000003;127452;11.635442581032835;Standard;0.5195995277696916;383.9;4.407276161515812;0.5855061474466621
583;Product_583;Home;Sports;BrandB;145.25;0.3;101.67;812;4.42;2169;Supplier_44;UK;Berlin;16;4;0.13;1;2024;2.28;25.43;Blue;Fabric;3;846;1404;7274;0.27;112.36;47988.24;575858.88;78687;25687;21693;0.032;248.78;0.44;83;2473.25;771;911;0.52;17;14;193;6;1.87;42.74;0.22;0.5514656571778448;0.3967022838994678;PRODUCT_583;11;-10.689999999999998;126067;8.303003068485692;Standard;0.4685485299562953;449.7;4.529969334502961;0.5852192024080268
6528;Product_6528;Sports;Sports;BrandD;360.71;0.2;288.57;815;4.56;3155;Supplier_6;UK;Mumbai;9;12;0.0;1;2022;38.62;97.27;White;Metal;2;558;21;3083;0.09;278.69;30011.28;360135.36;89637;6917;22438;0.2;164.29;0.58;61;4400.33;8903;2980;0.59;26;94;82;48;4.82;9.86;0.24;0.5694053886747434;0.3872818767903759;PRODUCT_6528;12;9.879999999999995;118992;3.1155020925394226;Standard;0.3191913665895114;168.4;4.36989314825442;0.5851215216850157
5199;Product_5199;Clothing;Toys;BrandD;881.35;0.4;528.81;682;4.57;995;Supplier_45;UK;Mumbai;1;12;0.16;0;2022;33.79;96.41;Blue;Wood;5;730;2353;2291;0.32;483.68;143307.51;1719690.12;14498;22005;13932;0.09;287.39;0.25;83;1300.08;6148;4302;1.23;6;75;6;88;2.93;13.67;0.14;0.5154701394572301;0.5000829244055786;PRODUCT_5199;12;45.12999999999994;50435;10.511600565456504;Popular;0.565987157242541;593.7;4.769324495501512;0.5848148556162943
8237;Product_8237;Home;Sports;BrandE;413.43;0.22;322.48;458;4.13;4418;Supplier_39;USA;Mumbai;12;3;0.29;0;2015;21.41;97.01;Black;Wood;4;882;1937;4564;0.33;208.49;25475.92;305711.04;93398;26045;8415;0.156;24.53;0.35;89;3099.48;756;4929;1.44;36;11;130;31;4.56;30.9;0.2;0.5387029439519414;0.3557238940177586;PRODUCT_8237;12;113.99;127858;10.687212966784026;Standard;0.4437176130766685;539.8;4.4211021524486975;0.5847955157961413
8556;Product_8556;Beauty;Home;BrandE;980.82;0.4;588.49;971;4.77;3990;Supplier_27;China;Berlin;4;9;0.11;1;2020;49.95;83.8;Green;Wood;5;557;2649;425;0.47;797.14;188905.29;2266863.48;6086;40335;17683;0.199;134.23;0.14;100;3082.58;4144;208;1.12;41;70;106;85;3.29;19.54;0.21;0.5531053130695675;0.5711230936596581;PRODUCT_8556;12;-208.65;64104;17.00011784895743;Premium;0.733201001395873;673.0;5.763244735133267;0.5846328006354898
7071;Product_7071;Home;Clothing;BrandB;549.13;0.12;483.23;609;4.67;3785;Supplier_17;UK;New York;15;14;0.24;1;2019;8.83;90.2;Blue;Plastic;4;665;318;1148;0.18;334.85;104377.68;1252532.16;38441;23999;27991;0.187;120.79;0.8;60;7568.85;9587;3314;0.76;14;94;87;27;4.17;7.69;0.1;0.5385260373054037;0.4668176349183959;PRODUCT_7071;12;148.38;90431;6.486936123205769;Standard;0.4697137395062895;232.7;4.593377344244355;0.5845734865248542
5630;Product_5630;Electronics;Sports;BrandD;184.34;0.07;171.44;540;4.46;4398;Supplier_18;UK;London;3;5;0.16;0;2016;16.91;49.51;Red;Metal;0;812;206;7237;0.45;99.4;31544.96;378539.52;74902;42478;28547;0.029;241.5;0.65;97;9957.74;2897;3626;1.31;60;57;66;16;3.84;16.86;0.23;0.5332246255879328;0.3741682447280806;PRODUCT_5630;12;72.03999999999999;145927;13.838369989631463;Standard;0.59066900122634;190.2;4.577715316372594;0.5843933672225209
862;Product_862;Electronics;Toys;BrandD;477.45;0.12;420.16;390;4.91;2740;Supplier_18;UK;New York;20;9;0.28;1;2024;46.62;6.96;Green;Wood;3;680;610;5573;0.25;425.48;182349.44;2188193.28;5583;2480;17782;0.097;264.67;0.33;73;4327.11;513;3460;1.41;2;47;175;59;3.04;45.14;0.11;0.55776930696206;0.5706819575013394;PRODUCT_862;11;-5.319999999999993;25845;8.784416985685985;Standard;0.615071796834336;293.9;4.6622660473030795;0.584282088019523
4691;Product_4691;Electronics;Clothing;BrandB;792.95;0.08;729.51;314;4.02;2670;Supplier_10;USA;Berlin;8;13;0.3;1;2016;22.67;97.54;Blue;Metal;1;994;646;2436;0.17;663.81;176541.42;2118497.04;58208;2452;22854;0.038;29.63;0.38;94;7022.86;3011;4587;0.56;25;5;193;19;3.55;28.65;0.1;0.5869360357612929;0.5372403655074798;PRODUCT_4691;12;65.70000000000005;83514;4.896593093264002;Standard;0.3731926483785174;196.7;4.377522053631991;0.583790122543511
3449;Product_3449;Clothing;Home;BrandB;949.31;0.38;588.57;75;4.7;4162;Supplier_24;China;New York;10;7;0.22;1;2014;48.4;21.08;Black;Fabric;3;648;1139;6871;0.37;708.1;210119.49;2521433.88;2858;7747;24202;0.1;159.8;0.7;65;2113.6;9003;613;0.76;43;12;85;33;4.75;17.45;0.19;0.5589425083417698;0.5941505719344232;PRODUCT_3449;12;-119.52999999999996;34807;12.386855243783256;Premium;0.6487900265025419;330.6;5.012300448473098;0.5834881902429004
7444;Product_7444;Home;Sports;BrandA;923.64;0.34;609.6;604;4.56;3196;Supplier_14;USA;Mumbai;15;13;0.01;1;2018;49.94;1.91;Blue;Metal;4;245;2278;5939;0.38;542.64;118262.4;1419148.8;96000;41999;13211;0.028;63.65;0.15;52;9175.85;3517;49;0.62;19;0;196;15;3.26;16.92;0.15;0.6565730598298236;0.5135897225361475;PRODUCT_7444;12;66.96000000000004;151210;9.806748363056576;High_Margin;0.4589467358411697;562.2;4.113630531039612;0.5831747800215732
2408;Product_2408;Electronics;Electronics;BrandA;371.25;0.15;315.56;847;4.19;1668;Supplier_16;India;Berlin;5;4;0.2;1;2013;21.87;96.45;Green;Plastic;1;825;1617;642;0.32;291.94;9151.24;109814.88;96923;41814;26870;0.166;210.93;0.44;56;1359.8;1954;303;0.75;22;64;81;29;1.65;33.87;0.07;0.5367841447134173;0.3390211255037728;PRODUCT_2408;12;23.620000000000005;165607;10.500541577544858;Standard;0.435913592601267;470.5;4.448920835029761;0.5829978523284182
9680;Product_9680;Sports;Home;BrandD;592.6;0.36;379.26;206;4.62;309;Supplier_44;Germany;Mumbai;11;3;0.3;1;2016;4.39;1.83;Black;Metal;4;571;862;3836;0.23;500.01;173321.82;2079861.84;57861;20683;3351;0.161;81.28;0.39;83;4560.48;2453;2278;0.69;52;56;111;92;1.91;16.09;0.08;0.6315262011525734;0.5709634418954271;PRODUCT_9680;12;-120.75;81895;7.832796902090841;Standard;0.4973417396208826;350.6;4.459147620540444;0.582937417273769
2891;Product_2891;Toys;Toys;BrandC;190.48;0.46;102.86;918;4.69;1808;Supplier_42;Germany;London;8;12;0.18;1;2019;19.6;16.4;Green;Wood;0;506;1470;9579;0.38;135.47;23246.36;278956.32;92123;8571;27427;0.021;33.65;0.15;82;5494.16;4227;4859;1.39;56;65;29;-72;1.04;27.99;0.24;0.5790719289935758;0.3877042278227625;PRODUCT_2891;12;-32.61;128121;11.333561809122813;Standard;0.5300497110525715;493.1;4.386012132404853;0.5826089028268112
4452;Product_4452;Electronics;Clothing;BrandC;903.29;0.15;767.8;109;4.91;804;Supplier_11;Germany;Mumbai;2;10;0.02;0;2016;25.16;72.45;Red;Metal;3;206;1218;5588;0.28;499.24;133597.2;1603166.4;51501;7696;3081;0.155;176.94;0.65;93;6314.31;4468;4956;0.62;23;13;156;83;4.96;9.19;0.1;0.6084966018920159;0.5305704839617278;PRODUCT_4452;12;268.55999999999995;62278;8.46779217551332;Premium;0.5027168372159815;379.5;4.1269743156207435;0.582500530114913
2208;Product_2208;Sports;Clothing;BrandC;773.36;0.35;502.68;300;4.15;2686;Supplier_44;USA;London;20;3;0.0;1;2018;20.41;78.48;Black;Plastic;3;890;1924;907;0.36;453.22;130696.8;1568361.6;57699;14976;15141;0.104;247.04;0.8;66;7060.36;5138;4685;1.25;18;31;116;99;2.02;47.37;0.16;0.5576479760689819;0.4816241879421569;PRODUCT_2208;12;49.45999999999998;87816;11.203129882404092;Standard;0.5065276740942158;493.1;4.428848549338035;0.5824199211861252
553;Product_553;Home;Electronics;BrandE;873.89;0.4;524.33;428;4.63;2366;Supplier_1;Germany;Berlin;12;3;0.2;0;2011;23.15;73.43;Blue;Wood;0;322;1915;9736;0.18;687.97;165163.95;1981967.4;75857;34428;25707;0.016;230.11;0.7;71;4514.78;958;3827;0.54;30;44;167;88;1.16;3.6;0.1;0.6614424427560033;0.571079823076535;PRODUCT_553;11;-163.64;135992;4.8921369733125415;Standard;0.3903604319936642;477.3;4.253831721701101;0.5824004158476613
370;Product_370;Electronics;Beauty;BrandA;867.19;0.17;719.77;179;4.24;2079;Supplier_4;China;London;5;7;0.26;1;2016;15.4;63.02;Black;Wood;4;817;1060;2129;0.15;523.72;269193.98;3230327.76;48266;21222;15178;0.089;51.41;0.83;62;742.08;3244;2894;0.67;13;24;162;4;3.12;20.47;0.13;0.6628014264422475;0.6739527886127445;PRODUCT_370;11;196.04999999999995;84666;4.645199681780409;Standard;0.4215711433152533;293.2;4.466682613338318;0.5809320671605281
8344;Product_8344;Beauty;Electronics;BrandE;586.68;0.28;422.41;472;4.62;938;Supplier_50;China;Mumbai;8;8;0.13;1;2016;6.93;30.15;Blue;Metal;0;607;2567;8474;0.16;306.99;207825.72;2493908.64;50893;49271;21535;0.094;26.86;0.49;59;2938.75;1940;3532;1.02;51;98;142;-60;3.49;40.02;0.18;0.6466921275097061;0.6146722230673096;PRODUCT_8344;12;115.42000000000002;121699;5.183810992387834;Standard;0.4617855413092425;694.8;4.605695795240242;0.5805154327398121
4882;Product_4882;Clothing;Electronics;BrandC;721.37;0.07;670.87;937;4.86;1211;Supplier_19;India;Berlin;3;8;0.22;0;2017;14.57;84.64;Black;Fabric;3;596;1004;8996;0.32;537.55;250905.38;3010864.56;5316;21453;3179;0.061;221.17;0.18;88;8140.37;3244;632;0.8;19;58;139;96;4.17;45.27;0.16;0.6110621173772186;0.6624749843378009;PRODUCT_4882;12;133.32000000000005;29948;10.547092773927815;Standard;0.6554174470884416;326.7;5.307877454837854;0.5802817062122103
9407;Product_9407;Home;Toys;BrandB;904.04;0.37;569.55;326;4.65;3862;Supplier_11;UK;Shanghai;12;2;0.06;1;2010;40.72;68.95;Red;Plastic;3;264;1432;197;0.23;762.76;114479.55;1373754.6;79261;15096;6628;0.098;171.83;0.43;82;1416.58;340;2031;0.67;42;72;174;67;3.58;40.52;0.18;0.6270992058769426;0.504054352090445;PRODUCT_9407;12;-193.21000000000004;100985;6.552338111683707;Standard;0.4004901604097207;386.5;4.129983804077637;0.5800803549181378
6949;Product_6949;Electronics;Electronics;BrandE;845.47;0.26;625.65;955;4.19;4960;Supplier_39;UK;London;6;4;0.2;1;2019;43.64;36.61;Green;Plastic;4;629;2277;9078;0.36;711.28;215223.6;2582683.2;89721;38177;25804;0.124;238.8;0.58;93;9172.71;8026;1542;0.98;41;83;146;26;4.52;48.21;0.1;0.6961998845960753;0.6207205172309226;PRODUCT_6949;12;-85.63;153702;10.9283415237308;Standard;0.4935107529768981;549.3;4.339389520469427;0.5797620300913466
7542;Product_7542;Sports;Electronics;BrandD;810.27;0.31;559.09;743;4.99;4855;Supplier_13;China;Shanghai;19;10;0.17;1;2010;18.72;5.02;Green;Metal;0;153;2473;5257;0.23;610.34;223076.91;2676922.92;55065;43575;6432;0.2;27.98;0.46;54;3997.59;6618;3561;0.99;12;100;11;-67;1.84;1.71;0.09;0.6975017480821362;0.6620239177795575;PRODUCT_7542;12;-51.25;105072;6.937092602148148;Premium;0.512929152227132;640.9;4.1690485430084925;0.5796731666949329
5188;Product_5188;Toys;Sports;BrandA;583.18;0.42;338.24;91;4.68;2920;Supplier_27;USA;New York;12;6;0.11;1;2021;7.14;88.5;White;Wood;3;539;2401;170;0.3;446.18;77118.72;925424.64;53427;28533;10679;0.139;157.2;0.6;80;968.32;7442;1619;1.13;7;94;188;64;1.12;24.34;0.18;0.5463096188580657;0.4386160992145184;PRODUCT_5188;12;-107.94;92639;10.061200538939524;Standard;0.5180099722046909;672.7;4.495438818718493;0.5793880202445876
7859;Product_7859;Home;Beauty;BrandB;517.52;0.01;512.34;235;4.81;1993;Supplier_9;UK;London;4;8;0.16;1;2010;15.05;21.92;Blue;Fabric;1;343;1974;9080;0.36;309.53;71727.6;860731.2;73332;43907;13373;0.155;263.19;0.69;52;8926.77;1441;4851;0.78;26;30;61;76;1.96;8.97;0.16;0.5919781850618597;0.4513982046214755;PRODUCT_7859;12;202.8100000000001;130612;11.68127163346348;Standard;0.5477745295274308;637.9;4.380005203831921;0.5791422618119141
1519;Product_1519;Home;Beauty;BrandB;427.92;0.26;316.66;878;4.87;1886;Supplier_13;Germany;New York;4;1;0.18;0;2019;0.84;51.55;Blue;Plastic;3;190;2755;6017;0.21;256.17;123497.4;1481968.8;98278;35428;25827;0.065;77.61;0.53;97;6341.86;6937;1006;1.17;21;60;62;-93;4.07;29.48;0.14;0.6903454624065789;0.5420627247901351;PRODUCT_1519;12;60.49000000000001;159533;5.720647537129402;Standard;0.4275275216689573;729.2;4.121006890500689;0.5788686104677889
8996;Product_8996;Sports;Toys;BrandC;687.98;0.41;405.91;679;4.68;3452;Supplier_48;USA;London;11;4;0.09;0;2012;11.58;41.74;Black;Metal;1;308;1958;9448;0.27;529.63;87270.65;1047247.8;84288;15468;12269;0.149;38.63;0.21;80;5677.41;2391;1952;1.38;17;60;44;-66;4.85;28.95;0.14;0.6166040248586231;0.4712260014740956;PRODUCT_8996;12;-123.71999999999996;112025;8.324102893073704;Standard;0.4423306077263964;538.6;4.202039244244292;0.5782913224052956
7608;Product_7608;Sports;Home;BrandE;667.52;0.25;500.64;785;4.85;2931;Supplier_2;India;Berlin;5;11;0.22;0;2020;18.06;42.17;Green;Metal;0;547;2745;3772;0.4;520.32;155198.4;1862380.8;18710;45563;22545;0.129;285.46;0.4;83;2043.34;9510;763;1.09;37;94;141;-3;1.35;49.05;0.13;0.5563253611804319;0.5370346436539897;PRODUCT_7608;12;-19.680000000000064;86818;13.81238250999076;Standard;0.6734053358429143;728.2;4.949554476083322;0.5779880164704737
5369;Product_5369;Toys;Beauty;BrandE;947.98;0.07;881.62;585;4.62;744;Supplier_6;UK;London;14;6;0.2;1;2022;44.9;26.49;Black;Plastic;3;296;2225;3961;0.23;616.99;437283.52;5247402.24;73136;18926;6404;0.015;257.92;0.41;89;6289.06;1052;4569;1.33;60;46;9;44;3.44;23.71;0.25;0.8847323055542182;0.9464994393845864;PRODUCT_5369;12;264.63;98466;6.140912167252124;Standard;0.4979508459863144;544.5;4.177248488861705;0.5772693046125187
859;Product_859;Clothing;Home;BrandC;772.04;0.1;694.84;318;4.81;2604;Supplier_13;Germany;New York;3;13;0.25;0;2022;8.27;12.95;Red;Fabric;1;548;546;4706;0.42;641.81;317541.88;3810502.56;15198;18325;4737;0.07;71.76;0.75;89;5124.7;7286;306;0.5;52;57;56;-95;2.01;34.66;0.24;0.6830369265652273;0.7576942090246817;PRODUCT_859;11;53.030000000000086;38260;13.63567390454518;Standard;0.7293156706134983;227.4;4.688389527939515;0.5767617187453048
9074;Product_9074;Toys;Toys;BrandA;749.64;0.05;712.16;672;4.73;1701;Supplier_28;India;London;17;6;0.14;1;2025;1.37;5.31;White;Fabric;0;573;281;8062;0.17;532.09;182312.96;2187755.52;24748;31429;5445;0.175;247.85;0.29;93;9242.38;8346;4885;0.83;7;51;43;73;1.45;42.48;0.21;0.5816742864684867;0.5706120496439218;PRODUCT_9074;12;180.06999999999994;61622;6.002075424657164;Standard;0.4875188294413933;183.7;4.687044000325144;0.5767399455182
1120;Product_1120;Electronics;Clothing;BrandE;156.65;0.1;140.99;921;4.89;425;Supplier_40;USA;New York;9;10;0.27;0;2021;15.11;72.95;White;Metal;3;517;1635;2480;0.32;81.36;2255.84;27070.08;59969;45481;29140;0.181;272.19;0.9;82;3120.0;6119;1472;0.56;54;99;90;65;4.56;20.09;0.14;0.5130487914625691;0.3520748247197661;PRODUCT_1120;12;59.63000000000001;134590;11.550134246982502;Standard;0.5644750196574574;648.5;4.607671799116603;0.5765935615533675
1975;Product_1975;Sports;Beauty;BrandE;652.3;0.07;606.64;107;4.27;197;Supplier_26;Germany;Shanghai;14;6;0.28;0;2021;28.98;17.34;Red;Plastic;5;671;1544;3521;0.25;443.44;175318.96;2103827.52;84815;10818;24435;0.09;207.64;0.26;90;7086.19;3356;2052;1.28;27;36;54;0;2.04;8.6;0.21;0.6591268748487621;0.5675102287028293;PRODUCT_1975;12;163.2;120068;7.575173848574224;Standard;0.4302400026722299;421.2;4.337612974834503;0.5762729888460654
601;Product_601;Beauty;Electronics;BrandE;173.88;0.09;158.23;731;4.58;3171;Supplier_45;UK;New York;15;2;0.17;1;2017;11.58;52.52;Black;Fabric;5;555;1963;5104;0.2;124.27;7753.27;93039.24;98099;45848;19905;0.127;206.01;0.89;55;9265.72;9488;4049;0.65;21;54;129;-38;4.5;23.83;0.1;0.569157310786173;0.3627464978142454;PRODUCT_601;11;33.959999999999994;163852;6.525131374740293;Standard;0.3918519849601191;619.4;4.453780237913487;0.5756827332450274
9650;Product_9650;Sports;Electronics;BrandA;753.03;0.11;670.2;818;4.72;542;Supplier_16;USA;London;7;13;0.22;1;2023;46.96;47.51;Blue;Fabric;1;345;979;4477;0.07;657.31;113934.0;1367208.0;65080;18753;9851;0.153;18.18;0.36;99;2318.09;3708;2148;1.47;32;28;33;-39;2.77;2.98;0.23;0.6038727798707082;0.499267271258596;PRODUCT_9650;12;12.8900000000001;93684;2.2272078670847706;Standard;0.3319480646016853;335.0;4.284206118504958;0.5756477640462763
5102;Product_5102;Sports;Toys;BrandE;654.01;0.2;523.21;688;4.14;2823;Supplier_5;USA;Mumbai;11;8;0.17;1;2010;45.44;57.29;White;Metal;4;904;2226;8759;0.15;338.0;63831.62;765979.44;63254;34470;18289;0.022;216.83;0.82;93;7407.76;78;4322;1.13;55;99;97;-18;2.55;32.9;0.23;0.51155890724539;0.3915111529388004;PRODUCT_5102;12;185.21000000000004;116013;4.320737607238482;Standard;0.3276615888127433;539.0;4.4881631323160285;0.5753655239618216
9505;Product_9505;Toys;Sports;BrandB;663.43;0.16;557.28;227;4.47;3809;Supplier_5;USA;Mumbai;19;4;0.15;1;2019;46.78;35.28;Red;Metal;4;475;1574;588;0.35;424.58;262478.88;3149746.56;87361;29823;24807;0.189;185.64;0.84;63;8476.4;1124;2720;1.17;25;73;196;78;1.24;1.15;0.06;0.7537389742461299;0.7028129833698021;PRODUCT_9505;12;132.7;141991;11.468851720971672;Standard;0.5581513214903444;453.6;4.322442459053862;0.5752153758236334
6114;Product_6114;Sports;Home;BrandD;953.64;0.08;877.35;276;4.05;3687;Supplier_4;China;Mumbai;13;14;0.06;1;2014;14.14;28.39;Red;Metal;2;677;751;1224;0.42;820.08;357958.8;4295505.6;91039;36923;10324;0.096;284.25;0.8;58;8059.55;1432;667;0.87;12;69;73;-33;3.91;14.69;0.16;0.8080333278498594;0.8106629094126462;PRODUCT_6114;12;57.26999999999998;138286;12.153620212318128;Standard;0.556334984904106;218.6;4.308773602288276;0.5750442237683027
2941;Product_2941;Electronics;Sports;BrandD;963.98;0.29;684.43;811;4.3;129;Supplier_10;China;New York;14;2;0.29;1;2012;33.78;6.36;Black;Plastic;2;919;404;2966;0.21;560.02;261452.26;3137427.12;10411;35145;20085;0.138;23.77;0.13;86;7002.42;4717;228;1.21;7;30;46;56;1.35;29.92;0.05;0.5853499324846778;0.6443311441185424;PRODUCT_2941;12;124.40999999999995;65641;7.012821924567655;Standard;0.5039127816974119;151.1;5.124900750314804;0.5749090776928072
7732;Product_7732;Sports;Clothing;BrandD;717.59;0.41;423.38;688;4.69;4566;Supplier_23;India;Mumbai;4;6;0.3;1;2020;11.08;24.92;Red;Fabric;5;526;2780;4517;0.47;594.13;58003.06;696036.72;40615;1758;29851;0.172;292.25;0.3;85;1304.77;5522;598;0.7;6;14;174;41;3.21;42.69;0.13;0.5053577279806762;0.4050358773659441;PRODUCT_7732;12;-170.75;72224;16.190934078243476;Standard;0.6426427581908191;737.5;4.391537119576585;0.5747126660266406
1297;Product_1297;Electronics;Clothing;BrandA;793.09;0.11;705.85;767;4.47;272;Supplier_45;Germany;Shanghai;15;13;0.05;0;2015;0.95;79.27;Blue;Wood;1;621;1473;5195;0.2;686.78;343043.1;4116517.2;50789;45189;1920;0.081;256.38;0.15;65;4247.86;6233;1347;0.77;37;80;45;-34;1.44;46.08;0.12;0.748539867849132;0.7926868155985656;PRODUCT_1297;12;19.07000000000005;97898;6.21688336678444;Standard;0.5049028497792857;405.8;4.539124017957669;0.5745515217258003
8611;Product_8611;Sports;Toys;BrandE;759.17;0.47;402.36;9;4.81;2881;Supplier_21;UK;London;3;14;0.27;1;2014;46.28;84.23;Red;Fabric;2;416;2784;5796;0.45;480.35;190718.64;2288623.68;37993;31493;10603;0.107;196.49;0.64;76;3638.06;5397;3186;0.97;22;82;39;-17;4.04;37.62;0.05;0.6216584461439465;0.5953470322015517;PRODUCT_8611;12;-77.99000000000001;80089;14.45588694568144;Standard;0.6721304464309269;736.6;4.503017659303575;0.5742651740374132
7249;Product_7249;Clothing;Clothing;BrandD;568.83;0.29;403.87;308;4.52;282;Supplier_23;India;New York;20;10;0.16;0;2023;8.91;25.98;White;Plastic;4;648;1611;4313;0.43;392.76;102582.98;1230995.76;57016;27556;2656;0.072;173.22;0.9;69;6820.66;3698;2352;1.32;44;8;44;97;1.45;24.99;0.08;0.5621677823658511;0.4658733259868872;PRODUCT_7249;12;11.110000000000014;87228;13.491817902215466;Standard;0.5912463177096328;473.8;4.49483367318367;0.5739021698620792
8777;Product_8777;Electronics;Toys;BrandD;684.21;0.18;561.05;852;4.69;1987;Supplier_43;USA;Berlin;2;14;0.11;1;2019;27.07;1.9;Black;Wood;1;242;425;4795;0.25;588.84;79108.05;949296.6;92338;28655;28287;0.092;52.69;0.46;72;7669.35;7084;1054;1.43;38;14;197;37;4.9;23.75;0.2;0.6266212924625112;0.4653673223060754;PRODUCT_8777;12;-27.79000000000008;149280;7.033151080209938;Standard;0.4040780374856164;196.0;4.1352900325117705;0.5737792513250313
1069;Product_1069;Toys;Beauty;BrandA;411.53;0.24;312.76;830;4.79;4820;Supplier_10;China;London;13;14;0.14;0;2023;36.15;56.5;Blue;Fabric;3;613;2313;6244;0.43;314.36;59424.4;713092.8;35438;26186;13993;0.067;119.83;0.89;100;3808.38;4646;4086;0.79;50;27;113;15;4.83;47.53;0.11;0.5042010740075551;0.4103019816554116;PRODUCT_1069;12;-1.6000000000000227;75617;14.10922221158948;Standard;0.6448990650302118;625.9;4.631782834964484;0.57347383337055
2172;Product_2172;Electronics;Beauty;BrandC;801.59;0.49;408.81;883;4.96;4055;Supplier_19;UK;New York;16;6;0.16;0;2020;21.78;93.89;Green;Metal;1;2;215;6646;0.28;415.21;149624.46;1795493.52;83481;21825;2203;0.161;56.59;0.14;61;8616.67;4818;903;0.74;28;23;29;69;4.24;28.65;0.14;0.6899851806531355;0.5752066398304736;PRODUCT_2172;12;-6.399999999999977;107509;1.7713989386891364;Premium;0.3776166084567685;162.2;2.4757322622886764;0.5734585659603684
5841;Product_5841;Beauty;Clothing;BrandC;165.38;0.09;150.5;438;4.26;2531;Supplier_41;Germany;New York;11;6;0.2;1;2021;16.88;34.72;Green;Plastic;2;853;1069;8256;0.32;121.62;39280.5;471366.0;93998;44591;28939;0.067;232.19;0.75;64;4922.02;6167;915;0.95;3;11;121;95;2.71;47.46;0.12;0.561947278175265;0.3835642230347926;PRODUCT_5841;12;28.879999999999995;167528;9.818007118998542;Standard;0.4605704187098901;377.1;4.498848964249189;0.5734233338964732
3997;Product_3997;Electronics;Sports;BrandD;692.98;0.47;367.28;826;4.2;4462;Supplier_33;UK;Berlin;16;11;0.24;1;2024;36.84;98.84;White;Wood;5;824;1821;2956;0.4;441.77;166010.56;1992126.72;63891;12921;8639;0.027;33.25;0.82;54;9910.71;4412;709;1.12;20;43;146;-79;4.44;41.61;0.13;0.6038209673984332;0.5375542110928736;PRODUCT_3997;12;-74.49000000000001;85451;11.586453879446404;Standard;0.5346791171773927;472.5;4.406600365850021;0.5733718193387997
4419;Product_4419;Beauty;Toys;BrandE;642.26;0.46;346.82;455;4.93;3362;Supplier_10;Germany;London;10;5;0.08;1;2021;4.59;43.32;Red;Fabric;0;22;2709;1832;0.48;420.39;19075.1;228901.2;97517;45529;15601;0.064;61.09;0.88;72;5216.65;4298;4575;0.73;41;95;35;36;4.12;38.53;0.14;0.6055430923560037;0.4005115501284779;PRODUCT_4419;12;-73.57;158647;7.894702857379523;High_Margin;0.4613304937872724;696.1;3.3195742258468286;0.5727905968221713
9594;Product_9594;Home;Clothing;BrandB;619.1;0.17;513.85;99;4.95;2135;Supplier_44;UK;London;17;6;0.1;1;2025;37.35;19.56;Black;Fabric;4;460;992;7265;0.24;475.88;125893.25;1510719.0;20180;8917;17350;0.162;212.14;0.19;81;3815.75;1092;4275;1.44;18;44;170;-68;2.71;22.28;0.08;0.5425469273988037;0.5036422510568875;PRODUCT_9594;12;37.97000000000003;46447;8.466886128842981;Standard;0.5517244603843684;358.3;4.521733845543556;0.5726094751967066
9085;Product_9085;Toys;Beauty;BrandD;666.54;0.21;526.57;31;4.72;4875;Supplier_39;China;Berlin;4;4;0.01;0;2020;0.31;9.95;White;Fabric;1;570;2158;2263;0.38;529.06;185879.21;2230550.52;31545;12448;28531;0.113;279.43;0.89;97;9272.24;447;4100;1.13;38;8;166;5;4.43;2.1;0.08;0.5974784554156531;0.5790006919386689;PRODUCT_9085;12;-2.4899999999998954;72524;12.671145819806627;Standard;0.6352593334132903;581.9;4.505877858533509;0.5723423163175716
4839;Product_4839;Toys;Home;BrandA;751.24;0.48;390.64;832;4.87;3189;Supplier_46;Germany;London;12;14;0.08;0;2014;44.42;46.65;Red;Metal;5;185;2084;8937;0.23;631.01;91019.12;1092229.44;68694;8625;18451;0.077;24.51;0.82;51;7940.61;2096;2303;1.26;48;80;123;-79;4.17;15.87;0.09;0.6037731779487991;0.4792309432737249;PRODUCT_4839;12;-240.37;95770;6.304067480616572;Standard;0.4271414874599419;550.8;4.0634100329231355;0.572024706118987
8648;Product_8648;Clothing;Home;BrandE;708.31;0.49;361.24;452;4.66;4179;Supplier_13;USA;London;4;10;0.16;0;2015;49.39;40.3;Green;Fabric;1;329;275;2859;0.21;365.82;33234.08;398808.96;78802;32334;13699;0.162;287.04;0.4;63;831.58;4158;2159;1.23;1;80;152;17;1.77;17.71;0.24;0.5584505673781036;0.3916530353597107;PRODUCT_8648;12;-4.579999999999984;124835;6.594340787263191;Standard;0.3801570966222556;182.4;4.265700968791647;0.5719639331750481
7787;Product_7787;Electronics;Clothing;BrandB;161.55;0.37;101.78;628;4.97;858;Supplier_23;China;Mumbai;5;7;0.04;0;2025;42.52;65.19;White;Wood;5;352;291;3241;0.39;115.3;14554.54;174654.48;73791;1481;6028;0.133;83.72;0.41;80;4243.91;4615;3314;0.75;20;21;72;-6;2.23;28.07;0.21;0.557470884086416;0.382559435037941;PRODUCT_7787;12;-13.519999999999996;81300;12.883314714376064;Standard;0.5926034661145921;312.1;4.338601262425851;0.5716978264479555
8273;Product_8273;Clothing;Sports;BrandB;149.63;0.3;104.74;277;4.24;780;Supplier_32;China;Shanghai;20;4;0.29;0;2012;38.33;44.63;Red;Metal;5;927;235;3612;0.29;98.31;46818.78;561825.36;84360;658;15908;0.144;277.73;0.27;68;998.23;7928;1678;0.54;39;86;150;83;1.12;3.32;0.06;0.5474269205884597;0.3869634249015015;PRODUCT_8273;12;6.429999999999993;100926;9.611768816517197;Standard;0.4634652473029147;228.8;4.430772674148146;0.5712184159694571
9574;Product_9574;Electronics;Beauty;BrandC;593.2;0.3;415.24;937;4.29;3318;Supplier_24;India;New York;14;10;0.1;0;2018;28.02;54.61;White;Fabric;3;696;715;6710;0.34;451.1;24914.4;298972.8;79611;43568;19405;0.078;157.29;0.81;91;1793.44;6232;4061;1.11;43;56;25;81;2.14;11.77;0.16;0.5234511654788905;0.3569110828488731;PRODUCT_9574;12;-35.860000000000014;142584;10.293974213745855;Standard;0.4428238878268282;258.9;4.444166375682035;0.5706465025335593
9254;Product_9254;Sports;Toys;BrandA;310.48;0.31;214.23;438;4.95;1344;Supplier_36;UK;London;13;2;0.11;0;2015;40.53;36.07;Blue;Metal;4;185;829;1363;0.26;232.44;22494.15;269929.8;92792;35430;7641;0.094;21.24;0.86;80;733.93;3463;4799;0.91;1;94;90;-84;1.45;9.83;0.11;0.6005756410809295;0.4037016468276136;PRODUCT_9254;12;-18.210000000000008;135863;7.357736350161368;High_Margin;0.4431981446527206;357.5;4.14666301123888;0.5705107876685566
396;Product_396;Toys;Clothing;BrandC;179.45;0.45;98.7;11;4.88;3055;Supplier_29;USA;Mumbai;3;6;0.29;0;2017;20.0;70.93;White;Metal;4;497;2194;5461;0.36;128.47;15002.4;180028.8;60019;29891;2042;0.037;131.55;0.82;68;4905.26;4051;4965;1.45;55;48;70;-79;1.54;28.81;0.24;0.5231005214835046;0.3691566094135267;PRODUCT_396;11;-29.77;91952;11.314481157283636;Standard;0.5682345983556775;679.1;4.535845155853597;0.5705004467912232
6271;Product_6271;Clothing;Sports;BrandC;778.83;0.1;700.95;254;4.24;4373;Supplier_7;USA;Shanghai;17;8;0.13;1;2019;2.9;63.45;Blue;Fabric;3;770;543;9234;0.48;680.71;65889.3;790671.6;58646;31744;1017;0.016;89.5;0.56;56;9992.64;6816;4778;0.94;25;28;18;96;3.76;38.02;0.2;0.5120771763714586;0.3980019261461041;PRODUCT_6271;12;20.24000000000001;91407;13.745845383922106;Standard;0.545504143301483;195.6;4.463331666991748;0.5704803808649935
8803;Product_8803;Sports;Sports;BrandC;378.12;0.11;336.53;84;4.48;3886;Supplier_15;Germany;Berlin;3;14;0.14;1;2013;45.99;15.42;Black;Metal;5;554;2375;8505;0.3;250.85;71007.83;852093.96;93569;14236;26626;0.072;35.12;0.7;68;5984.46;2232;592;0.92;25;10;26;72;4.97;24.78;0.07;0.6054511315486769;0.4414232105977879;PRODUCT_8803;12;85.67999999999998;134431;9.104167051306224;Standard;0.4533444926575532;618.5;4.350016126858854;0.5703333506915109
1225;Product_1225;Home;Home;BrandE;463.68;0.07;431.22;965;4.59;3235;Supplier_49;China;New York;8;7;0.1;1;2024;41.19;60.27;Red;Wood;3;386;716;8934;0.43;395.05;185424.6;2225095.2;99017;36291;9890;0.034;116.68;0.11;65;9291.0;9736;2039;0.64;37;0;190;-37;3.46;20.17;0.13;0.7216592368148441;0.6105389825238398;PRODUCT_1225;12;36.170000000000016;145198;12.1599876723984;Standard;0.5686472638008789;279.9;4.29267244141806;0.5702056521998468
9573;Product_9573;Clothing;Beauty;BrandE;945.36;0.38;586.12;857;4.71;2409;Supplier_35;India;New York;15;4;0.16;1;2017;40.39;30.04;White;Wood;2;315;1781;4334;0.5;515.85;41028.4;492340.8;52753;33581;11908;0.19;77.26;0.44;94;5335.66;5712;707;1.35;38;70;193;-3;2.97;36.6;0.09;0.5169192553251405;0.3900395345943822;PRODUCT_9573;12;70.26999999999998;98242;16.13017976646664;Premium;0.604479971650072;485.0;4.313610971837434;0.5696966231923368
8407;Product_8407;Toys;Sports;BrandD;783.18;0.48;407.25;514;4.62;296;Supplier_45;India;New York;12;4;0.12;1;2020;17.72;49.1;Black;Fabric;2;606;1985;4952;0.07;594.42;161678.25;1940139.0;29206;15578;4458;0.157;92.38;0.43;99;8851.04;6952;3741;1.02;24;75;177;-6;2.54;49.34;0.13;0.5643862596874261;0.5376069939710172;PRODUCT_8407;12;-187.17;49242;2.3979035701601386;Standard;0.3804273499902302;552.9;4.518088226688814;0.5696025143523327
6039;Product_6039;Sports;Beauty;BrandB;471.04;0.18;386.25;407;4.52;225;Supplier_11;USA;Berlin;12;10;0.01;0;2017;32.91;52.9;Blue;Fabric;4;643;696;8926;0.18;355.12;188876.25;2266515.0;63762;49701;14722;0.055;280.03;0.74;79;125.72;9220;621;1.1;9;26;141;-34;4.16;8.24;0.09;0.6484501232443806;0.5896935787724255;PRODUCT_6039;12;31.129999999999995;128185;5.551536266154219;Standard;0.4463715783281367;264.2;4.550974851314988;0.5692550633959186
6702;Product_6702;Home;Clothing;BrandA;268.52;0.39;163.8;493;4.86;1417;Supplier_37;USA;Berlin;10;1;0.2;0;2010;5.97;22.19;Black;Plastic;4;348;1661;4301;0.27;226.62;36363.6;436363.2;80837;44531;29809;0.052;28.67;0.51;51;9020.25;3476;105;0.62;28;32;168;4;4.38;43.87;0.22;0.5811609260417427;0.4100178830199862;PRODUCT_6702;12;-62.81999999999999;155177;8.082542695882356;Standard;0.4719727355358372;563.6;4.396203565075783;0.5691891556534143
327;Product_327;Clothing;Beauty;BrandD;941.31;0.33;630.68;969;4.57;213;Supplier_46;India;Berlin;1;13;0.27;1;2023;14.99;5.72;Black;Wood;5;284;1768;4151;0.09;713.11;186050.6;2232607.2;79113;40903;18821;0.188;220.82;0.44;63;769.57;9347;3982;1.13;42;12;85;-39;3.12;24.22;0.09;0.6807732953093771;0.5981836570363032;PRODUCT_327;11;-82.43000000000006;138837;2.761944134215261;Standard;0.3230138764946325;473.2;4.192399663866084;0.5688295299625795
8340;Product_8340;Sports;Beauty;BrandD;936.04;0.18;767.55;912;4.55;2371;Supplier_20;USA;London;1;13;0.28;0;2016;33.15;94.23;Green;Fabric;2;416;1196;9901;0.13;528.34;360748.5;4328982.0;59005;19793;3705;0.193;55.23;0.31;86;9495.37;7963;2291;0.5;53;50;130;71;4.46;17.25;0.11;0.786308826332541;0.8273116321088234;PRODUCT_8340;12;239.20999999999992;82503;4.257304606731432;Standard;0.4452946501335721;349.2;4.300323718445815;0.5676203573168911
5769;Product_5769;Electronics;Toys;BrandE;807.2;0.33;540.82;651;4.46;394;Supplier_32;UK;New York;14;14;0.17;1;2022;9.28;47.72;White;Plastic;5;678;2442;6033;0.47;645.25;103296.62;1239559.44;37583;23076;23631;0.129;96.41;0.61;53;6427.92;5225;3145;1.09;45;84;14;-36;3.39;23.85;0.15;0.5190979064642307;0.4513622841554791;PRODUCT_5769;12;-104.42999999999996;84290;15.43176586256746;Standard;0.6211722597133713;599.0;4.515048653242567;0.5672670174200963
4373;Product_4373;Home;Sports;BrandC;276.94;0.36;177.24;535;4.86;3455;Supplier_21;India;Berlin;19;4;0.15;1;2018;9.27;2.42;Black;Plastic;4;385;1634;9705;0.41;171.75;10988.88;131866.56;72675;14512;25733;0.192;81.41;0.46;85;8030.19;5640;2164;1.49;53;64;30;-34;3.08;32.04;0.24;0.5434309173595469;0.3699007230092971;PRODUCT_4373;12;5.490000000000009;112920;14.14618103853558;Standard;0.593933906376636;648.3;4.366271652292297;0.5671296181488257
4729;Product_4729;Clothing;Electronics;BrandB;859.19;0.42;498.33;88;4.95;2471;Supplier_11;China;London;1;1;0.0;1;2016;43.69;27.79;White;Plastic;3;224;1827;3454;0.22;755.15;60297.93;723575.16;38398;14462;16603;0.174;278.91;0.25;74;1182.31;820;238;0.9;57;37;137;-51;4.87;32.48;0.24;0.5236587841241395;0.4235306772332836;PRODUCT_4729;12;-256.82;69463;6.92440853881272;Premium;0.4503623567631672;501.0;4.221767000821349;0.567098708449342
7235;Product_7235;Beauty;Toys;BrandE;386.2;0.15;328.27;219;4.78;4450;Supplier_37;India;Mumbai;16;13;0.15;1;2010;40.99;22.49;Black;Metal;5;746;678;4973;0.16;231.79;150675.93;1808111.16;12603;49069;6734;0.037;182.58;0.1;74;1314.48;919;2265;0.66;52;20;97;-27;1.61;24.63;0.07;0.534694828320068;0.5226128634980388;PRODUCT_7235;12;96.48;68406;5.247185419772393;Popular;0.508432482164044;260.3;5.337113688113272;0.5667703444845363
3461;Product_3461;Sports;Toys;BrandD;608.27;0.16;510.95;493;4.43;4436;Supplier_12;China;London;20;10;0.26;0;2025;42.71;25.27;Black;Plastic;1;652;1632;6607;0.34;397.97;162993.05;1955916.6;62854;843;5869;0.164;31.18;0.47;61;1530.27;7997;533;1.14;55;77;152;33;1.39;22.62;0.14;0.6176013885414116;0.5474637192348856;PRODUCT_3461;12;112.97999999999996;69566;11.36360991354321;Standard;0.5403661562879944;466.2;4.3673132585581875;0.566439699660488
5740;Product_5740;Home;Sports;BrandD;808.51;0.25;606.38;993;4.82;816;Supplier_6;UK;New York;3;3;0.18;1;2022;48.27;43.21;White;Wood;0;512;992;2352;0.28;519.28;200105.4;2401264.8;11464;47455;27663;0.038;273.62;0.27;66;5708.29;9245;4316;1.31;2;60;78;-77;3.64;42.79;0.22;0.5773102121672917;0.5930957393446059;PRODUCT_5740;12;87.10000000000002;86582;8.741907579306886;Premium;0.5717320910169904;295.0;5.252006360399083;0.5658053481303568
6101;Product_6101;Electronics;Electronics;BrandB;951.78;0.3;666.25;861;4.41;716;Supplier_41;USA;Berlin;12;13;0.27;1;2023;2.36;48.85;Blue;Metal;4;635;1143;8364;0.22;711.42;173891.25;2086695.0;39737;35912;20480;0.073;21.88;0.81;71;7358.58;6046;2742;0.67;36;87;30;-43;2.72;18.58;0.08;0.5789530769692375;0.5474377594472465;PRODUCT_6101;12;-45.16999999999996;96129;6.720020502321725;Standard;0.4379753692887962;299.6;4.526827846203251;0.5657618881230689
7538;Product_7538;Clothing;Home;BrandD;249.34;0.27;182.02;686;4.78;4975;Supplier_26;USA;Mumbai;3;1;0.16;1;2017;39.19;33.66;Red;Metal;4;462;238;8359;0.12;180.82;78996.68;947960.16;72844;38455;9789;0.023;256.46;0.65;73;3736.64;2522;1898;1.47;38;98;37;11;1.88;20.49;0.22;0.5947335028630298;0.4592745899117068;PRODUCT_7538;12;1.200000000000017;121088;3.601574043703012;Standard;0.3890248731169113;210.3;4.4726726128595775;0.5655519865169457
8479;Product_8479;Beauty;Electronics;BrandC;527.47;0.23;406.15;792;4.25;2617;Supplier_28;China;Mumbai;12;2;0.12;1;2023;36.19;66.23;Red;Fabric;3;925;2881;5517;0.14;451.21;96663.7;1159964.4;48459;25406;16284;0.127;275.58;0.89;83;6097.19;4600;393;1.39;35;64;76;-34;3.73;12.38;0.15;0.5184583060742893;0.4352426017919455;PRODUCT_8479;12;-45.06;90149;4.580545181155516;Standard;0.3743873449429449;739.7;4.537205345027502;0.5649212464882878
5096;Product_5096;Toys;Beauty;BrandA;990.6502;0.41;587.95;874;4.9;4601;Supplier_40;UK;Mumbai;15;2;0.24;0;2022;16.79;43.25;Black;Fabric;2;252;82;7238;0.18;727.47;238119.75;2857437.0;28801;25429;7684;0.099;155.83;0.39;50;6705.89;2364;2362;0.63;48;28;76;47;1.41;6.45;0.21;0.6504544933960844;0.6613820903160645;PRODUCT_5096;12;-139.51999999999998;61914;5.363614032434382;Standard;0.4805968773849107;106.7;4.349939941874815;0.5645850786997813
2223;Product_2223;Beauty;Electronics;BrandC;623.66;0.28;449.04;930;4.29;1259;Supplier_2;China;Berlin;15;12;0.14;1;2017;20.55;36.51;Black;Fabric;4;738;2925;9349;0.27;379.93;35025.12;420301.44;66666;45177;23501;0.019;60.19;0.42;69;9069.49;9964;2840;0.64;8;42;170;-56;3.48;47.13;0.22;0.5060856670998498;0.3631762439359596;PRODUCT_2223;12;69.11000000000001;135344;7.796283996889153;Standard;0.4011708453833769;711.7;4.493651523702834;0.5644189905589202
111;Product_111;Toys;Beauty;BrandE;377.69;0.1;339.92;842;4.65;2327;Supplier_43;China;Shanghai;11;6;0.03;0;2019;25.47;73.16;Blue;Plastic;0;374;2630;9696;0.14;271.13;36031.52;432378.24;96358;8752;8283;0.086;173.3;0.69;71;8277.3;5535;898;1.11;37;30;145;81;3.12;42.24;0.14;0.5951274737776049;0.4054309646751866;PRODUCT_111;11;68.79000000000002;113393;4.190253723396718;Standard;0.3351349733483719;708.4;4.24893600120574;0.5643312356793277
8800;Product_8800;Sports;Clothing;BrandE;602.56;0.11;536.28;349;4.7;4589;Supplier_14;UK;Mumbai;20;1;0.04;1;2010;26.57;52.45;White;Plastic;3;409;2086;8842;0.39;454.8;126025.8;1512309.6;63662;48847;14784;0.11;81.59;0.29;96;4532.06;9924;1796;1.28;25;80;51;-96;2.69;6.52;0.23;0.609635779794047;0.5139193397955755;PRODUCT_8800;12;81.47999999999996;127293;12.240653841837064;Standard;0.5699344816920474;566.3;4.439920185358403;0.5637878627321776
3060;Product_3060;Sports;Home;BrandC;664.16;0.01;657.52;586;4.85;4790;Supplier_32;Germany;Shanghai;15;6;0.2;0;2020;14.78;39.72;Black;Plastic;2;558;1519;1473;0.05;462.86;312979.52;3755754.24;9904;28074;11304;0.081;156.87;0.46;68;9648.3;213;4312;1.28;56;64;29;-17;4.63;41.77;0.14;0.6717989904525578;0.750744936122595;PRODUCT_3060;12;194.66;49282;1.6583526382665603;Standard;0.4727863258428071;450.4;5.037382244835546;0.563536273770398
3387;Product_3387;Electronics;Clothing;BrandC;977.91;0.08;899.68;411;4.18;4336;Supplier_6;UK;London;14;12;0.13;0;2021;18.48;74.56;Black;Plastic;5;877;2693;3270;0.14;684.42;325684.16;3908209.92;28836;36935;24547;0.197;201.68;0.63;71;4598.69;7879;3034;1.04;46;63;1;91;2.39;15.77;0.13;0.6667850264307429;0.7368594369550715;PRODUCT_3387;12;215.26;90318;4.747635707554539;Standard;0.4400896146115223;643.5;4.639231476960219;0.563295076417144
4641;Product_4641;Beauty;Home;BrandA;590.14;0.43;336.38;270;4.46;3815;Supplier_2;UK;London;3;3;0.17;1;2021;8.7;92.69;Red;Fabric;3;758;119;5249;0.1;469.41;155071.18;1860854.16;39596;11329;26231;0.173;139.0;0.55;99;5214.51;6241;1689;0.96;22;61;28;-94;2.66;33.92;0.14;0.5667963179336952;0.5244315467582861;PRODUCT_4641;12;-133.03000000000003;77156;3.469584785858744;Standard;0.3910301018980667;162.3;4.494023662771567;0.5627595821566767
4306;Product_4306;Sports;Beauty;BrandD;578.5;0.01;572.72;128;4.28;3789;Supplier_1;India;London;5;9;0.1;1;2013;17.52;99.58;Blue;Wood;4;864;847;3950;0.12;393.5;233669.76;2804037.12;49209;45209;8815;0.119;88.22;0.32;81;8724.58;3471;805;0.78;45;96;40;94;2.15;8.05;0.21;0.6379230530616438;0.6277722965772489;PRODUCT_4306;12;179.22000000000003;103233;3.886665081856679;Standard;0.4086991047692008;299.0;4.600834614047113;0.5627539165336646
5909;Product_5909;Electronics;Beauty;BrandE;184.48;0.44;103.31;194;4.88;2247;Supplier_4;India;Shanghai;20;1;0.09;1;2019;33.1;17.61;Green;Plastic;5;264;1623;5086;0.45;157.78;35435.33;425223.96;96242;33262;5965;0.094;227.9;0.63;87;4049.93;97;2729;0.61;28;37;127;-33;1.07;47.69;0.11;0.6127925530975292;0.4192538633315013;PRODUCT_5909;12;-54.47;135469;13.404876847465127;High_Margin;0.5818742252178735;600.7;4.253013519721395;0.5626859283540495
1942;Product_1942;Sports;Clothing;BrandB;240.31;0.04;230.7;593;4.87;2305;Supplier_3;China;London;17;7;0.05;0;2022;39.22;43.2;White;Metal;1;454;1909;3259;0.41;192.52;56521.5;678258.0;59960;46952;372;0.047;128.82;0.24;59;7277.14;7103;3215;1.14;4;72;164;-62;3.4;43.86;0.13;0.5572038374608608;0.4261082651305473;PRODUCT_1942;12;38.17999999999998;107284;12.794756555671071;Standard;0.6074186569258191;617.4;4.552730041629747;0.5625456025210811
88;Product_88;Electronics;Electronics;BrandB;498.93;0.4;299.36;529;4.91;3891;Supplier_26;Germany;Berlin;2;4;0.29;0;2014;13.57;48.88;Red;Metal;1;89;2515;8676;0.16;346.72;102680.48;1232165.76;95735;32811;19320;0.175;17.7;0.46;97;8146.21;688;618;1.16;15;28;140;-84;3.27;22.75;0.08;0.6708996409946637;0.5142035378151478;PRODUCT_88;10;-47.360000000000014;147866;4.153684310488462;Standard;0.3739271100926247;736.0;3.8324693321734706;0.5624521030467453
4719;Product_4719;Toys;Home;BrandB;293.16;0.11;260.91;415;4.89;474;Supplier_47;UK;New York;5;9;0.1;0;2016;9.93;31.57;Red;Metal;5;210;272;8685;0.11;257.8;83491.2;1001894.4;94874;9637;24623;0.082;262.84;0.84;91;3236.43;1487;3754;1.36;8;59;166;62;4.05;38.78;0.18;0.6513912375333266;0.4857728097286141;PRODUCT_4719;12;3.1100000000000136;129134;3.114823178176512;Standard;0.3584019411325623;285.3;4.11705861903328;0.5623621087713171
9825;Product_9825;Home;Sports;BrandA;372.63;0.34;245.94;759;4.52;3440;Supplier_49;USA;Berlin;3;2;0.1;0;2015;25.1;95.79;Black;Plastic;1;508;1898;2148;0.42;278.58;101327.28;1215927.36;91850;40035;28103;0.121;292.27;0.14;88;537.05;9034;220;1.12;19;73;37;-60;4.15;1.14;0.17;0.6307870520053429;0.4850339937639988;PRODUCT_9825;12;-32.639999999999986;159988;13.26331251168847;Standard;0.5569783371186033;563.7;4.3881539480464475;0.5619501503522216
9043;Product_9043;Home;Clothing;BrandD;835.15;0.16;701.53;808;4.7;4070;Supplier_19;China;Mumbai;10;13;0.18;1;2021;19.11;40.84;White;Plastic;3;471;1417;6631;0.41;673.17;260969.16;3131629.92;32412;4043;4691;0.162;226.74;0.43;60;2728.07;8698;693;1.43;37;5;100;-52;3.06;6.66;0.07;0.6609510392410107;0.6824631985745823;PRODUCT_9043;12;28.360000000000014;41146;13.786547263069547;Premium;0.6638917845716561;406.1;4.367739144524238;0.5617667059860298
2988;Product_2988;Home;Sports;BrandB;632.18;0.48;328.73;612;4.62;2528;Supplier_47;India;Berlin;1;6;0.08;0;2012;0.49;30.79;Red;Metal;5;507;2787;3916;0.14;490.5;63444.89;761338.68;55061;35977;26634;0.047;44.13;0.21;81;3374.59;2353;3454;1.11;57;55;103;70;2.74;25.19;0.19;0.5332442424747248;0.4167778477220933;PRODUCT_2988;12;-161.76999999999998;117672;4.219279544107569;Standard;0.3654555393447263;688.9;4.470873097002371;0.5615466873203755
1307;Product_1307;Toys;Clothing;BrandD;513.11;0.27;374.57;599;4.63;3431;Supplier_30;Germany;London;7;4;0.14;0;2013;30.97;63.55;Blue;Metal;3;611;603;6452;0.2;359.02;131099.5;1573194.0;45358;42470;23596;0.025;111.82;0.49;52;5765.01;6628;4963;0.56;16;100;149;-1;2.66;13.41;0.12;0.5717019504000277;0.5054974106239697;PRODUCT_1307;12;15.550000000000011;111424;6.090441445946574;Standard;0.4576844104414788;244.0;4.6059586654631515;0.5613952483915389
9325;Product_9325;Electronics;Home;BrandC;720.81;0.17;598.27;277;4.07;4058;Supplier_13;China;London;19;5;0.26;1;2017;43.61;3.08;Black;Fabric;4;883;162;5849;0.11;417.41;138200.37;1658404.44;64902;48659;14407;0.18;110.59;0.72;84;2783.33;5627;766;1.36;29;15;101;96;1.21;21.39;0.22;0.5719853936778492;0.4912413294582638;PRODUCT_9325;12;180.86;127968;3.58413368379259;Standard;0.314897768498283;117.0;4.491728897595195;0.5613765502608845
5808;Product_5808;Clothing;Clothing;BrandD;929.67;0.2;743.74;278;4.25;1631;Supplier_6;USA;Mumbai;11;4;0.03;0;2013;36.14;92.52;Blue;Metal;5;519;2336;8727;0.5;665.32;35699.52;428394.24;83616;26062;21357;0.09;168.98;0.3;87;1046.74;7311;2931;1.0;51;82;7;-85;4.49;16.45;0.15;0.5373596088213887;0.3717238133159857;PRODUCT_5808;12;78.41999999999996;131035;14.485430984811693;Standard;0.5017045863027584;576.0;4.263868876333213;0.5613010105172462
3245;Product_3245;Home;Beauty;BrandC;409.22;0.25;306.92;829;4.97;3300;Supplier_17;Germany;Berlin;3;6;0.01;0;2017;32.34;1.54;Black;Fabric;3;98;2364;9140;0.33;262.38;107115.08;1285380.96;91964;44660;24166;0.011;30.01;0.79;80;2333.02;4383;3883;0.75;4;66;48;49;3.1;49.04;0.11;0.6718970917229529;0.5219356683259878;PRODUCT_3245;12;44.54000000000002;160790;7.619357082934002;High_Margin;0.4838260569169202;657.7;3.9231729019954655;0.5610678896654905
9077;Product_9077;Electronics;Beauty;BrandE;748.52;0.39;456.6;106;4.68;2631;Supplier_13;UK;London;18;9;0.16;0;2010;26.35;13.81;Red;Wood;4;342;1609;6546;0.44;601.32;26939.4;323272.8;64640;26257;23761;0.077;244.35;0.78;81;3602.71;2544;3932;0.51;11;71;129;-58;3.15;36.53;0.22;0.5264127596799397;0.3756977645473819;PRODUCT_9077;12;-144.72000000000003;114658;12.946675736138015;Standard;0.5343461735847492;442.2;4.288332896688157;0.5608288797571119
911;Product_911;Toys;Home;BrandD;402.21;0.01;398.19;76;4.08;1693;Supplier_45;USA;Mumbai;11;13;0.13;1;2011;19.86;16.54;Red;Fabric;1;865;1749;8558;0.45;273.06;40615.38;487384.56;92879;29557;24191;0.145;109.86;0.12;83;6735.39;6796;4744;0.6;47;13;195;85;4.36;43.94;0.22;0.5464349128313606;0.3732254891380788;PRODUCT_911;11;125.13;146627;14.219174132478123;Standard;0.5147702731821375;480.6;4.401200212846264;0.5607511551409474
3133;Product_3133;Beauty;Beauty;BrandE;727.22;0.34;479.97;570;4.42;2266;Supplier_31;USA;Berlin;3;10;0.05;0;2013;13.57;43.73;White;Fabric;5;731;1611;6869;0.32;525.05;132951.69;1595420.28;37489;19445;7657;0.164;42.82;0.46;90;8357.14;5406;1628;1.05;45;12;86;-5;1.87;8.53;0.09;0.5407239103988013;0.4899060773525838;PRODUCT_3133;12;-45.07999999999993;64591;10.859039760214168;Standard;0.5295754282731303;461.7;4.510049301799414;0.5600425171240978
1241;Product_1241;Beauty;Toys;BrandE;331.27;0.37;208.7;898;4.41;3610;Supplier_34;China;Mumbai;15;14;0.25;1;2021;8.93;62.28;White;Plastic;4;683;2773;7006;0.47;206.48;78471.2;941654.4;80062;9888;28147;0.057;260.2;0.38;62;8008.1;4971;1052;1.08;59;15;163;-72;3.54;12.01;0.11;0.5791284265517612;0.4391966917379795;PRODUCT_1241;12;2.219999999999999;118097;14.301736783280065;Standard;0.5823289812920968;704.8;4.399884023884973;0.5592096725841246
6071;Product_6071;Electronics;Sports;BrandB;102.27;0.11;91.02;315;4.61;4215;Supplier_32;India;Shanghai;14;4;0.19;1;2023;35.63;76.43;Red;Wood;1;620;2487;4789;0.11;90.73;44417.76;533013.12;79717;39393;25710;0.169;35.84;0.5;56;9606.22;1541;543;0.51;40;34;67;-22;3.19;8.61;0.05;0.5657142686807144;0.4045246750481049;PRODUCT_6071;12;0.289999999999992;144820;3.812492422237058;Standard;0.3651047706156746;768.2;4.515364551393009;0.5584453737368534
7083;Product_7083;Electronics;Home;BrandC;489.86;0.12;431.08;761;4.35;1824;Supplier_12;UK;Berlin;7;11;0.24;0;2023;34.1;91.97;Green;Fabric;1;688;896;5329;0.36;255.14;42245.84;506950.08;74226;4318;19222;0.063;72.96;0.17;57;7977.44;8493;748;1.41;41;10;150;90;1.93;33.73;0.09;0.5320986080348808;0.3815750316634992;PRODUCT_7083;12;175.94;97766;10.878941663723053;Standard;0.476676620641852;298.1;4.3657312455595605;0.5577573661007631
9233;Product_9233;Electronics;Home;BrandE;892.54;0.16;749.73;500;4.39;235;Supplier_18;China;Shanghai;9;4;0.02;1;2023;23.73;87.56;White;Plastic;1;551;1305;3584;0.28;668.14;45733.53;548802.36;58239;42353;10449;0.155;154.36;0.16;83;5956.13;1600;2605;0.75;45;80;67;-64;1.61;37.03;0.16;0.5062616754480229;0.3793821845537901;PRODUCT_9233;12;81.59000000000003;111041;8.963508313548795;Standard;0.4134263233032331;365.3;4.426864710363377;0.5575568002688835
7763;Product_7763;Electronics;Beauty;BrandE;932.5;0.14;801.95;688;4.75;1736;Supplier_2;USA;Shanghai;14;10;0.18;0;2018;34.64;73.17;Black;Plastic;4;118;1742;4596;0.26;660.77;282286.4;3387436.8;75951;14597;19305;0.167;239.92;0.2;72;8560.67;2576;3088;0.6;19;30;63;-4;1.69;6.16;0.1;0.7700231808906146;0.7413781024328254;PRODUCT_7763;12;141.18000000000006;109853;6.887887838829527;Premium;0.4745992119980817;476.5;3.8500873374955638;0.557362024321511
809;Product_809;Beauty;Sports;BrandE;937.85;0.15;797.17;344;4.08;818;Supplier_47;India;Berlin;14;2;0.06;0;2023;36.78;33.25;White;Plastic;0;685;699;9222;0.49;748.25;239151.0;2869812.0;77665;45057;12322;0.014;24.84;0.8;73;1977.98;3490;2139;1.14;24;52;167;11;3.32;2.75;0.08;0.683467013495447;0.639656227726435;PRODUCT_809;11;48.91999999999996;135044;13.239321981096484;Standard;0.5508988238903006;197.2;4.3603801504272495;0.5573349937930366
71;Product_71;Sports;Electronics;BrandB;881.85;0.24;670.21;169;4.67;3904;Supplier_6;USA;Berlin;19;11;0.04;1;2012;30.5;68.32;Green;Wood;0;331;393;4869;0.17;648.17;251328.75;3015945.0;54703;15864;2908;0.059;290.68;0.3;97;3626.06;3646;4736;0.98;47;56;47;66;3.61;11.94;0.13;0.6950080480179148;0.6805392526113077;PRODUCT_71;10;22.04000000000008;73475;4.8806097542803455;Standard;0.4338796961071827;147.5;4.248054462860455;0.556403086163231
6699;Product_6699;Electronics;Beauty;BrandD;604.15;0.12;531.65;871;4.9;2794;Supplier_26;China;Shanghai;20;7;0.24;0;2020;3.61;78.52;Red;Metal;4;189;1739;3382;0.22;315.83;37747.15;452965.8;67935;13572;3152;0.101;241.23;0.21;54;9046.58;4097;649;1.18;12;77;163;-85;1.62;5.2;0.19;0.5597200783806743;0.4067558407547094;PRODUCT_6699;12;215.82;84659;6.227577436717693;Standard;0.4110860305447764;498.1;4.098765469005506;0.5561925952709526
9267;Product_9267;Sports;Home;BrandE;813.77;0.43;463.85;43;4.79;2976;Supplier_11;USA;New York;8;5;0.13;1;2023;29.86;54.22;White;Plastic;0;17;103;2394;0.47;682.63;57981.25;695775.0;96810;9237;17121;0.038;91.65;0.32;73;7449.91;7396;4831;0.74;36;59;174;-27;1.76;45.12;0.23;0.625746192289103;0.4451276641562564;PRODUCT_9267;12;-218.78;123168;6.754363508216598;Premium;0.4205369057604377;90.9;3.0912314425448932;0.5561024117021867
2406;Product_2406;Home;Electronics;BrandC;523.57;0.07;486.92;906;4.87;4758;Supplier_12;USA;London;6;5;0.2;1;2016;46.45;69.53;Black;Plastic;4;186;2814;9253;0.07;422.96;54048.12;648577.44;79505;37441;11138;0.127;45.07;0.7;84;7566.89;1735;4185;0.7;4;77;152;-1;1.23;10.21;0.23;0.594213407429091;0.4344040593704187;PRODUCT_2406;12;63.96000000000004;128084;2.0097621132764165;Standard;0.3110015920472715;771.4;4.1346287181084165;0.5557741040444255
9375;Product_9375;Electronics;Electronics;BrandD;903.05;0.37;568.92;33;4.74;127;Supplier_39;China;Mumbai;5;11;0.05;0;2013;16.14;90.21;Black;Wood;2;568;1409;9550;0.31;792.86;261134.28;3133611.36;704;49363;16505;0.127;26.8;0.25;59;7372.53;5450;4511;0.91;22;5;133;-70;2.04;2.13;0.05;0.6008648040258826;0.6662247252207671;PRODUCT_9375;12;-223.94000000000003;66572;10.505553544463195;Premium;0.6206845256476483;389.1;18.457131719105078;0.5554440582810809
4787;Product_4787;Clothing;Sports;BrandE;225.0;0.31;155.25;68;4.77;4860;Supplier_3;Germany;Shanghai;14;12;0.05;0;2016;11.12;4.59;Red;Fabric;2;555;260;3228;0.32;134.99;57908.25;694899.0;55039;7456;4020;0.149;214.88;0.6;55;164.12;9892;2834;1.34;44;79;21;-69;4.16;40.1;0.07;0.540530083656897;0.4186799827512918;PRODUCT_4787;12;20.25999999999999;66515;11.085575812271358;Standard;0.5565898507945574;269.8;4.4634008332074195;0.5551340223730047
2323;Product_2323;Beauty;Electronics;BrandC;479.13;0.31;330.6;880;4.96;1178;Supplier_24;USA;Shanghai;12;9;0.24;0;2012;20.48;12.5;Black;Metal;4;70;2471;2958;0.28;281.89;81327.6;975931.2;89471;31516;17872;0.031;58.43;0.85;61;7287.86;3509;2608;0.69;50;63;77;60;2.35;48.45;0.17;0.6443586212060093;0.4840075221346774;PRODUCT_2323;12;48.71000000000004;138859;6.103530117445263;High_Margin;0.4310398818209299;680.9;3.759521593717578;0.5549907341269243
2663;Product_2663;Home;Home;BrandB;802.39;0.1;722.15;156;4.95;1585;Supplier_19;India;Shanghai;14;7;0.04;1;2024;27.95;45.24;Green;Fabric;0;64;718;5374;0.43;684.37;275861.3;3310335.6;64780;19677;16472;0.065;51.21;0.32;69;5260.93;3286;3661;0.92;36;11;65;-88;4.2;36.87;0.15;0.7582582614424125;0.7385566824449125;PRODUCT_2663;12;37.77999999999997;100929;9.462720218731098;Premium;0.5892211510843302;235.6;3.7105051395112034;0.5546127343352647
4753;Product_4753;Sports;Beauty;BrandC;204.44;0.4;122.66;643;4.93;2523;Supplier_15;India;London;9;8;0.26;1;2017;49.37;88.62;White;Plastic;1;317;831;2223;0.33;116.04;11530.04;138360.48;73736;43497;26037;0.121;232.61;0.27;66;9030.99;7102;2395;1.29;37;62;73;-53;2.5;8.74;0.15;0.5516097038131653;0.3757685296972903;PRODUCT_4753;12;6.61999999999999;143270;10.508569443397125;Standard;0.5243656433533592;429.1;4.394800915485945;0.5544336699992215
6571;Product_6571;Clothing;Beauty;BrandC;524.02;0.16;440.18;669;4.72;386;Supplier_22;China;Mumbai;19;7;0.09;0;2019;40.05;11.18;White;Plastic;5;576;2548;2954;0.09;431.62;75270.78;903249.36;33507;269;7029;0.06;135.41;0.61;72;750.45;3209;448;0.53;58;89;83;42;3.89;41.6;0.12;0.5081049057808182;0.426657429952294;PRODUCT_6571;12;8.560000000000002;40805;2.862860078501399;Standard;0.3771726392621851;665.5;4.432742541246747;0.5543716783602243
8864;Product_8864;Clothing;Electronics;BrandC;637.28;0.4;382.37;403;4.21;4581;Supplier_46;India;Shanghai;14;9;0.04;0;2017;45.63;1.6;White;Metal;0;828;91;9177;0.17;534.84;172066.5;2064798.0;56858;5042;27914;0.056;216.93;0.81;88;2081.66;1751;1137;0.67;56;42;158;-8;1.82;48.72;0.2;0.5956610386089096;0.5423792112853977;PRODUCT_8864;12;-152.47000000000003;89814;5.07900261267203;Standard;0.3889841100994486;90.6;4.3898234730780725;0.5542464048637372
9783;Product_9783;Clothing;Beauty;BrandD;783.42;0.22;611.07;528;4.14;3966;Supplier_23;Germany;New York;1;8;0.08;1;2017;23.94;32.7;Red;Plastic;0;701;974;9976;0.41;644.37;25053.87;300646.44;76914;38969;14749;0.029;285.85;0.58;69;574.01;836;4423;1.2;47;36;57;-2;2.38;20.06;0.16;0.5061739991112384;0.3458862195724169;PRODUCT_9783;12;-33.299999999999955;130632;11.447261310233218;Standard;0.439332575666173;273.4;4.378904718710462;0.553576783168726
7006;Product_7006;Home;Home;BrandC;978.27;0.46;528.27;505;4.44;3135;Supplier_11;USA;New York;1;9;0.18;1;2022;3.55;12.89;Green;Fabric;3;344;344;741;0.31;785.94;55468.35;665620.2;77344;37345;678;0.014;206.2;0.2;62;7393.82;7102;574;0.58;7;77;43;75;4.2;48.39;0.06;0.5566887221074367;0.4075584944993675;PRODUCT_7006;12;-257.6700000000001;115367;8.155657299100392;Standard;0.3826693674694487;131.7;4.209986343560579;0.5531235331099785
3732;Product_3732;Beauty;Home;BrandC;296.65;0.48;154.26;281;4.8;1501;Supplier_41;China;New York;3;14;0.02;0;2017;42.15;92.23;Red;Fabric;3;317;2118;8818;0.27;205.61;3702.24;44426.88;84542;14095;17623;0.148;255.15;0.14;91;4876.9;6667;3479;1.19;53;39;94;-1;2.63;2.23;0.13;0.5562222019219998;0.3630683893158688;PRODUCT_3732;12;-51.35000000000002;116260;8.572826143711408;Standard;0.4452777272102051;707.9;4.258164926323019;0.5523519592220473
6566;Product_6566;Sports;Sports;BrandE;990.6502;0.48;516.03;527;4.66;3437;Supplier_25;China;Shanghai;3;14;0.0;0;2012;0.37;69.63;Red;Metal;5;35;1841;3986;0.12;621.22;182158.59;2185903.08;96209;5786;20829;0.107;220.82;0.21;93;4924.12;3760;211;1.07;53;42;158;6;4.83;32.1;0.22;0.7188875169907335;0.6088008219291122;PRODUCT_6566;12;-105.19000000000004;122824;2.218321495955814;Standard;0.2926424978477482;475.1;3.309435556132686;0.5516213914610418
1778;Product_1778;Beauty;Home;BrandD;267.98;0.12;235.82;152;4.91;4638;Supplier_50;USA;Berlin;1;6;0.2;1;2019;0.23;9.28;White;Wood;1;186;2980;3619;0.22;145.39;40089.4;481072.8;92246;20620;28424;0.198;165.19;0.17;71;4028.46;2601;3792;0.58;38;72;103;-19;2.4;49.8;0.21;0.6111250591170713;0.4252355902858062;PRODUCT_1778;12;90.43;141290;6.769470946455736;Budget;0.4222876812341975;913.2;4.101149992283106;0.5504756710019645
392;Product_392;Electronics;Beauty;BrandB;612.42;0.28;440.94;495;4.19;1094;Supplier_28;China;Berlin;20;3;0.14;0;2023;37.39;49.8;Blue;Fabric;3;993;1515;1666;0.45;474.64;139337.04;1672044.48;31236;7327;29314;0.163;292.89;0.33;57;8985.36;651;451;0.79;31;31;134;59;4.13;26.57;0.17;0.5152020727638181;0.4802963573332358;PRODUCT_392;11;-33.69999999999999;67877;15.13438126016458;Standard;0.6212535314604286;418.3;4.483608700052821;0.5501887994452823
6147;Product_6147;Clothing;Sports;BrandB;983.62;0.48;511.48;509;4.21;3845;Supplier_10;UK;London;5;1;0.22;0;2011;11.66;25.73;Red;Wood;3;609;1003;6153;0.15;491.91;72118.68;865424.16;63879;15030;21279;0.063;241.46;0.68;69;4268.98;910;423;0.58;21;38;139;-6;1.79;4.2;0.05;0.5253992244604891;0.4078683591080316;PRODUCT_6147;12;19.569999999999997;100188;4.30525558933261;Standard;0.2893122551593095;269.3;4.29644130136598;0.5500467913068195
3446;Product_3446;Clothing;Beauty;BrandA;577.93;0.33;387.21;901;4.54;3413;Supplier_14;USA;London;4;9;0.02;0;2014;27.1;66.09;Green;Wood;1;433;1075;7815;0.44;420.1;187022.43;2244269.16;78223;17258;29365;0.028;235.8;0.45;81;972.66;8012;2665;0.85;39;88;150;9;1.19;33.42;0.16;0.677412766238358;0.5970784430297333;PRODUCT_3446;12;-32.89000000000004;124846;12.4711961466359;Standard;0.5730801502466693;357.7;4.289342943077796;0.548891772952457
9864;Product_9864;Beauty;Beauty;BrandC;735.41;0.04;705.99;852;4.32;1666;Supplier_49;UK;Berlin;8;2;0.24;1;2010;27.29;67.21;Black;Metal;0;831;232;893;0.36;478.34;189911.31;2278935.72;28905;28198;17554;0.154;254.89;0.14;60;4326.14;755;1632;0.69;36;39;168;-94;2.43;26.19;0.12;0.5635987370082398;0.5574128683093547;PRODUCT_9864;12;227.65000000000003;74657;12.067267460607775;Standard;0.5743411370566359;162.9;4.61264108911174;0.5488631543283585
8997;Product_8997;Beauty;Home;BrandA;512.81;0.35;333.33;177;4.51;4816;Supplier_37;USA;Berlin;11;7;0.23;0;2015;48.71;60.13;White;Fabric;2;615;731;4403;0.16;453.74;122332.11;1467985.32;56436;23660;6612;0.084;190.9;0.47;83;8254.99;8752;2139;0.74;45;7;195;-45;1.01;16.04;0.08;0.5768659865709691;0.492296376615011;PRODUCT_8997;12;-120.41000000000004;86708;5.024356269632194;Standard;0.3994002837493658;297.0;4.457145975150455;0.5486984471761762
2549;Product_2549;Electronics;Home;BrandE;622.53;0.35;404.64;568;4.6;3226;Supplier_3;UK;Shanghai;7;9;0.14;0;2021;19.25;47.83;Green;Plastic;2;305;2153;7334;0.46;316.74;36417.6;437011.2;87546;32378;21023;0.017;92.64;0.82;68;7606.44;6267;2187;1.22;28;52;187;62;4.97;29.72;0.15;0.5738264880083556;0.3974788370349885;PRODUCT_2549;12;87.89999999999998;140947;12.316994879018669;Standard;0.5052176121748433;560.0;4.2034020119047035;0.5485277764152086
2067;Product_2067;Beauty;Toys;BrandC;727.2;0.0;727.2;395;4.71;1407;Supplier_21;China;Berlin;2;2;0.16;0;2025;7.83;41.85;White;Metal;5;461;1667;3673;0.29;464.5;271245.6;3254947.2;35044;10537;11478;0.099;188.82;0.89;69;5238.64;1592;360;1.08;37;31;189;98;2.39;20.58;0.07;0.6756839993745934;0.6989459753753459;PRODUCT_2067;12;262.70000000000005;57059;9.210244325116673;Standard;0.5712697973386713;475.5;4.398361785675934;0.5483980244356611
118;Product_118;Home;Toys;BrandA;348.9;0.12;307.03;446;4.44;606;Supplier_15;China;Berlin;20;9;0.13;0;2020;2.71;92.69;White;Plastic;1;990;2580;6261;0.44;306.38;143690.04;1724280.48;15241;810;3766;0.092;33.7;0.18;81;805.73;2458;1322;0.92;2;64;64;75;4.91;13.71;0.11;0.5068790261953435;0.492739729568352;PRODUCT_118;11;0.6499999999999773;19817;14.717242955979636;Standard;0.676851068225983;686.0;4.546115037536207;0.5482518419236317
3533;Product_3533;Home;Toys;BrandB;559.91;0.02;548.71;833;4.93;4439;Supplier_31;China;New York;20;3;0.04;0;2020;18.14;64.47;Green;Plastic;3;507;2573;719;0.24;426.08;221130.13;2653561.56;7787;11908;10371;0.127;143.98;0.5;62;7240.1;5340;2230;1.02;35;1;66;-31;3.1;8.16;0.23;0.5964894548982745;0.6271107994592596;PRODUCT_3533;12;122.63000000000004;30066;8.308137666169266;Standard;0.5912343843530394;719.2;4.770035650817703;0.5480724781111701
2024;Product_2024;Sports;Home;BrandB;958.19;0.42;555.75;482;4.69;4592;Supplier_20;USA;Berlin;5;5;0.02;1;2012;6.96;63.59;White;Wood;3;228;2319;671;0.49;852.38;199514.25;2394171.0;58997;46828;28233;0.066;45.55;0.17;87;9847.38;9535;4013;1.36;50;78;176;26;4.85;5.46;0.11;0.6614918395684447;0.6124793223982908;PRODUCT_2024;12;-296.63;134058;13.311394147768288;High_Margin;0.5989107088846399;571.1;4.208235856356693;0.5478965187259894
6946;Product_6946;Beauty;Electronics;BrandC;801.61;0.29;569.14;349;4.16;4359;Supplier_23;UK;Mumbai;2;14;0.06;1;2022;34.21;59.3;Red;Metal;1;563;2882;289;0.16;687.49;274325.48;3291905.76;93461;48038;18352;0.12;188.32;0.31;62;9816.56;4731;1950;1.38;41;85;187;19;3.33;14.51;0.22;0.7511334038682876;0.7030761995902319;PRODUCT_6946;12;-118.35000000000002;159851;4.722605562972762;Standard;0.3559593936282268;675.3;4.30081965910598;0.5476883882823705
3275;Product_3275;Beauty;Electronics;BrandA;773.74;0.18;634.47;334;4.17;1248;Supplier_4;UK;London;3;3;0.01;0;2017;5.42;18.16;Blue;Plastic;2;962;1697;2080;0.23;420.92;279166.8;3350001.6;24801;15085;22503;0.026;38.89;0.63;56;6985.52;1218;2533;1.2;24;92;181;-34;4.19;32.05;0.23;0.6186764530299771;0.6692336023730092;PRODUCT_3275;12;213.55;62389;6.760384001164228;Standard;0.4872400611273748;424.4;4.537669685351483;0.5474986461092533
3114;Product_3114;Sports;Home;BrandD;702.0;0.04;673.92;480;4.82;4559;Supplier_48;India;New York;19;7;0.18;0;2011;41.98;70.32;Green;Fabric;4;387;2346;1688;0.5;426.05;118609.92;1423319.04;32947;10876;17270;0.181;281.69;0.28;88;8272.47;7570;1575;0.81;57;69;85;20;3.95;10.64;0.18;0.5515412739845967;0.4928745925400319;PRODUCT_3114;12;247.86999999999995;61093;16.96627300768916;Standard;0.6901868645377938;666.0;4.3784233213897235;0.547333094484423
2042;Product_2042;Toys;Toys;BrandD;916.67;0.06;861.67;984;4.74;2963;Supplier_50;UK;London;8;12;0.1;1;2021;21.22;47.68;Blue;Fabric;4;327;1883;9698;0.36;555.25;252469.31;3029631.72;37392;11034;7028;0.035;88.05;0.54;86;6864.11;3881;904;0.95;42;44;160;-11;4.82;19.48;0.14;0.6669429155524236;0.6762141518412734;PRODUCT_2042;12;306.42;55454;10.231180366093836;Premium;0.5758976388495973;476.6;4.272223415112323;0.5472114986433458
6274;Product_6274;Toys;Home;BrandA;612.26;0.45;336.74;214;4.95;1597;Supplier_6;India;Mumbai;19;7;0.19;1;2011;13.37;18.63;Red;Fabric;4;160;2898;7520;0.27;453.74;168033.26;2016399.12;60103;14335;20868;0.089;153.31;0.23;53;1850.47;1032;2857;1.28;48;27;196;-14;2.56;24.5;0.17;0.657949976954298;0.5860885070926874;PRODUCT_6274;12;-117.0;95306;7.39572236091009;High_Margin;0.4984571263932872;761.3;4.060263191845074;0.5467739584214134
1454;Product_1454;Electronics;Home;BrandE;395.73;0.22;308.67;693;4.04;146;Supplier_7;Germany;London;7;4;0.07;1;2015;9.42;49.3;Red;Wood;3;995;1518;9323;0.19;258.02;141062.19;1692746.28;69827;11515;7787;0.06;24.01;0.48;53;4739.42;4573;4935;0.54;59;70;139;85;2.48;27.82;0.12;0.58185081469674;0.496248879005162;PRODUCT_1454;12;50.650000000000034;89129;5.617275378617254;Standard;0.3799892518102372;404.5;4.4104804144835645;0.5466461801007888
3597;Product_3597;Clothing;Clothing;BrandA;323.97;0.03;314.25;279;4.39;1729;Supplier_15;India;Mumbai;17;10;0.09;1;2015;6.14;64.34;Red;Wood;5;766;1562;832;0.42;180.64;135127.5;1621530.0;63009;5872;5404;0.074;219.24;0.88;77;3389.72;1563;2044;1.46;18;45;69;64;2.63;30.75;0.12;0.5912068618585293;0.5063203228017896;PRODUCT_3597;12;133.61;74285;13.153726034523658;Standard;0.5874563580637556;442.4;4.431633327730003;0.5466452538837182
6369;Product_6369;Home;Electronics;BrandA;398.3;0.42;231.01;6;4.52;4521;Supplier_19;China;Berlin;8;5;0.13;0;2012;29.33;29.65;Green;Plastic;4;550;160;6861;0.32;290.78;25180.09;302161.08;74691;37290;3156;0.011;177.12;0.86;76;3083.03;3152;1766;0.54;41;35;41;2;1.7;26.45;0.19;0.5322337985985904;0.3690474084250269;PRODUCT_6369;12;-59.76999999999998;115137;9.22971545346632;Standard;0.4509322657079735;159.4;4.432545311378562;0.5464263067171979
7817;Product_7817;Home;Home;BrandA;321.26;0.14;276.28;451;4.21;2275;Supplier_32;USA;Shanghai;13;6;0.24;0;2014;23.97;63.8;Black;Metal;1;960;1557;7662;0.26;195.7;75148.16;901777.92;56201;35605;14599;0.102;147.96;0.44;55;4410.24;569;3177;1.31;54;45;43;-10;1.1;31.83;0.17;0.5125962851124437;0.4074656804403785;PRODUCT_7817;12;80.57999999999998;106405;8.284488636440889;Standard;0.446555718917122;464.4;4.557895694087574;0.5458966016837816
9213;Product_9213;Sports;Toys;BrandB;418.78;0.13;364.34;407;4.63;1453;Supplier_6;China;Mumbai;9;5;0.29;1;2023;17.67;56.06;Black;Fabric;4;462;1438;3926;0.32;253.51;140270.9;1683250.8;71214;12940;172;0.121;57.07;0.87;71;9826.83;2782;1064;0.88;2;38;161;-61;1.68;18.25;0.25;0.6311577782619825;0.5337429209643108;PRODUCT_9213;12;110.82999999999998;84326;10.1939888281376;Standard;0.5213908014282699;464.0;4.343431990505784;0.5453769718126178
9878;Product_9878;Beauty;Home;BrandA;563.97;0.26;417.34;547;4.34;3142;Supplier_19;Germany;New York;12;5;0.17;1;2021;18.56;64.28;Red;Metal;0;498;2834;8676;0.49;375.31;98909.58;1186914.96;96400;6374;26840;0.01;142.78;0.2;63;8033.32;6440;4114;0.85;2;24;25;75;3.75;42.26;0.13;0.6234490888422601;0.4728887201471621;PRODUCT_9878;12;42.02999999999997;129614;13.343845404457433;Standard;0.5253641504112185;718.0;4.234266504690649;0.5453217413101463
514;Product_514;Beauty;Electronics;BrandE;699.14;0.48;363.55;366;4.74;3903;Supplier_6;Germany;Mumbai;6;7;0.14;1;2016;44.38;20.29;White;Metal;4;404;2875;5604;0.19;401.27;125788.3;1509459.6;41217;20282;10236;0.032;109.57;0.22;50;3196.36;661;158;1.08;21;58;34;14;4.09;16.86;0.08;0.5677387141892899;0.5026806777355947;PRODUCT_514;11;-37.71999999999997;71735;5.580127914800506;Standard;0.4318361854946991;708.0;4.395970529101392;0.5452239545709054
8142;Product_8142;Toys;Electronics;BrandC;761.95;0.24;579.08;283;4.47;3580;Supplier_37;India;Shanghai;16;9;0.2;1;2023;25.27;0.12;Black;Plastic;5;417;941;6548;0.19;681.66;169670.44;2036045.28;74272;29159;22146;0.021;96.78;0.85;96;6686.15;8735;530;0.64;43;20;169;-85;4.65;3.93;0.16;0.6492731885506324;0.5661435311666211;PRODUCT_8142;12;-102.57999999999991;125577;5.233579002636783;Standard;0.3782394342567925;274.8;4.28071206891684;0.5451358532830256
3236;Product_3236;Electronics;Home;BrandA;511.16;0.49;260.69;921;4.68;1785;Supplier_20;Germany;Mumbai;6;13;0.24;1;2022;48.97;36.65;Blue;Wood;1;654;649;564;0.42;256.43;113660.84;1363930.08;22359;36744;2139;0.045;260.47;0.15;63;9186.31;1314;1288;0.76;30;79;199;22;2.73;32.83;0.14;0.51498755136673;0.4706916892500312;PRODUCT_3236;12;4.259999999999991;61242;13.319777975027058;Standard;0.6323509932124877;265.4;4.794527111830916;0.5449529230703105
7258;Product_7258;Home;Beauty;BrandC;971.59;0.37;612.1;714;4.34;536;Supplier_30;China;Shanghai;19;13;0.03;1;2016;1.72;6.95;Red;Fabric;4;298;558;9146;0.37;644.52;172612.2;2071346.4;96818;42336;1348;0.121;173.86;0.52;92;411.87;5547;587;0.87;32;28;5;-56;3.43;5.75;0.08;0.6864533260002748;0.5754362207700776;PRODUCT_7258;12;-32.41999999999996;140502;10.261378737259006;High_Margin;0.4402432272972135;190.8;4.103632241477988;0.5448075903965385
8522;Product_8522;Electronics;Home;BrandC;165.94;0.42;96.25;41;4.26;781;Supplier_20;India;London;1;12;0.26;1;2014;37.86;94.3;Red;Metal;5;791;1008;2648;0.35;133.37;8470.0;101640.0;89991;29797;17125;0.125;206.8;0.68;63;8185.13;3459;2224;0.86;5;28;112;6;4.34;23.59;0.18;0.5279434393072321;0.3383957641978504;PRODUCT_8522;12;-37.120000000000005;136913;11.195742414594722;Standard;0.4638965566385277;396.3;4.440046734499103;0.5437241379221331
8560;Product_8560;Electronics;Toys;BrandA;300.42;0.27;219.31;919;4.85;1367;Supplier_6;UK;New York;12;10;0.2;1;2011;42.55;49.95;White;Fabric;4;342;1951;2981;0.25;268.06;50002.68;600032.16;68061;1587;24179;0.178;133.11;0.6;86;7850.59;7122;3752;0.83;3;90;80;3;2.28;34.4;0.17;0.5663096477213588;0.4206416997953791;PRODUCT_8560;12;-48.75;93827;8.338176340948289;Standard;0.4731264416559432;613.8;4.279755642523977;0.5436977104626441
4724;Product_4724;Toys;Beauty;BrandB;716.39;0.03;694.9;774;4.62;3253;Supplier_45;China;Shanghai;18;14;0.04;0;2022;30.53;12.53;Blue;Metal;3;306;151;9600;0.3;523.34;230011.9;2760142.8;73935;26638;23343;0.036;141.19;0.24;73;6204.48;1511;531;0.65;52;4;134;-82;4.84;8.49;0.24;0.7114970694581746;0.6592931402969822;PRODUCT_4724;12;171.55999999999997;123916;8.223157773369465;Standard;0.4882412024962856;126.3;4.2107969877208875;0.5433424391098115
3435;Product_3435;Sports;Clothing;BrandC;697.23;0.07;648.42;7;4.53;2478;Supplier_14;Germany;Berlin;14;1;0.02;0;2023;17.02;84.98;Red;Plastic;0;256;1195;4500;0.28;355.37;72623.04;871476.48;97653;45447;8361;0.032;227.42;0.37;75;1256.83;1903;2312;1.18;48;81;78;50;3.99;45.15;0.14;0.6189827855104953;0.4493158332927064;PRODUCT_3435;12;293.04999999999995;151461;7.263678445475693;High_Margin;0.374136466033533;352.5;4.124708987612355;0.5431009006947585
4175;Product_4175;Home;Electronics;BrandB;773.78;0.46;417.84;293;4.53;1638;Supplier_18;India;Berlin;5;6;0.23;0;2011;19.6;13.57;Black;Fabric;3;307;632;8826;0.47;454.87;54737.04;656844.48;82355;36187;23932;0.178;99.47;0.7;93;6123.31;5350;3253;0.68;8;42;6;55;1.88;13.72;0.08;0.5732953661265329;0.415310512813054;PRODUCT_4175;12;-37.03000000000003;142474;14.371547517660405;Standard;0.5290629154849081;272.1;4.191920430462212;0.5430561033270328
7916;Product_7916;Home;Clothing;BrandE;347.72;0.13;302.52;709;4.28;3122;Supplier_36;India;Berlin;12;14;0.09;1;2012;41.63;66.79;White;Metal;5;758;2721;7717;0.4;184.29;140974.32;1691691.84;77041;29617;4015;0.18;16.3;0.68;97;6080.77;6701;4719;1.01;27;27;45;58;3.17;34.25;0.09;0.6154068609339207;0.5158159678708277;PRODUCT_7916;12;118.23;110673;13.397704710623556;Standard;0.5597012509979511;739.7;4.441687044209379;0.5427794075956289
709;Product_709;Toys;Sports;BrandC;558.97;0.39;340.97;160;4.59;383;Supplier_38;India;London;15;11;0.19;1;2011;25.96;65.77;Black;Metal;3;608;1572;2802;0.32;401.07;142184.49;1706213.88;38595;32397;5128;0.01;240.83;0.4;66;3431.22;1781;1524;1.03;59;39;76;99;4.64;40.52;0.16;0.564324103006659;0.5142645809147722;PRODUCT_709;11;-60.099999999999966;76120;9.51185545832842;Standard;0.5307606057618008;465.3;4.568609157064526;0.5423300786942571
9930;Product_9930;Beauty;Electronics;BrandC;678.8;0.22;529.46;642;4.57;2725;Supplier_6;China;Mumbai;9;11;0.14;1;2020;46.6;27.97;Red;Plastic;2;477;534;1568;0.42;490.91;227667.8;2732013.6;54343;8191;29518;0.022;258.97;0.76;55;288.28;8395;4882;0.74;58;92;157;-85;1.72;26.41;0.09;0.666329944160375;0.6410826478042;PRODUCT_9930;12;38.55000000000001;92052;12.102473758422873;Standard;0.5953831521624492;209.3;4.325989849922038;0.5422971822254162
1152;Product_1152;Beauty;Clothing;BrandC;267.96;0.08;246.52;696;4.58;204;Supplier_17;China;London;10;13;0.28;1;2022;16.57;64.83;Green;Fabric;4;773;2521;8543;0.19;240.04;120794.8;1449537.6;35709;31179;1331;0.197;181.02;0.83;78;8010.74;139;798;1.16;29;75;187;72;3.09;3.24;0.16;0.5397090475591257;0.4822045783052505;PRODUCT_1152;12;6.480000000000018;68219;6.928472819744144;Popular;0.4841169993967166;775.5;4.667256994416148;0.5422373596197525
5405;Product_5405;Electronics;Toys;BrandE;370.66;0.39;226.1;397;4.49;4930;Supplier_3;Germany;Berlin;4;14;0.22;0;2023;22.07;84.87;Red;Plastic;0;667;258;6035;0.14;321.42;99257.9;1191094.8;59059;787;25533;0.079;94.61;0.54;91;8508.07;5787;2474;0.58;35;39;76;-29;1.55;8.43;0.19;0.5610496925537234;0.460564214950276;PRODUCT_5405;12;-95.32000000000002;85379;4.411594594010062;Standard;0.3817618270520058;150.4;4.400380400893349;0.5421772386188535
3477;Product_3477;Toys;Electronics;BrandD;211.15;0.5;105.58;332;4.52;856;Supplier_18;India;New York;20;9;0.13;0;2022;22.38;22.66;Green;Wood;2;602;1037;2792;0.21;121.64;34524.66;414295.92;79130;20131;20486;0.085;282.8;0.59;70;4587.47;5555;641;1.22;19;0;0;-76;3.03;44.06;0.1;0.5489952691783136;0.3846811448594105;PRODUCT_3477;12;-16.060000000000002;119747;6.593219286399786;Standard;0.3999504282885296;418.7;4.419647707706418;0.5420381315606098
7555;Product_7555;Toys;Electronics;BrandC;503.14;0.45;276.73;193;4.01;3439;Supplier_33;UK;Mumbai;1;7;0.03;0;2017;14.5;45.89;Green;Plastic;5;878;579;6087;0.12;411.5;68352.31;820227.72;83316;28809;20469;0.087;220.04;0.27;55;3011.02;4644;149;0.85;39;15;132;2;3.95;2.98;0.22;0.5451021258049878;0.4015047186553264;PRODUCT_7555;12;-134.76999999999998;132594;3.545741055236758;Standard;0.2728009365900595;217.8;4.384669943518835;0.541843576106112
494;Product_494;Clothing;Beauty;BrandA;454.72;0.31;313.76;866;4.28;4764;Supplier_31;China;Shanghai;6;12;0.01;1;2012;21.45;31.04;Blue;Wood;1;908;2499;3221;0.37;338.67;129269.12;1551229.44;41509;13679;26671;0.05;226.69;0.36;93;1215.39;6103;3046;0.83;12;37;90;73;2.63;47.59;0.19;0.5344588711945925;0.4782471606355729;PRODUCT_494;11;-24.910000000000025;81859;11.32743117569643;Standard;0.5465340420060913;645.4;4.5028466358063355;0.5417921033781921
8966;Product_8966;Beauty;Toys;BrandE;558.19;0.16;468.88;685;4.33;580;Supplier_21;India;Berlin;1;6;0.15;0;2022;47.51;30.82;Black;Metal;0;566;854;9984;0.09;405.86;218966.96;2627603.52;84741;35293;6147;0.074;140.68;0.31;73;9196.75;470;1034;1.12;59;28;118;93;1.53;9.81;0.06;0.7005959120822969;0.6318877219322943;PRODUCT_8966;12;63.01999999999998;126181;2.653680034191745;Standard;0.3301903742088503;279.5;4.351439882735363;0.5416545104890046
4834;Product_4834;Clothing;Toys;BrandD;927.43;0.03;899.61;943;4.22;4830;Supplier_3;India;Shanghai;12;8;0.06;1;2017;38.27;99.35;White;Wood;5;681;2515;9636;0.18;593.88;247392.75;2968713.0;50319;30979;1808;0.118;164.29;0.67;77;7275.01;8327;4112;1.46;15;16;134;-77;4.52;29.47;0.21;0.6469187191963132;0.6436454274301447;PRODUCT_4834;12;305.73;83106;5.541269206413444;Standard;0.4011646457668958;608.4;4.421142291007573;0.5415143265804107
8433;Product_8433;Home;Home;BrandA;884.41;0.48;459.89;103;4.45;3131;Supplier_1;Germany;Shanghai;12;8;0.16;0;2022;26.26;87.97;Red;Wood;4;675;923;2211;0.09;465.51;182576.33;2190915.96;20078;6660;11387;0.175;252.99;0.27;70;4708.72;8518;4457;1.0;48;40;186;38;2.63;10.96;0.2;0.5501550376809566;0.5502551776444613;PRODUCT_8433;12;-5.6200000000000045;38125;3.066439009172369;Standard;0.3743107880279199;275.1;4.452818499467888;0.5409383795972655
7363;Product_7363;Home;Home;BrandE;549.44;0.43;313.18;234;4.43;4239;Supplier_14;USA;Shanghai;7;12;0.03;0;2016;8.43;90.29;Red;Metal;1;631;1069;3630;0.1;325.01;60130.56;721566.72;58756;8599;10950;0.031;106.22;0.69;77;9707.75;7281;4220;1.2;14;63;101;-63;4.89;28.18;0.14;0.5226397159549134;0.4022350060124168;PRODUCT_7363;12;-11.829999999999984;78305;2.9454205996568765;Standard;0.3124689798941161;326.1;4.38082595985086;0.5409099805619745
483;Product_483;Electronics;Beauty;BrandE;140.11;0.4;84.07;807;4.71;2173;Supplier_30;India;Mumbai;19;7;0.26;1;2015;42.2;34.09;White;Metal;5;453;507;1271;0.43;101.48;11181.31;134175.72;81542;37280;25967;0.109;250.95;0.81;85;2197.82;4072;4920;1.42;39;43;15;-19;1.47;2.61;0.2;0.5493298924376959;0.3658888072797105;PRODUCT_483;11;-17.41000000000001;144789;13.741599321009195;Standard;0.5679532406563824;323.3;4.422676420606253;0.5402950717831891
3564;Product_3564;Clothing;Beauty;BrandE;577.01;0.21;455.84;56;4.55;3445;Supplier_39;USA;Mumbai;13;14;0.21;0;2025;9.06;47.75;Red;Metal;1;541;872;5209;0.06;332.39;79772.0;957264.0;53650;22585;23144;0.157;65.36;0.39;91;5473.2;3891;4703;0.97;51;66;81;24;4.39;31.84;0.14;0.5385937257118029;0.4341125792797711;PRODUCT_3564;12;123.45;99379;1.988429014480728;Standard;0.3088688834903095;352.7;4.422300249597294;0.5401039047017313
1424;Product_1424;Home;Electronics;BrandC;986.13;0.14;848.07;441;4.35;3518;Supplier_31;India;London;2;1;0.27;0;2011;2.99;13.75;White;Metal;4;379;419;1472;0.24;569.61;252724.86;3032698.32;77659;44741;10457;0.171;265.93;0.18;88;5978.21;8031;1765;1.37;5;8;96;-67;4.54;33.72;0.23;0.7165045537224791;0.6757726708916137;PRODUCT_1424;12;278.46000000000004;132857;7.262001920560792;Standard;0.415492843178951;165.9;4.231292750692211;0.5400726045992442
4708;Product_4708;Clothing;Clothing;BrandC;554.03;0.31;382.28;575;4.34;195;Supplier_36;Germany;Berlin;14;4;0.11;1;2020;48.18;98.69;Red;Fabric;1;643;2484;1679;0.34;329.76;78367.4;940408.8;69395;32332;24876;0.123;286.89;0.15;79;5038.0;5292;701;1.13;23;77;53;-12;1.53;15.16;0.22;0.5521036707396006;0.4281714607884623;PRODUCT_4708;12;52.51999999999998;126603;10.717615797789056;Standard;0.4724715207405593;665.2;4.416261996385973;0.5400468743526496
7387;Product_7387;Electronics;Clothing;BrandC;649.19;0.08;597.25;763;4.19;307;Supplier_21;Germany;Berlin;2;2;0.09;1;2011;14.78;98.73;Black;Fabric;3;589;310;1332;0.27;398.08;42404.75;508857.0;93278;48004;331;0.055;226.88;0.73;84;8009.91;5394;43;0.77;1;57;125;-3;1.52;10.65;0.14;0.5575423649733593;0.382988508131889;PRODUCT_7387;12;199.17;141613;7.614813420424413;Standard;0.3462047937946423;129.5;4.330975749895736;0.539825808509643
6867;Product_6867;Sports;Beauty;BrandC;209.55;0.43;119.44;714;4.97;4654;Supplier_30;UK;Mumbai;10;7;0.17;1;2015;12.7;81.69;Green;Plastic;2;296;837;5726;0.21;156.53;8719.12;104629.44;63643;32106;15262;0.153;190.08;0.87;84;1286.97;7320;3307;1.35;34;59;66;23;1.08;35.42;0.09;0.5322496662783708;0.3683703623832774;PRODUCT_6867;12;-37.09;111011;6.851758112958438;Standard;0.4461228715430201;448.9;4.36638690514162;0.5397271558879199
9790;Product_9790;Electronics;Electronics;BrandB;521.01;0.45;286.56;895;4.92;530;Supplier_19;Germany;Shanghai;1;13;0.27;1;2024;20.55;85.08;Black;Wood;0;191;1718;7090;0.36;385.57;12895.2;154742.4;63275;10968;21455;0.162;190.6;0.51;93;3484.13;8793;180;0.79;2;61;139;-1;2.83;29.31;0.12;0.5310360766089925;0.3707457824771175;PRODUCT_9790;12;-99.01;95698;10.820632083011173;High_Margin;0.5086306611028956;582.4;4.105665869079781;0.5395514041070542
597;Product_597;Beauty;Toys;BrandA;658.92;0.45;362.41;587;4.82;3508;Supplier_49;China;Mumbai;11;13;0.11;0;2022;22.12;61.45;White;Metal;0;132;1363;813;0.37;375.22;28630.39;343564.68;76795;17734;15119;0.061;84.32;0.16;89;3314.98;5412;3932;0.72;38;6;130;31;3.42;34.06;0.2;0.5633527556854175;0.3942988937351743;PRODUCT_597;11;-12.810000000000002;109648;9.253457002022186;High_Margin;0.4558453200096035;404.5;3.9303249498107404;0.5390609351052913
2533;Product_2533;Electronics;Sports;BrandE;778.62;0.21;615.11;615;4.32;2586;Supplier_5;UK;Berlin;4;14;0.23;0;2020;44.82;0.94;Red;Metal;5;715;1288;982;0.06;632.57;259576.42;3114917.04;40476;43312;12010;0.091;109.59;0.47;85;9921.22;537;4970;1.02;44;68;19;-58;2.79;14.72;0.21;0.6455066835253506;0.6610492499554347;PRODUCT_2533;12;-17.460000000000036;95798;1.8589526081103331;Standard;0.3546108821135523;365.7;4.571485309199517;0.5388156959368917
2457;Product_2457;Sports;Home;BrandE;636.47;0.27;464.62;168;4.63;3924;Supplier_27;USA;Mumbai;12;5;0.14;1;2013;38.85;39.6;White;Fabric;1;273;2230;9849;0.14;399.27;142638.34;1711660.08;82583;45781;3156;0.025;45.75;0.5;52;1367.07;4201;661;1.38;52;24;114;40;2.67;4.08;0.18;0.6558961235644178;0.543851268381075;PRODUCT_2457;12;65.35000000000002;131520;3.729390379524766;Standard;0.3448473590037414;568.2;4.208123940325956;0.5387597038424685
9606;Product_9606;Electronics;Electronics;BrandD;768.2;0.05;729.79;61;4.88;2335;Supplier_18;China;London;2;13;0.12;1;2013;3.27;21.32;Red;Fabric;2;174;1933;8458;0.33;399.9;77357.74;928292.88;50965;48673;8399;0.195;247.3;0.53;80;9974.21;6544;1819;0.72;60;42;59;15;3.17;40.84;0.12;0.5575864933608451;0.4502704290151286;PRODUCT_9606;12;329.89;108037;9.93925874222568;High_Margin;0.5003234623244561;576.5;4.208919981642397;0.5383460899638475
5346;Product_5346;Clothing;Beauty;BrandA;519.07;0.48;269.92;156;4.83;2628;Supplier_31;China;Berlin;1;2;0.04;1;2022;5.67;99.15;White;Wood;5;374;896;9381;0.34;398.22;81245.92;974951.04;44107;24456;921;0.118;291.23;0.11;82;7201.38;5951;3567;0.61;28;24;126;22;4.87;20.64;0.17;0.5431481129377742;0.44835166977429;PRODUCT_5346;12;-128.3;69484;10.881715274390745;Standard;0.5460207295829327;372.0;4.413664372797759;0.537452904424062
6286;Product_6286;Beauty;Toys;BrandA;941.79;0.03;913.54;67;4.33;2691;Supplier_14;UK;New York;16;13;0.21;0;2012;48.16;79.02;Blue;Metal;3;389;720;2468;0.46;829.77;250309.96;3003719.52;80983;33632;11362;0.144;12.1;0.55;92;3602.2;1501;1216;1.32;31;26;189;-19;4.25;17.11;0.15;0.7195165845023856;0.6731355732204525;PRODUCT_6286;12;83.76999999999998;125977;13.594576509784636;Standard;0.5579851854460192;225.9;4.201518103179453;0.5367369687030039
4624;Product_4624;Toys;Clothing;BrandE;963.59;0.08;886.5;608;4.56;4782;Supplier_7;China;Shanghai;20;4;0.28;1;2022;11.21;86.58;White;Metal;3;581;21;5430;0.09;797.92;230490.0;2765880.0;11007;28812;17919;0.2;285.36;0.36;90;8505.74;1914;291;0.96;18;38;37;-79;2.41;35.05;0.16;0.5812254652631222;0.6183542620329359;PRODUCT_4624;12;88.58000000000004;57738;3.135359366098778;Standard;0.4032475043383802;94.6;4.894109574568182;0.5364134028054556
8;Product_8;Beauty;Beauty;BrandB;477.75;0.1;429.98;271;4.09;2295;Supplier_50;India;Mumbai;15;9;0.24;0;2014;14.61;25.23;Blue;Plastic;5;785;2806;3538;0.37;324.35;181881.54;2182578.48;86830;26757;19441;0.153;222.34;0.82;97;7374.66;1877;4586;1.28;26;82;144;-22;1.63;4.75;0.09;0.6542930113749159;0.5663080419665636;PRODUCT_8;9;105.63;133028;11.632738888222535;Standard;0.4994058490936855;728.1;4.364413489746069;0.5363020942818298
7121;Product_7121;Clothing;Home;BrandC;987.23;0.13;858.89;195;4.89;3934;Supplier_20;India;Shanghai;19;11;0.26;0;2012;19.09;29.76;Green;Fabric;0;109;2880;502;0.12;884.06;274844.8;3298137.6;41316;45371;5412;0.125;88.82;0.54;82;6231.23;9312;441;1.32;10;89;77;-33;1.74;42.77;0.15;0.7056658041015689;0.7192253038624499;PRODUCT_7121;12;-25.16999999999996;92099;3.103022113477864;Standard;0.4157650828779067;712.9;4.055821345658626;0.5360888820476285
6913;Product_6913;Home;Sports;BrandE;794.48;0.28;572.03;424;4.89;1527;Supplier_20;USA;Mumbai;14;10;0.26;1;2025;37.59;96.64;Red;Fabric;1;259;938;1029;0.08;602.89;86376.53;1036518.36;31230;2567;19696;0.118;213.46;0.31;53;8629.44;5692;4256;1.02;20;29;42;75;1.24;3.68;0.13;0.5265179154357646;0.451585418198765;PRODUCT_6913;12;-30.860000000000014;53493;2.43202861523156;Standard;0.3521601042177804;324.5;4.196711973571757;0.535831237575475
2990;Product_2990;Home;Clothing;BrandB;978.45;0.15;831.68;857;4.36;3745;Supplier_11;UK;Shanghai;11;6;0.11;0;2019;49.69;76.75;Blue;Plastic;5;484;2120;3404;0.31;557.16;273622.72;3283472.64;56374;35180;23014;0.192;194.18;0.73;75;6168.09;3427;483;1.47;12;97;25;9;3.63;23.03;0.12;0.6923554984990066;0.6926452549185957;PRODUCT_2990;12;274.52;114568;9.963326804061396;Standard;0.5044808733298021;541.9;4.342468865631034;0.5357176196651964
3281;Product_3281;Electronics;Toys;BrandB;642.51;0.12;565.41;712;4.85;4596;Supplier_22;USA;London;18;9;0.04;0;2017;13.77;48.97;Blue;Metal;3;144;1489;1263;0.42;529.77;57106.41;685276.92;69802;6971;24288;0.14;177.27;0.48;84;917.18;202;2040;0.92;9;71;133;-80;1.68;23.16;0.2;0.5757841617060536;0.4315461856994307;PRODUCT_3281;12;35.639999999999986;101061;11.556871561974209;High_Margin;0.5236794399978837;456.0;3.95066713669202;0.5355027553933751
3880;Product_3880;Electronics;Clothing;BrandC;812.58;0.21;641.94;474;4.3;1948;Supplier_36;Germany;New York;1;6;0.07;1;2018;3.37;84.74;Red;Plastic;2;509;609;2385;0.49;680.11;302353.74;3628244.88;74766;13656;2350;0.178;277.35;0.57;87;8940.03;7351;738;1.24;14;74;76;73;4.89;47.3;0.21;0.7485796134952677;0.7397197629714602;PRODUCT_3880;12;-38.16999999999996;90772;15.474094204126375;Standard;0.6306154917873052;214.5;4.250294263804722;0.5353829394219198
8374;Product_8374;Clothing;Home;BrandD;549.16;0.08;505.23;355;4.95;1631;Supplier_16;India;Mumbai;7;11;0.14;0;2021;47.84;65.97;Blue;Wood;2;470;2270;7896;0.42;465.93;172283.43;2067401.16;5768;13862;233;0.061;183.98;0.25;56;104.12;5342;2205;0.74;49;95;164;-93;1.08;3.34;0.11;0.5528486896225563;0.5593817037607743;PRODUCT_8374;12;39.30000000000001;19863;13.5765029260852;Standard;0.6907960970089428;637.4;4.922595110006013;0.5352907958098826
4799;Product_4799;Beauty;Sports;BrandD;429.73;0.08;395.35;667;4.77;4863;Supplier_35;China;Mumbai;6;1;0.17;1;2019;45.87;43.89;Red;Fabric;4;432;1809;6897;0.31;304.89;172372.6;2068471.2;49418;6631;15460;0.096;299.99;0.87;62;3383.33;5342;2696;0.86;31;31;146;9;1.03;28.85;0.18;0.6258370014237484;0.5741793976964821;PRODUCT_4799;12;90.46000000000004;71509;9.838572666723422;Standard;0.5557111897095568;544.4;4.363131466610765;0.5352297704123707
3280;Product_3280;Beauty;Sports;BrandA;388.45;0.39;236.95;699;4.32;907;Supplier_6;Germany;Mumbai;18;10;0.09;0;2013;34.23;83.52;Red;Fabric;1;583;2189;3713;0.15;305.23;94069.15;1128829.8;94075;40568;18499;0.13;216.76;0.14;87;8105.31;7870;1015;0.82;45;43;84;-52;1.13;5.92;0.18;0.613115491700184;0.4634951630448664;PRODUCT_3280;12;-68.28000000000003;153142;4.664296295666141;Standard;0.326084457401771;589.8;4.362206473386406;0.5347693338387672
2151;Product_2151;Beauty;Beauty;BrandE;946.94;0.4;568.16;748;4.69;3972;Supplier_24;UK;Berlin;12;1;0.22;0;2015;18.29;35.97;Black;Fabric;5;421;1099;5129;0.19;610.74;183515.68;2202188.16;19834;4947;19370;0.145;181.11;0.87;73;2762.6;3472;3956;1.1;10;91;160;35;4.99;24.85;0.2;0.5696593055802668;0.5667725406807568;PRODUCT_2151;12;-42.58000000000004;44151;6.167776349461427;Standard;0.4544606295659479;314.3;4.343886163125749;0.5347260326491428
5393;Product_5393;Clothing;Clothing;BrandA;692.31;0.26;512.31;600;4.99;3029;Supplier_18;India;Mumbai;2;12;0.17;0;2014;33.29;80.09;Blue;Wood;1;81;1820;5950;0.18;472.16;212096.34;2545156.08;55088;22660;25285;0.111;250.89;0.36;78;9606.01;5091;1896;0.83;27;88;138;29;3.44;7.8;0.23;0.6882856513738269;0.6467970721115929;PRODUCT_5393;12;40.14999999999992;103033;4.397466018188848;Standard;0.4439248873345565;515.6;3.84095606951273;0.5346093575952912
5416;Product_5416;Sports;Sports;BrandB;152.66;0.32;103.81;848;4.71;2457;Supplier_23;USA;Berlin;14;10;0.26;1;2011;30.44;99.85;White;Plastic;2;577;1903;7476;0.39;85.3;37786.84;453442.08;55887;36556;7923;0.078;290.72;0.66;93;7080.28;3396;1435;0.85;35;54;121;16;4.7;30.84;0.13;0.5204539419274599;0.3874210446061336;PRODUCT_5416;12;18.510000000000005;100366;12.593089536034704;Standard;0.5766903462640449;587.0;4.558650668659926;0.5341735616236759
3173;Product_3173;Home;Sports;BrandD;636.18;0.41;375.35;920;4.85;59;Supplier_2;UK;Shanghai;17;8;0.2;0;2011;49.44;60.78;Red;Fabric;0;336;1857;1082;0.27;560.68;87456.55;1049478.6;36278;42280;13988;0.093;292.29;0.43;94;1528.48;8802;2621;1.46;21;95;196;13;4.71;9.22;0.1;0.5343264262261965;0.4535537026345703;PRODUCT_3173;12;-185.32999999999996;92546;8.330188666844984;Standard;0.4910326975878616;535.8;4.501122096557946;0.5341707472396184
6474;Product_6474;Toys;Sports;BrandD;221.94;0.43;126.51;470;4.22;3137;Supplier_3;China;Shanghai;3;9;0.08;1;2011;10.6;20.77;Red;Fabric;1;813;2061;8934;0.49;195.1;22392.27;268707.24;82725;32618;25926;0.076;67.11;0.31;61;2359.76;5413;1521;0.88;36;23;187;-93;3.06;29.0;0.12;0.5219526848145166;0.3507991347791548;PRODUCT_6474;12;-68.58999999999999;141269;14.911545481826376;Standard;0.5520797905859557;592.1;4.447643016150185;0.5341137959607081
2313;Product_2313;Beauty;Clothing;BrandC;491.72;0.1;442.55;552;4.72;2176;Supplier_44;USA;New York;19;4;0.13;1;2011;34.61;89.96;Blue;Metal;0;577;746;8566;0.39;292.5;207113.4;2485360.8;25956;33559;5263;0.061;259.98;0.56;87;9622.02;7946;817;1.16;29;9;160;68;2.82;11.09;0.1;0.604209803833513;0.6051191031135409;PRODUCT_2313;12;150.05;64778;12.42081249567669;Standard;0.6434074006978354;286.4;4.690413304596397;0.5340660451655798
6499;Product_6499;Beauty;Electronics;BrandB;343.12;0.45;188.72;347;4.55;3961;Supplier_31;China;New York;16;2;0.25;0;2018;16.51;16.61;Red;Metal;1;658;714;5068;0.38;280.07;82470.64;989647.68;49700;13645;19707;0.139;197.94;0.22;79;6190.84;1792;3063;1.42;8;44;191;-86;2.05;18.64;0.17;0.5329688416080434;0.4354878418147904;PRODUCT_6499;12;-91.35;83052;12.782383068925355;Standard;0.5708382987884988;307.2;4.471198870541445;0.533710215441172
6577;Product_6577;Clothing;Home;BrandE;270.76;0.48;140.8;249;4.79;1272;Supplier_16;USA;Berlin;18;14;0.3;1;2011;1.7;27.35;White;Metal;3;266;2736;7379;0.23;193.78;67584.0;811008.0;87627;47573;27210;0.07;240.73;0.32;66;7807.07;9211;3362;1.44;29;83;71;29;4.42;13.66;0.18;0.615477350316792;0.4529453192515349;PRODUCT_6577;12;-52.97999999999999;162410;6.586354876246724;Standard;0.418254866304842;751.6;4.259480151960646;0.5333039818616451
8429;Product_8429;Beauty;Sports;BrandE;619.71;0.09;563.94;559;4.07;2744;Supplier_3;USA;Mumbai;8;14;0.03;0;2020;46.56;3.39;White;Metal;5;843;2658;3855;0.19;345.36;217680.84;2612170.08;66320;16654;24433;0.159;106.65;0.25;83;6382.85;6529;4007;0.81;48;87;145;-10;2.58;32.05;0.07;0.641863543574861;0.6024083741425672;PRODUCT_8429;12;218.58000000000004;107407;6.039100842598352;Standard;0.3938839583506298;657.8;4.373484158272642;0.5331762483504241
2607;Product_2607;Electronics;Electronics;BrandC;516.85;0.11;460.0;327;4.65;1985;Supplier_2;China;London;10;10;0.17;1;2019;8.23;10.72;Red;Fabric;2;327;1127;8419;0.08;360.37;179860.0;2158320.0;77295;29046;10136;0.133;58.8;0.28;55;5268.04;1210;4900;1.29;12;12;74;37;2.05;41.75;0.17;0.678314982778667;0.5936203567563572;PRODUCT_2607;12;99.63;116477;2.441616203607316;Standard;0.342221060788059;382.8;4.252361663031516;0.5329221033854641
1253;Product_1253;Clothing;Sports;BrandD;174.68;0.15;148.48;878;4.54;3740;Supplier_17;UK;New York;6;13;0.03;1;2011;22.55;39.57;White;Plastic;3;725;482;264;0.48;140.74;40535.04;486420.48;53226;41549;14991;0.197;233.2;0.28;59;517.53;8649;4388;1.29;2;98;123;37;2.74;43.6;0.08;0.5038492484092821;0.3787586107180111;PRODUCT_1253;12;7.739999999999981;109766;17.183640023790513;Popular;0.6552307531629049;356.7;4.607142953361625;0.5328618135059598
3807;Product_3807;Beauty;Home;BrandA;669.12;0.3;468.38;187;4.69;2176;Supplier_24;India;London;8;6;0.22;1;2015;28.92;18.79;Green;Plastic;4;176;2622;2591;0.05;423.88;167211.66;2006539.92;84722;21120;27031;0.037;116.18;0.44;79;8745.17;536;1106;1.45;34;14;199;32;2.77;49.37;0.22;0.6857023446999722;0.5830817710238858;PRODUCT_3807;12;44.5;132873;1.2587179754432396;Standard;0.2921995705512056;653.2;3.996317072982791;0.5327703537203139
8234;Product_8234;Clothing;Sports;BrandE;321.62;0.39;196.19;180;4.13;2843;Supplier_38;USA;Berlin;18;8;0.09;0;2011;19.02;44.75;Red;Fabric;1;928;2924;3419;0.49;261.26;80045.52;960546.24;67026;13822;968;0.093;298.38;0.55;77;6127.8;8655;4435;0.86;42;8;136;99;3.62;40.13;0.09;0.5319804530548224;0.4156390195095485;PRODUCT_8234;12;-65.07;81816;15.116393139228157;Standard;0.5782933893198665;735.2;4.42688719200153;0.5323100041880153
1599;Product_1599;Clothing;Electronics;BrandD;847.38;0.44;474.53;973;4.62;2464;Supplier_9;Germany;Shanghai;19;8;0.18;0;2013;6.21;6.68;Black;Plastic;4;575;1346;3370;0.25;531.48;136664.64;1639975.68;10683;21015;24910;0.017;16.16;0.34;97;3506.98;9591;4357;0.66;14;55;32;-81;1.97;46.02;0.06;0.5062357382876058;0.4917735094011228;PRODUCT_1599;12;-56.950000000000045;56608;7.466106522021517;Standard;0.4824634989501606;354.0;4.783871876409781;0.5322505265128661
1897;Product_1897;Beauty;Clothing;BrandD;241.0;0.37;151.83;560;4.7;1919;Supplier_44;India;London;7;3;0.01;1;2019;27.86;17.55;Black;Wood;5;464;2163;7546;0.22;121.74;65286.9;783442.8;68457;48493;29243;0.179;33.31;0.32;78;3062.6;609;503;0.89;4;45;51;-29;3.69;49.99;0.08;0.5679939961072287;0.4324932991032953;PRODUCT_1897;12;30.090000000000018;146193;7.487671812627869;Standard;0.4459303456758628;698.0;4.4784892979493325;0.5317669970747396
9929;Product_9929;Beauty;Home;BrandA;325.93;0.12;286.82;588;4.01;2763;Supplier_44;Germany;New York;11;11;0.07;0;2025;22.39;87.92;Black;Metal;3;973;2454;3712;0.26;291.57;137099.96;1645199.52;76404;47064;6344;0.144;58.46;0.11;95;7717.47;4093;121;0.82;37;13;19;-48;2.27;44.47;0.09;0.5892646496806222;0.4927762341378991;PRODUCT_9929;12;-4.75;129812;8.207695982403296;Standard;0.4219271294235314;633.3;4.479762259795321;0.5313301365729628
6709;Product_6709;Sports;Sports;BrandC;465.93;0.3;326.15;121;4.39;4011;Supplier_7;China;New York;1;13;0.19;0;2011;6.24;46.78;White;Plastic;2;606;661;4876;0.12;337.43;131112.3;1573347.6;71282;48313;14382;0.026;175.9;0.79;61;6103.46;3479;4336;1.26;27;16;100;-82;4.81;12.56;0.18;0.6043685255584064;0.5057119100870432;PRODUCT_6709;12;-11.28000000000003;133977;3.4637893042755272;Standard;0.3378194772819995;237.7;4.454966074376719;0.5311853666334498
5448;Product_5448;Home;Sports;BrandA;945.09;0.31;652.11;850;4.63;2363;Supplier_33;Germany;London;13;2;0.3;1;2021;29.72;45.43;White;Metal;4;502;2216;1131;0.07;818.72;263452.44;3161429.28;13112;26632;22226;0.054;279.77;0.89;73;2707.85;3627;1555;0.52;21;51;77;-45;3.42;13.85;0.15;0.6188398934273286;0.6698481672423288;PRODUCT_5448;12;-166.61;61970;2.1249623109323093;Standard;0.3981035383644873;542.5;4.746459374934345;0.5310696424774911
7523;Product_7523;Sports;Clothing;BrandA;886.55;0.44;496.47;703;4.29;3885;Supplier_26;India;New York;10;6;0.03;0;2010;24.0;42.46;White;Fabric;0;443;2220;3752;0.44;708.57;234830.31;2817963.72;79383;27790;12879;0.024;122.08;0.51;57;1151.77;8189;287;1.12;30;5;22;-51;3.45;36.5;0.1;0.7000590297852165;0.6481302155203433;PRODUCT_7523;12;-212.1;120052;11.782633926704197;Standard;0.5202115927629339;538.2;4.22434481558801;0.5309995722126724
6655;Product_6655;Beauty;Beauty;BrandB;701.27;0.03;680.23;211;4.27;33;Supplier_21;Germany;Shanghai;7;2;0.09;0;2011;32.81;63.08;Green;Plastic;5;505;1246;5352;0.42;475.84;329231.32;3950775.84;86867;35426;19917;0.192;58.31;0.54;68;2236.72;6326;176;0.69;18;82;68;-86;3.75;37.19;0.21;0.7930564654812776;0.7823665947481699;PRODUCT_6655;12;204.39000000000004;142210;13.310671668338564;Standard;0.5839488824081145;382.6;4.2801784376161;0.5305035073634976
4541;Product_4541;Beauty;Clothing;BrandE;353.04;0.17;293.02;974;4.42;849;Supplier_49;USA;Mumbai;8;6;0.2;1;2014;2.31;23.13;Green;Metal;5;717;263;8930;0.38;244.92;77650.3;931803.6;56441;39640;7427;0.078;192.51;0.18;68;7694.28;9007;3124;0.56;36;10;123;4;2.84;34.48;0.16;0.5319869105758516;0.4245225849933974;PRODUCT_4541;12;48.1;103508;11.907413674650922;Standard;0.5344327534189018;160.9;4.539053092231894;0.5302385587020942
168;Product_168;Toys;Electronics;BrandC;446.41;0.37;281.24;186;4.88;3875;Supplier_48;Germany;London;11;5;0.16;0;2010;2.9;21.49;Blue;Metal;4;135;2451;1865;0.37;373.44;117839.56;1414074.72;80479;2580;6693;0.189;31.59;0.26;99;1626.86;4501;4937;1.28;60;28;78;-68;3.67;17.62;0.2;0.6507697375679792;0.5241688382813937;PRODUCT_168;11;-92.2;89752;10.546774407743484;High_Margin;0.5267498210734858;741.3;3.9234735647766583;0.5298914851216354
4971;Product_4971;Beauty;Toys;BrandD;251.71;0.22;196.33;547;4.59;4328;Supplier_25;India;Berlin;1;6;0.05;1;2017;39.11;39.92;Blue;Wood;3;528;2528;9726;0.33;163.42;43388.93;520667.16;71942;47819;15214;0.029;246.6;0.35;84;4408.5;7655;1321;0.91;23;33;80;12;3.66;9.14;0.13;0.5476941183990505;0.397150995078017;PRODUCT_4971;12;32.910000000000025;134975;9.774127496890102;Standard;0.4820065190059891;722.4;4.477333016956714;0.5296818428869414
908;Product_908;Home;Beauty;BrandA;724.87;0.44;405.93;88;4.04;4982;Supplier_23;Germany;New York;20;6;0.28;1;2018;12.22;53.56;Black;Wood;5;709;2921;2350;0.28;399.37;103512.15;1242145.8;83570;43801;2636;0.041;250.06;0.36;96;6159.95;908;4572;0.78;11;84;56;41;3.05;36.32;0.24;0.577667504047914;0.4523777717204774;PRODUCT_908;11;6.560000000000002;130007;7.731119471202266;Standard;0.3604890276324303;695.3;4.346930685872228;0.529614720521912
6544;Product_6544;Clothing;Beauty;BrandB;787.67;0.41;464.73;328;4.5;2214;Supplier_9;USA;London;17;10;0.17;0;2025;34.62;46.02;Black;Wood;4;285;149;6092;0.44;500.68;92481.27;1109775.24;82813;8291;19789;0.03;143.07;0.14;95;9799.49;907;2602;0.56;34;44;57;-47;4.39;48.68;0.16;0.6036487368524224;0.4660530273187158;PRODUCT_6544;12;-35.94999999999999;110893;11.534829698986009;High_Margin;0.481593910325404;125.8;4.082420150601594;0.5295215859474409
3219;Product_3219;Beauty;Clothing;BrandD;281.32;0.28;202.55;709;4.91;1221;Supplier_36;Germany;Shanghai;12;13;0.19;1;2019;23.14;57.73;Red;Wood;3;97;1887;8817;0.23;248.79;98236.75;1178841.0;95591;20860;16748;0.031;17.47;0.4;63;4501.87;1157;923;1.11;53;60;60;84;3.62;23.31;0.1;0.6668633144411478;0.5079493827802506;PRODUCT_3219;12;-46.23999999999998;133199;5.338315690646221;Budget;0.4075889358092865;594.1;3.8416312676030118;0.5282815724386742
616;Product_616;Sports;Home;BrandB;475.54;0.07;442.25;23;4.25;4788;Supplier_10;India;Mumbai;3;6;0.12;1;2023;39.41;34.61;Black;Plastic;2;671;2032;5306;0.3;338.27;107909.0;1294908.0;78777;41379;11118;0.042;96.56;0.66;97;4418.38;3241;1222;0.6;26;58;95;-38;1.42;43.6;0.18;0.5885888060299097;0.4690442145556803;PRODUCT_616;11;103.98000000000002;131274;8.649203718302031;Standard;0.4262425938066672;544.2;4.409156841674053;0.5282521416624075
8957;Product_8957;Electronics;Home;BrandA;933.41;0.14;802.73;791;4.65;3135;Supplier_1;UK;New York;15;11;0.05;0;2016;1.67;17.21;Red;Wood;2;235;1905;4417;0.45;693.5;309853.78;3718245.36;55951;45623;8586;0.033;121.48;0.76;54;1830.82;1649;24;0.96;7;97;64;47;4.09;36.01;0.07;0.7452702469804595;0.761238862999533;PRODUCT_8957;12;109.23000000000002;110160;11.81035929773262;High_Margin;0.601746546182394;481.4;4.2086147044591735;0.527914515580044
8156;Product_8156;Home;Sports;BrandB;112.46;0.31;77.6;237;4.9;171;Supplier_44;India;New York;3;6;0.22;1;2025;38.11;83.65;Green;Plastic;3;352;2322;3366;0.17;78.2;9389.6;112675.2;66670;41840;7324;0.04;177.57;0.83;72;7869.07;9286;1927;1.09;36;59;184;20;1.98;45.93;0.23;0.5332701239558459;0.3666374376821942;PRODUCT_8156;12;-0.6000000000000085;115834;5.082238607082454;Standard;0.4037591401170634;688.3;4.432100947087104;0.5278655853471692
389;Product_389;Toys;Home;BrandE;790.44;0.49;403.12;983;4.04;3023;Supplier_2;China;New York;17;10;0.21;1;2019;39.52;47.64;Black;Metal;5;924;2633;2108;0.24;686.85;153185.6;1838227.2;39730;34964;5109;0.122;229.23;0.27;63;1521.82;600;398;0.72;60;4;171;74;2.99;46.22;0.18;0.5318738726436446;0.4950148396211524;PRODUCT_389;11;-283.73;79803;7.430072504854876;Standard;0.4096132844483197;639.8;4.523925549371947;0.5276801967844109
9411;Product_9411;Electronics;Home;BrandE;576.8;0.45;317.24;875;4.3;1107;Supplier_35;India;Berlin;8;14;0.29;0;2018;1.38;18.17;White;Wood;2;465;2918;782;0.37;383.74;53930.8;647169.6;98256;38876;2148;0.08;219.33;0.31;75;2793.08;769;1467;1.44;42;18;155;19;1.87;44.85;0.18;0.5860220742297865;0.4090135111501982;PRODUCT_9411;12;-66.5;139280;10.557431291405416;Standard;0.4212854444444523;736.2;4.256806316832151;0.5275405713593943
4888;Product_4888;Sports;Electronics;BrandE;629.96;0.16;529.17;557;4.14;2982;Supplier_8;China;Mumbai;1;3;0.12;0;2018;48.22;40.83;Black;Fabric;0;644;1748;8376;0.32;532.46;246064.05;2952768.6;86461;6158;13409;0.13;87.48;0.89;62;2537.56;8327;2086;1.16;30;15;116;-33;1.39;9.51;0.1;0.7116928058424449;0.6583696914939454;PRODUCT_4888;12;-3.2900000000000773;106028;9.684622986250874;Standard;0.4680041732849335;455.0;4.257944699415826;0.5269694347512852
286;Product_286;Clothing;Home;BrandB;338.13;0.26;250.22;241;4.17;933;Supplier_9;USA;Berlin;14;11;0.28;1;2012;31.95;32.44;White;Metal;3;693;591;9295;0.16;209.92;88577.88;1062934.56;97721;5006;6205;0.052;172.26;0.78;98;5926.82;1826;841;1.28;43;56;187;-95;4.8;2.19;0.23;0.603776703012751;0.4484614002193515;PRODUCT_286;11;40.30000000000001;108932;4.592124431236748;Standard;0.3091696568225291;203.6;4.295234279029833;0.5267153755889533
703;Product_703;Sports;Electronics;BrandA;580.43;0.24;441.13;45;4.48;4555;Supplier_26;India;London;5;9;0.25;1;2018;49.52;66.3;Blue;Wood;0;772;2881;1508;0.1;398.02;174246.35;2090956.2;17054;43823;11572;0.096;19.04;0.67;54;3513.47;8000;2328;1.25;30;54;111;17;1.65;30.06;0.15;0.539479797665973;0.5387987840715278;PRODUCT_703;11;43.110000000000014;72449;3.265340215088814;Standard;0.4033053643099135;739.7;4.966043834751025;0.5266786588513667
7877;Product_7877;Beauty;Beauty;BrandD;335.95;0.23;258.68;266;4.59;2239;Supplier_26;China;Berlin;2;7;0.25;0;2019;25.56;29.33;White;Fabric;1;573;1182;3600;0.3;246.73;38025.96;456311.52;55193;21950;538;0.037;255.18;0.56;72;1202.29;3590;3639;1.23;26;16;7;-24;2.84;26.25;0.21;0.5096674312597456;0.3796564723471235;PRODUCT_7877;12;11.950000000000015;77681;9.071230793845128;Standard;0.4713977591275399;380.8;4.456590830511593;0.525908315114459
6090;Product_6090;Clothing;Sports;BrandB;847.73;0.11;754.48;2;4.55;4515;Supplier_21;UK;New York;15;9;0.04;1;2021;14.22;71.75;Red;Fabric;2;322;1837;905;0.11;508.35;19616.48;235397.76;62022;49721;17520;0.111;148.75;0.46;87;5547.96;670;1478;0.87;59;14;75;-57;4.15;25.86;0.22;0.5045990959342114;0.3556427716352091;PRODUCT_6090;12;246.13;129263;3.212695351415736;Standard;0.2712576875712202;474.2;4.291394359362262;0.525878285289271
7268;Product_7268;Toys;Clothing;BrandD;987.61;0.23;760.46;964;4.78;3079;Supplier_48;UK;Shanghai;7;14;0.15;0;2015;11.12;6.55;Green;Fabric;1;50;82;129;0.06;858.15;154373.38;1852480.56;62930;10550;13773;0.085;211.73;0.69;61;6771.65;4163;3735;1.3;34;79;171;12;1.41;2.61;0.17;0.6384827253405212;0.5579455250992614;PRODUCT_7268;12;-97.68999999999994;87253;1.2234976367398902;Standard;0.2863126547931747;94.0;3.518259571379894;0.5256891190414967
3194;Product_3194;Clothing;Electronics;BrandE;948.7;0.01;939.21;854;4.38;2712;Supplier_10;China;Mumbai;16;10;0.15;0;2017;16.5;43.08;Blue;Wood;0;701;2149;6341;0.1;703.73;173753.85;2085046.2;12856;16897;14754;0.174;253.05;0.43;86;6172.35;1177;539;1.37;52;59;29;-96;1.7;12.01;0.2;0.5226671146493252;0.5291960333920591;PRODUCT_3194;12;235.48;44507;3.37011120355092;Standard;0.3652590520280155;540.7;4.636438949662596;0.5251246387952401
2697;Product_2697;Clothing;Home;BrandC;384.15;0.04;368.78;323;4.21;3844;Supplier_1;USA;Mumbai;5;9;0.19;1;2010;19.65;93.43;Black;Fabric;2;847;2767;5948;0.19;306.16;109527.66;1314331.92;60170;18994;10816;0.101;202.53;0.5;97;9207.31;4824;1945;1.37;34;45;29;-1;3.54;39.62;0.25;0.5495345617432222;0.4575649832337567;PRODUCT_2697;12;62.61999999999995;89980;5.938386872847508;Standard;0.3857889974914161;715.0;4.444286706701671;0.5249039185447689
1994;Product_1994;Beauty;Electronics;BrandB;450.74;0.45;247.91;837;4.51;1669;Supplier_12;UK;Mumbai;14;8;0.12;0;2024;37.95;49.59;White;Plastic;4;554;2808;6328;0.13;342.02;114782.33;1377387.96;60249;9467;692;0.05;227.68;0.48;53;8421.47;3117;1989;1.24;49;78;53;-38;1.96;47.25;0.16;0.5781248961531358;0.4841056888212123;PRODUCT_1994;12;-94.11;70408;3.890051555344012;Standard;0.3600576053015645;721.8;4.363013493237126;0.5245447993134893
7157;Product_7157;Beauty;Clothing;BrandE;276.91;0.34;182.76;575;4.34;2682;Supplier_2;Germany;Berlin;8;2;0.18;1;2021;39.52;15.86;Black;Fabric;4;575;2583;351;0.5;139.49;1096.56;13158.72;96618;42432;1552;0.17;26.79;0.53;63;5868.8;4420;4182;0.58;44;15;198;-60;1.78;45.53;0.14;0.5413799358906514;0.3372584834645712;PRODUCT_7157;12;43.26999999999998;140602;16.137521739740798;Standard;0.5474464564139051;769.9;4.366277629266247;0.5243471921031135
1790;Product_1790;Beauty;Beauty;BrandA;860.22;0.05;817.21;58;4.34;2978;Supplier_12;Germany;Shanghai;7;6;0.11;0;2018;2.89;44.57;Black;Plastic;3;498;2573;7292;0.47;571.13;282754.66;3393055.92;61177;22588;17073;0.043;184.16;0.32;73;6803.53;7594;1992;0.99;24;6;79;2;4.12;18.35;0.23;0.7080657250292567;0.7069223011025506;PRODUCT_1790;12;246.08000000000004;100838;13.217390292420845;Standard;0.5915494270611851;614.7;4.294887183874925;0.5243068600404517
2122;Product_2122;Home;Beauty;BrandE;848.89;0.39;517.82;535;4.36;2180;Supplier_21;China;Mumbai;19;11;0.01;0;2018;42.32;21.63;Blue;Wood;1;350;1381;5005;0.44;689.05;109260.02;1311120.24;84307;8575;23082;0.172;286.19;0.65;71;5883.63;5689;3527;0.87;44;10;196;85;2.95;12.98;0.08;0.6095900497646931;0.4812778809151617;PRODUCT_2122;12;-171.2299999999999;115964;13.177185445165584;Standard;0.4911913208755409;381.8;4.10865680971562;0.5231997573877094
7196;Product_7196;Sports;Sports;BrandE;269.95;0.02;264.55;12;4.53;2073;Supplier_32;India;London;14;1;0.03;1;2012;36.76;76.02;Green;Wood;1;564;2250;204;0.32;242.3;90211.55;1082538.6;69902;25483;22307;0.133;99.42;0.62;55;2446.2;4319;2356;0.97;48;10;114;-44;3.12;44.61;0.19;0.578308355636639;0.4570749730489251;PRODUCT_7196;12;22.25;117692;10.407582302992576;Standard;0.500088308223788;700.9;4.419640938792016;0.5230779509323873
552;Product_552;Clothing;Electronics;BrandE;380.71;0.18;312.18;656;4.82;4319;Supplier_49;India;Shanghai;9;9;0.02;0;2013;16.29;56.1;White;Plastic;3;89;1947;8703;0.28;202.61;135798.3;1629579.6;99146;43074;21099;0.151;216.82;0.78;70;2191.8;8341;2273;0.72;3;45;53;-43;4.65;14.87;0.18;0.6984575239459686;0.5564568225965847;PRODUCT_552;11;109.57;163319;6.989957543870463;High_Margin;0.4346569176954877;632.1;3.814813909081817;0.5221218976028132
4412;Product_4412;Beauty;Sports;BrandC;791.11;0.11;704.09;698;4.02;237;Supplier_39;UK;Berlin;10;5;0.09;0;2019;19.03;14.97;Green;Fabric;2;749;824;5244;0.22;590.05;339371.38;4072456.56;70210;15187;14573;0.147;280.74;0.37;51;2431.21;5596;3659;0.54;11;61;37;-90;3.89;1.59;0.13;0.7482906016059718;0.7704449446006368;PRODUCT_4412;12;114.04000000000008;99970;6.715447277202197;Standard;0.4275714973057725;247.8;4.29929092625265;0.5218214632968512
6321;Product_6321;Beauty;Electronics;BrandD;895.22;0.08;823.6;762;4.14;4533;Supplier_11;China;New York;10;5;0.27;1;2021;43.86;25.4;Black;Wood;0;860;2352;4913;0.28;753.13;193546.0;2322552.0;24037;36590;5790;0.012;229.31;0.23;91;2636.63;9201;397;0.63;40;74;15;55;4.25;23.64;0.17;0.5425271350256154;0.5480164529267992;PRODUCT_6321;12;70.47000000000003;66417;7.927990947327017;Standard;0.4545499836752762;555.3;4.663685112167564;0.5216112607815397
1428;Product_1428;Beauty;Home;BrandC;833.61;0.26;616.87;243;4.51;500;Supplier_25;UK;Mumbai;16;6;0.12;0;2022;25.57;13.0;Green;Plastic;0;387;1834;4797;0.3;692.84;130159.57;1561914.84;55609;16976;16068;0.172;212.91;0.88;96;8196.56;99;1978;0.95;55;39;126;6;4.81;44.58;0.07;0.5818141958214795;0.5026643433330414;PRODUCT_1428;12;-75.97000000000003;88653;9.452461543126056;Standard;0.4562072191873743;496.5;4.2494570010689685;0.5212309632423218
4617;Product_4617;Beauty;Electronics;BrandA;822.35;0.44;460.52;684;4.19;1160;Supplier_31;China;Shanghai;8;6;0.22;0;2016;4.79;83.91;Black;Plastic;0;562;362;8848;0.07;582.58;86577.76;1038933.12;74250;45903;23996;0.034;76.65;0.44;71;2690.53;2872;578;1.0;45;58;101;-61;1.63;8.75;0.11;0.5567405607452708;0.4328805907930331;PRODUCT_4617;12;-122.06000000000006;144149;1.9207076460411063;Standard;0.226029209482811;120.0;4.3329562957003205;0.5212256837168311
1472;Product_1472;Toys;Electronics;BrandC;693.38;0.24;526.97;378;4.5;304;Supplier_23;China;New York;8;11;0.1;1;2013;39.21;86.51;Blue;Metal;0;372;444;4557;0.13;468.78;117514.31;1410171.72;71305;31846;11974;0.049;86.98;0.41;54;4784.49;1317;223;0.58;26;32;128;-45;4.53;41.7;0.09;0.60174463679293;0.4938921768546702;PRODUCT_1472;12;58.190000000000055;115125;3.633865420890722;Standard;0.3182258026658481;181.2;4.257954697217318;0.5209250657983822
5624;Product_5624;Beauty;Clothing;BrandB;886.99;0.04;851.51;809;4.25;3321;Supplier_45;UK;Shanghai;11;9;0.12;0;2010;37.99;50.45;White;Plastic;5;655;2354;6500;0.44;624.56;232462.23;2789546.76;43359;30012;886;0.151;202.01;0.74;100;2956.38;5303;620;1.34;18;2;183;9;3.75;48.44;0.19;0.6228027470335586;0.6206657605230343;PRODUCT_5624;12;226.95000000000005;74257;13.960617897299588;Standard;0.5851878781442603;592.6;4.43289924258241;0.5206584918363346
461;Product_461;Beauty;Clothing;BrandE;829.77;0.13;721.9;698;4.66;3681;Supplier_26;UK;Shanghai;5;2;0.12;1;2016;28.22;59.14;White;Plastic;3;54;788;3350;0.07;514.88;180475.0;2165700.0;90930;47482;13503;0.163;53.18;0.7;88;260.62;5512;575;1.12;57;43;157;-96;1.12;35.91;0.15;0.7069078259898797;0.6032961826157651;PRODUCT_461;11;207.02;151915;1.520264394881554;Standard;0.2739112365822689;260.8;3.571369653725673;0.5205236812397471
5850;Product_5850;Home;Beauty;BrandA;506.67;0.13;440.8;817;4.91;4321;Supplier_3;India;Mumbai;13;1;0.26;0;2017;40.02;80.33;Blue;Metal;0;396;1787;8603;0.17;321.8;118134.4;1417612.8;20842;35520;7271;0.113;244.41;0.9;97;5810.75;4729;1383;0.59;17;6;94;-95;1.16;32.24;0.15;0.534126541130969;0.4907104977708917;PRODUCT_5850;12;119.0;63633;5.559203065813923;Standard;0.4653752882491001;548.9;4.69842471858905;0.520446697013145
946;Product_946;Beauty;Home;BrandE;669.35;0.34;441.77;799;4.13;4713;Supplier_12;China;London;4;2;0.07;1;2015;48.35;54.58;Green;Plastic;2;631;1188;992;0.07;338.54;150201.8;1802421.6;83418;18975;10840;0.111;144.97;0.82;71;3562.51;2283;2972;0.87;26;37;74;79;1.65;38.07;0.15;0.6239461476624903;0.5228501619199502;PRODUCT_946;11;103.22999999999996;113233;2.071319429394969;Standard;0.2521305702974472;326.7;4.277049535979969;0.5198947309078207
3741;Product_3741;Home;Home;BrandA;682.98;0.37;430.28;116;4.35;2794;Supplier_16;India;Berlin;5;1;0.14;0;2017;2.68;0.81;White;Metal;5;531;682;3007;0.15;381.24;123060.08;1476720.96;66416;31172;25415;0.162;249.55;0.83;75;5145.54;2747;2591;0.92;54;28;14;47;4.08;44.19;0.19;0.5846430232387548;0.4890556718903601;PRODUCT_3741;12;49.03999999999997;123003;4.758982476836281;Standard;0.3361543314840546;250.1;4.344526342978287;0.5195744483159801
5153;Product_5153;Electronics;Clothing;BrandB;902.51;0.16;758.11;928;4.72;3526;Supplier_4;USA;Berlin;17;8;0.09;1;2021;3.96;20.69;Blue;Wood;1;356;105;7707;0.49;512.2;307034.55;3684414.6;22581;2475;3675;0.036;50.57;0.11;63;4327.38;2855;1024;0.98;54;46;61;2;4.47;15.08;0.06;0.6817422158184807;0.7417808664514036;PRODUCT_5153;12;245.91;28731;14.083412299479546;Premium;0.6864584930479096;91.4;4.261015396809106;0.5190881300895012
2025;Product_2025;Electronics;Beauty;BrandE;366.77;0.32;249.4;528;4.22;4368;Supplier_39;UK;Shanghai;8;6;0.29;1;2015;48.73;46.41;Green;Fabric;0;697;1702;8042;0.25;191.86;3741.0;44892.0;83017;28687;18125;0.169;48.17;0.42;93;152.75;558;4218;0.51;37;83;119;19;1.54;43.46;0.08;0.506804438388;0.3250870495718488;PRODUCT_2025;12;57.53999999999999;129829;8.07588587834132;Standard;0.3628005684913911;505.3;4.376398787014823;0.5184758556756538
6277;Product_6277;Beauty;Beauty;BrandB;979.33;0.13;852.02;125;4.15;2527;Supplier_40;China;Mumbai;7;4;0.01;1;2014;26.09;70.55;White;Metal;2;541;2571;9599;0.15;736.82;331435.78;3977229.36;69388;41302;18876;0.156;118.33;0.35;75;8570.57;3621;211;1.45;21;28;127;-23;2.72;47.0;0.07;0.7503526815620121;0.7672573349063958;PRODUCT_6277;12;115.19999999999992;129566;4.5301363672959845;Standard;0.3663870867932572;617.1;4.297152921588137;0.5184155390685848
8205;Product_8205;Electronics;Home;BrandB;714.19;0.29;507.07;364;4.73;3685;Supplier_5;India;London;9;9;0.29;1;2015;2.17;80.52;Green;Metal;1;421;1290;5379;0.12;582.33;87723.11;1052677.32;25169;11901;9593;0.072;134.41;0.55;90;2580.26;9844;3677;0.86;34;58;91;-100;3.78;18.0;0.08;0.5027299362117805;0.4395772786467813;PRODUCT_8205;12;-75.26000000000005;46663;3.678187457416613;Standard;0.3728163020208824;364.6;4.404570841097738;0.5183588466313034
6483;Product_6483;Clothing;Toys;BrandC;531.02;0.08;488.54;123;4.88;37;Supplier_24;China;Shanghai;19;14;0.23;1;2018;16.64;21.46;Green;Metal;2;343;1958;2256;0.17;384.37;118715.22;1424582.64;31132;29795;13187;0.015;269.5;0.31;80;8631.08;1158;2043;0.89;12;18;19;59;4.42;19.95;0.22;0.5527995498840015;0.4957715818886394;PRODUCT_6483;12;104.17000000000002;74114;4.918077263741325;Standard;0.4375364094832943;556.5;4.479667430005765;0.5176206054278406
7815;Product_7815;Beauty;Clothing;BrandC;950.7;0.05;903.16;51;4.23;2263;Supplier_33;India;London;18;2;0.16;1;2012;41.96;98.66;Green;Metal;4;402;559;4211;0.47;811.89;139989.8;1679877.6;83489;1901;13495;0.199;98.9;0.58;84;7462.89;9355;1553;1.18;12;7;76;86;4.57;45.73;0.12;0.6234743536483914;0.5151188688955537;PRODUCT_7815;12;91.26999999999998;98885;14.299856448788637;Standard;0.50487565773741;203.7;4.096128518105938;0.5175386773454635
6144;Product_6144;Beauty;Beauty;BrandE;162.32;0.07;150.96;201;4.71;4691;Supplier_32;Germany;New York;19;9;0.25;1;2022;7.03;43.62;Green;Wood;2;575;2994;6409;0.09;105.36;44986.08;539832.96;47036;13361;20171;0.098;38.06;0.66;54;9482.61;3629;1169;1.16;56;16;66;23;1.85;27.37;0.21;0.5088218404579417;0.3921019416321345;PRODUCT_6144;12;45.60000000000001;80568;2.9584007330311497;Standard;0.3639639086017065;842.7;4.483254868003163;0.5172714398353608
4157;Product_4157;Home;Toys;BrandC;789.19;0.35;512.97;811;4.93;4930;Supplier_30;China;New York;6;14;0.2;0;2021;25.7;20.8;Blue;Wood;2;125;2908;8163;0.35;482.78;203136.12;2437633.44;39361;35016;29728;0.185;66.97;0.71;87;6512.61;3592;2310;0.97;48;37;3;-50;4.19;8.74;0.09;0.64446899285955;0.6210829839839888;PRODUCT_4157;12;30.19000000000005;104105;9.888830250077058;High_Margin;0.5564621843164083;787.7;4.08443507166502;0.5164931901508723
2168;Product_2168;Toys;Home;BrandE;917.7;0.3;642.39;654;4.75;342;Supplier_13;India;London;8;9;0.16;0;2024;35.11;78.49;Black;Fabric;4;303;2390;4695;0.15;700.34;109848.69;1318184.28;24726;23773;26955;0.044;126.55;0.59;89;2640.59;9048;1519;0.88;35;80;156;-84;3.74;32.34;0.17;0.5221067155429218;0.4713009712254015;PRODUCT_2168;12;-57.950000000000045;75454;4.252611055691019;Standard;0.3784983523758995;580.2;4.379102595566938;0.5164920817130293
2650;Product_2650;Beauty;Toys;BrandA;883.41;0.41;521.21;908;4.2;3872;Supplier_4;UK;New York;10;10;0.19;0;2011;13.39;63.27;Green;Fabric;2;508;676;7331;0.21;769.81;228811.19;2745734.28;74082;43072;7688;0.155;243.55;0.58;57;239.13;6589;3586;1.03;28;36;66;-35;1.18;30.52;0.09;0.677178315465532;0.6308348099755973;PRODUCT_2650;12;-248.5999999999999;124842;6.349057118940183;Standard;0.3732611066081934;221.5;4.289261164450721;0.5152917319816562
2490;Product_2490;Beauty;Clothing;BrandD;686.08;0.14;590.03;808;4.7;4017;Supplier_15;India;London;18;2;0.15;0;2015;40.52;77.99;Red;Wood;4;197;1680;668;0.22;394.11;107975.49;1295705.88;69266;14993;10531;0.058;29.61;0.81;85;1792.99;3617;3682;1.03;37;7;157;62;1.89;49.8;0.24;0.6056200365733397;0.4922290442355516;PRODUCT_2490;12;195.92;94790;5.785216060102963;Standard;0.3830892839846064;449.0;4.038597893038938;0.51488177898901
2047;Product_2047;Sports;Clothing;BrandB;920.15;0.15;782.13;940;4.61;3686;Supplier_18;USA;New York;7;8;0.09;1;2024;32.39;49.08;White;Metal;2;27;1419;3009;0.25;513.68;75084.48;901013.76;92770;31934;7941;0.044;256.71;0.23;85;5314.89;305;4395;1.21;37;62;124;-2;3.45;19.34;0.22;0.6176915434199676;0.454921986527725;PRODUCT_2047;12;268.45000000000005;132645;4.009341788687908;Standard;0.2926379251131977;369.8;3.245727336030845;0.5148549449955802
563;Product_563;Clothing;Electronics;BrandC;451.64;0.14;388.41;953;4.59;4918;Supplier_27;Germany;Shanghai;16;13;0.1;1;2011;40.76;31.82;Red;Fabric;1;304;52;3484;0.09;384.04;36122.13;433465.56;86610;9585;18956;0.091;98.88;0.7;88;9384.17;1401;3527;0.54;17;35;121;-31;2.69;19.46;0.17;0.570904978414584;0.3958670507396308;PRODUCT_563;11;4.3700000000000045;115151;2.5780993272539248;Standard;0.2700456263810267;149.9;4.1462584134486455;0.514454098705429
5368;Product_5368;Toys;Beauty;BrandD;507.4;0.42;294.29;603;4.05;4386;Supplier_5;USA;London;19;2;0.22;0;2022;15.87;98.77;White;Fabric;0;914;2619;5621;0.22;376.47;134196.24;1610354.88;56740;41818;24199;0.163;43.42;0.87;50;6470.87;8337;1957;1.47;32;47;105;-90;2.22;30.91;0.11;0.5506814636757961;0.4795058021450672;PRODUCT_5368;12;-82.18;122757;7.065994140932649;Standard;0.3925838084415275;676.7;4.494971811517329;0.5137596713856656
5609;Product_5609;Beauty;Electronics;BrandA;389.92;0.04;374.32;663;4.09;1149;Supplier_33;UK;Mumbai;14;14;0.09;0;2024;30.2;60.36;Blue;Metal;1;698;2301;4187;0.16;230.23;23582.16;282985.92;98043;8568;21481;0.133;186.73;0.21;63;8589.92;2799;2069;1.42;43;16;113;18;4.17;8.09;0.14;0.5431969523402692;0.3533228393771634;PRODUCT_5609;12;144.09;128092;4.856141607998274;Standard;0.2683788245791706;591.0;4.273338342240974;0.5136037693502047
5783;Product_5783;Toys;Clothing;BrandD;800.79;0.35;520.51;383;4.53;955;Supplier_50;Germany;Shanghai;19;8;0.15;0;2013;22.06;71.01;Red;Wood;3;201;460;1240;0.27;531.51;205601.45;2467217.4;83906;38886;2465;0.055;280.96;0.27;66;9994.3;288;4123;1.05;36;76;90;-54;2.84;34.88;0.09;0.7036518626060704;0.6256357855905538;PRODUCT_5783;12;-11.0;125257;6.849632042829442;High_Margin;0.4070189825804901;168.3;4.027996517141304;0.513596535185034
9532;Product_9532;Beauty;Home;BrandE;847.5;0.37;533.92;135;4.23;3251;Supplier_48;China;New York;3;2;0.19;0;2012;33.97;37.82;Blue;Metal;3;896;2728;2502;0.35;642.09;252544.16;3030529.92;4232;25225;18014;0.04;269.06;0.68;92;2022.36;940;2446;1.04;41;54;141;-3;2.59;50.0;0.23;0.559876101986018;0.623779056179919;PRODUCT_9532;12;-108.17000000000009;47471;10.46864229192917;Standard;0.5624910524257772;648.2;5.603730095296108;0.513556224191612
4043;Product_4043;Electronics;Toys;BrandA;417.37;0.13;363.11;898;4.18;4044;Supplier_24;UK;Mumbai;14;1;0.03;0;2020;3.06;65.82;Blue;Plastic;4;690;2419;3587;0.41;294.89;105301.9;1263622.8;83481;39095;12296;0.083;49.21;0.72;84;5331.84;8089;828;1.37;42;66;200;-9;3.42;42.45;0.16;0.5901991302977008;0.4637684742144296;PRODUCT_4043;12;68.22000000000003;134872;12.135084344460791;Standard;0.4895134552986611;625.8;4.380917960388346;0.5133667060155493
2674;Product_2674;Electronics;Sports;BrandE;972.75;0.38;603.11;954;4.46;811;Supplier_24;China;London;5;3;0.29;0;2014;49.96;99.5;Blue;Plastic;2;379;2029;2092;0.32;668.17;270193.28;3242319.36;48844;22283;7358;0.06;87.79;0.37;76;7512.16;8215;1101;1.18;56;24;117;-88;3.01;10.46;0.14;0.682400508764322;0.6897666341467927;PRODUCT_2674;12;-65.05999999999995;78485;8.986481156595556;Standard;0.4945243878784015;496.8;4.251310004650534;0.5131042348978859
8262;Product_8262;Clothing;Sports;BrandA;986.92;0.34;651.37;748;4.95;2266;Supplier_36;Germany;New York;5;3;0.26;1;2014;9.17;65.19;Blue;Plastic;0;224;1306;9241;0.23;882.76;218208.95;2618507.4;798;10573;3438;0.017;105.54;0.42;68;7857.59;8185;4920;1.38;12;7;24;-100;1.32;19.25;0.18;0.5816453444653348;0.6201422745172376;PRODUCT_8262;12;-231.39;14809;6.271056223144198;Premium;0.5048548113469296;355.7;6.796314847598561;0.5128875085941347
1922;Product_1922;Home;Sports;BrandC;857.3;0.2;685.84;487;4.45;718;Supplier_19;India;Mumbai;20;5;0.16;0;2023;9.97;64.85;Blue;Wood;3;487;102;5836;0.2;577.41;337433.28;4049199.36;40928;5808;6441;0.111;126.97;0.41;89;6984.88;52;3412;0.71;50;18;19;-81;4.57;48.49;0.17;0.7224830296063718;0.7777030937002316;PRODUCT_1922;12;108.43000000000006;53177;6.120921970153535;Standard;0.4693317863661572;85.6;4.284507710425701;0.5125036375930133
3761;Product_3761;Sports;Sports;BrandA;937.86;0.02;919.1;63;4.27;1800;Supplier_47;USA;Shanghai;17;11;0.02;0;2010;36.93;2.14;White;Metal;5;751;2002;1630;0.29;596.8;380507.4;4566088.8;15017;14900;1438;0.177;97.11;0.84;81;9061.32;5316;3123;1.41;9;7;147;88;4.42;20.12;0.12;0.6925862471726124;0.8104195358497004;PRODUCT_3761;12;322.30000000000007;31355;9.65249977696772;Standard;0.5681162774145796;516.3;4.555536295578471;0.5118347000583314
888;Product_888;Electronics;Electronics;BrandB;833.92;0.0;833.92;840;4.45;1131;Supplier_9;India;London;6;14;0.27;1;2015;19.75;72.72;Red;Plastic;3;636;356;8240;0.31;720.46;185964.16;2231569.92;16616;34607;15805;0.18;85.6;0.8;87;5454.22;1092;913;1.05;21;77;63;-4;1.39;24.48;0.25;0.5460876313131563;0.5528798557607961;PRODUCT_888;11;113.45999999999992;67028;10.510394213036925;Standard;0.5314645865205532;159.7;4.779258175180238;0.5117894422981395
9070;Product_9070;Beauty;Electronics;BrandD;780.73;0.12;687.04;548;4.32;500;Supplier_12;USA;Mumbai;11;8;0.15;0;2012;25.17;24.7;Green;Metal;0;620;2725;6338;0.17;548.75;342145.92;4105751.04;43405;34114;23557;0.048;23.85;0.65;95;8855.5;2949;715;0.93;49;39;104;68;1.41;47.15;0.08;0.7210128815739145;0.7774104964267763;PRODUCT_9070;12;138.28999999999996;101076;4.9498816848074005;Standard;0.4402744383146153;661.3;4.4577216966830795;0.5117884076766755
5123;Product_5123;Home;Beauty;BrandC;368.85;0.47;195.49;924;4.74;2356;Supplier_27;USA;Berlin;20;11;0.24;1;2015;29.92;92.11;Red;Wood;2;339;1440;8310;0.4;197.23;8406.07;100872.84;63532;14584;21495;0.182;60.58;0.14;73;4472.01;1870;2047;1.37;46;80;196;-29;4.96;13.72;0.23;0.5133635755032342;0.3531492499229208;PRODUCT_5123;12;-1.739999999999981;99611;13.063086813148944;Standard;0.5344858355324288;492.2;4.273488969199847;0.511725387686428
770;Product_770;Home;Home;BrandA;461.67;0.19;373.95;341;4.57;1801;Supplier_19;India;New York;3;8;0.15;1;2018;46.48;10.59;White;Plastic;0;260;1468;1211;0.15;278.11;66189.15;794269.8;95045;27086;19830;0.147;100.95;0.56;58;5688.3;8602;4567;1.32;20;70;70;2;2.78;39.21;0.1;0.6115390209884382;0.4413807838773423;PRODUCT_770;11;95.83999999999996;141961;4.375207113885003;Standard;0.3090887797640879;456.7;4.110804322642898;0.5116606996767533
2779;Product_2779;Beauty;Toys;BrandC;798.41;0.07;742.52;25;4.82;140;Supplier_44;UK;Mumbai;13;14;0.14;1;2022;34.35;39.8;White;Fabric;4;393;1698;9469;0.35;670.03;129941.0;1559292.0;6067;15975;26900;0.134;172.76;0.56;94;5382.96;3112;2934;1.42;32;31;76;-19;1.46;45.6;0.22;0.5073309673397867;0.4924713163561948;PRODUCT_2779;12;72.49000000000001;48942;11.433105917839686;Standard;0.5772441643235269;501.3;4.8451597802347495;0.5115391133908926
3365;Product_3365;Clothing;Toys;BrandA;842.21;0.35;547.44;811;4.72;1607;Supplier_18;China;New York;3;6;0.02;0;2022;0.48;53.76;Blue;Fabric;4;171;258;353;0.39;728.92;182844.96;2194139.52;55848;21370;24822;0.128;86.41;0.19;75;4095.51;3891;482;0.57;9;40;99;90;1.85;30.21;0.15;0.6435323595200572;0.5893732464873529;PRODUCT_3365;12;-181.4799999999999;102040;10.688372835531736;Premium;0.5258429063322402;139.8;4.023526941276878;0.5111228342944317
2989;Product_2989;Home;Clothing;BrandB;865.49;0.24;657.77;841;4.56;4591;Supplier_23;USA;New York;10;1;0.21;1;2019;14.02;80.3;Red;Wood;1;480;1477;6973;0.17;641.82;123660.76;1483929.12;24204;20551;16787;0.199;93.71;0.56;60;1927.08;3628;547;0.59;21;12;99;78;1.24;22.93;0.2;0.5175130309258464;0.477998395105749;PRODUCT_2989;12;15.949999999999932;61542;5.740251237035397;Standard;0.3987805102941996;410.1;4.464161814669309;0.5110755803650837
6395;Product_6395;Beauty;Beauty;BrandB;839.16;0.14;721.68;302;4.93;1465;Supplier_23;USA;Mumbai;17;12;0.18;1;2014;31.8;88.89;Black;Fabric;1;229;1134;3039;0.17;643.44;151552.8;1818633.6;14348;26886;19206;0.042;62.97;0.14;77;8937.23;6632;856;1.45;47;86;25;68;1.87;39.33;0.19;0.5509249911697832;0.5344770855128789;PRODUCT_6395;12;78.2399999999999;60440;4.749075748098488;Standard;0.437698691438452;318.5;4.522001726357124;0.5109659616840879
8023;Product_8023;Sports;Sports;BrandC;161.87;0.21;127.88;200;4.49;4966;Supplier_2;Germany;Shanghai;7;12;0.23;0;2021;7.96;28.73;Red;Metal;0;589;1356;7539;0.41;99.48;7544.92;90539.04;74431;45831;14588;0.089;199.0;0.33;83;9933.1;170;3281;1.18;43;69;181;25;3.11;13.81;0.1;0.5144384662322969;0.3424943848498861;PRODUCT_8023;12;28.39999999999999;134850;12.790487492636688;Standard;0.5190851966755985;471.7;4.4711993150380165;0.5106195013871182
8362;Product_8362;Clothing;Beauty;BrandE;724.65;0.14;623.2;24;4.85;1423;Supplier_5;China;Mumbai;19;9;0.08;1;2010;28.6;20.78;Black;Wood;5;316;2565;422;0.33;612.98;149568.0;1794816.0;20641;42523;11702;0.108;73.48;0.37;94;4947.7;1647;3420;1.27;19;21;39;-89;1.95;3.75;0.09;0.5554387018518586;0.5303786188734878;PRODUCT_8362;12;10.220000000000027;74866;10.212571496312371;Standard;0.5538960999087825;689.2;4.65558532076161;0.5105775733369975
5907;Product_5907;Beauty;Electronics;BrandC;556.49;0.09;506.41;871;4.86;788;Supplier_45;USA;Berlin;20;9;0.13;0;2025;1.03;58.31;Black;Wood;1;359;2628;2992;0.28;286.58;199019.13;2388229.56;25606;21118;3994;0.017;55.4;0.51;60;3029.79;1003;2254;0.74;46;62;63;-36;1.59;47.57;0.05;0.6078821873696294;0.6026345074861432;PRODUCT_5907;12;219.83000000000004;50718;8.145977142219328;Standard;0.5415884278663713;714.9;4.463387328427911;0.5103273538841016
4745;Product_4745;Clothing;Electronics;BrandA;393.29;0.34;259.57;10;4.38;3001;Supplier_49;China;New York;4;13;0.1;1;2012;6.79;9.24;White;Fabric;1;553;2828;7254;0.2;251.88;4153.12;49837.44;77715;33583;25456;0.172;119.7;0.18;98;1547.82;3241;1596;1.46;27;100;176;-75;3.31;25.05;0.2;0.5093464704996841;0.3327173804897732;PRODUCT_4745;12;7.689999999999998;136754;6.485656103272207;Standard;0.338916817534909;749.2;4.365291918577187;0.510300240029353
1661;Product_1661;Beauty;Sports;BrandE;151.02;0.04;144.98;282;4.96;3568;Supplier_11;Germany;Shanghai;1;12;0.04;1;2023;24.49;23.45;Red;Metal;5;150;2104;3163;0.44;134.05;33345.4;400144.8;80788;24209;5575;0.161;67.54;0.29;92;9241.08;3302;4089;0.68;52;30;11;50;1.16;21.93;0.13;0.5865170616146395;0.4121993223994319;PRODUCT_1661;12;10.929999999999978;110572;12.712615069919138;High_Margin;0.565536155050957;750.2;4.050844102869753;0.5102167365317838
8390;Product_8390;Toys;Beauty;BrandD;472.91;0.43;269.56;307;4.73;2055;Supplier_31;Germany;Shanghai;20;4;0.03;1;2017;34.79;42.51;Red;Metal;3;225;566;5660;0.44;280.45;90033.04;1080396.48;75315;2365;11041;0.114;230.62;0.18;87;872.68;6308;1051;0.84;13;29;174;46;4.09;12.13;0.12;0.604985406712077;0.4728754946452592;PRODUCT_8390;12;-10.889999999999986;88721;12.56727622870083;High_Margin;0.5426095057860271;275.1;4.066494289159888;0.510033079261619
5723;Product_5723;Home;Home;BrandD;468.95;0.31;323.58;431;4.76;4318;Supplier_48;China;Mumbai;8;6;0.24;1;2013;28.95;39.07;White;Wood;1;113;631;3657;0.41;258.09;157259.88;1887118.56;90428;2902;4854;0.13;198.99;0.4;65;9183.92;8629;2091;0.77;34;82;87;10;4.75;20.94;0.19;0.694321736839199;0.5771731614991596;PRODUCT_5723;12;65.49000000000001;98184;10.444776327831963;High_Margin;0.5149216054576663;289.2;3.8048977453506323;0.5096614840499614
4530;Product_4530;Clothing;Clothing;BrandB;777.61;0.24;590.98;179;4.13;1258;Supplier_12;Germany;Shanghai;3;9;0.24;0;2019;43.21;69.69;Blue;Fabric;0;585;946;6996;0.43;517.79;44914.48;538973.76;77248;29218;452;0.153;89.31;0.74;76;5007.74;7096;2612;1.5;50;44;167;29;3.3;29.31;0.15;0.5227945108645404;0.3730124828202008;PRODUCT_4530;12;73.19000000000005;106918;13.050090542299218;Standard;0.4505739107212384;295.1;4.276975181779438;0.5095992523006846
3737;Product_3737;Home;Sports;BrandE;628.2;0.1;565.38;102;4.04;1940;Supplier_12;USA;Berlin;3;6;0.21;0;2017;9.35;33.76;Blue;Plastic;3;794;2194;2678;0.25;506.97;198448.38;2381380.56;66860;37849;1826;0.178;259.41;0.37;96;5331.93;2275;2878;0.83;45;28;197;-100;4.63;40.4;0.22;0.6243211381748351;0.5741184398327176;PRODUCT_3737;12;58.40999999999997;106535;7.945757881173431;Standard;0.4116267974128766;557.3;4.400555511730713;0.5094371596234684
9537;Product_9537;Electronics;Sports;BrandD;757.45;0.06;712.0;639;4.1;4254;Supplier_18;USA;Shanghai;11;10;0.05;1;2013;10.38;31.59;White;Fabric;2;891;2261;4984;0.2;618.73;186544.0;2238528.0;30121;22009;11395;0.13;234.54;0.71;89;1712.89;8511;4461;0.53;25;67;142;-64;1.37;11.3;0.05;0.5455907780815267;0.5393888690661728;PRODUCT_9537;12;93.26999999999998;63525;6.294825718448636;Standard;0.4049408133497546;559.2;4.503523699471365;0.5093824293793153
7336;Product_7336;Toys;Clothing;BrandB;873.88;0.19;707.84;898;4.2;3201;Supplier_37;Germany;New York;4;4;0.11;0;2019;10.69;61.67;Black;Fabric;0;425;1367;9766;0.18;647.55;186161.92;2233943.04;86272;20724;29024;0.115;203.84;0.42;64;7662.86;6716;80;1.18;15;33;150;6;1.33;46.48;0.06;0.6655873416787329;0.5789542097158703;PRODUCT_7336;12;60.29000000000008;136020;5.103529102544304;Standard;0.3139430547427414;359.7;4.149819136133862;0.5091622155777142
8035;Product_8035;Clothing;Clothing;BrandB;680.87;0.35;442.57;711;4.04;3411;Supplier_33;USA;Mumbai;14;3;0.13;0;2024;25.41;34.87;Red;Fabric;0;612;397;7127;0.07;587.92;66385.5;796626.0;93817;29459;27748;0.162;133.65;0.23;93;6309.54;3257;456;0.78;59;70;120;74;2.66;20.08;0.08;0.566848273629679;0.4069964002845736;PRODUCT_8035;12;-145.34999999999997;151024;2.109162007711768;Standard;0.1930935700197672;167.9;4.246146959270612;0.5088555109166322
1360;Product_1360;Beauty;Beauty;BrandC;990.6502;0.17;824.29;997;4.49;2480;Supplier_39;China;Shanghai;3;5;0.21;1;2018;1.43;38.5;Red;Plastic;3;228;2691;7774;0.42;803.81;362687.6;4352251.2;66914;2393;28049;0.058;199.16;0.75;91;8201.64;2634;693;0.93;59;36;78;90;4.48;33.57;0.19;0.7989648289695576;0.8309091471157319;PRODUCT_1360;12;20.480000000000015;97356;10.841233905652135;High_Margin;0.5591949642315415;640.2;3.9766412657789307;0.5087107334637124
2558;Product_2558;Toys;Toys;BrandD;516.03;0.26;381.86;181;4.66;944;Supplier_39;UK;London;3;2;0.18;0;2021;47.76;22.7;Blue;Metal;0;135;1472;9568;0.44;340.37;1527.44;18329.28;97035;3002;14328;0.093;222.04;0.88;74;7945.45;3521;117;0.57;7;5;117;-7;1.11;38.14;0.1;0.5681775080074525;0.3585867673946482;PRODUCT_2558;12;41.49000000000001;114365;11.00968798244053;High_Margin;0.4479668292609507;471.4;3.8352494124280843;0.5083120248565735
6143;Product_6143;Electronics;Electronics;BrandC;670.66;0.12;590.18;419;4.28;1295;Supplier_4;China;Mumbai;8;12;0.28;1;2019;11.79;59.65;Black;Metal;2;530;264;6877;0.11;338.58;172332.56;2067990.72;72558;22194;25075;0.156;249.41;0.45;58;2551.68;2413;3224;1.06;58;5;0;-61;3.14;12.76;0.12;0.6328901707514067;0.5566499064870436;PRODUCT_6143;12;251.6;119827;3.4150066012984146;Standard;0.3081253968137725;159.6;4.2830806953734815;0.5083078650415284
2784;Product_2784;Electronics;Electronics;BrandA;405.94;0.41;239.5;782;4.95;2725;Supplier_10;China;New York;18;11;0.23;0;2012;17.15;39.98;Red;Plastic;4;120;884;7604;0.28;360.18;28261.0;339132.0;65124;37793;1395;0.187;159.76;0.42;87;243.93;6546;2007;1.21;54;58;16;80;1.03;35.35;0.14;0.5500956736368715;0.3951025427660255;PRODUCT_2784;12;-120.68;104312;7.889948281385939;High_Margin;0.4451093223987222;401.7;4.0143809562769;0.5080944054622321
5352;Product_5352;Sports;Electronics;BrandA;249.42;0.26;184.57;364;4.03;1076;Supplier_29;USA;Berlin;10;6;0.29;1;2017;35.65;6.74;Red;Wood;5;890;1700;8400;0.42;194.5;56847.56;682170.72;82501;37707;4620;0.106;133.1;0.54;78;3753.66;8039;2287;1.02;21;99;18;19;4.87;28.24;0.07;0.5353676321719851;0.3863274540194686;PRODUCT_5352;12;-9.930000000000009;124828;12.715374728798423;Standard;0.4837121483202122;510.6;4.420347572081644;0.5076961765267679
6372;Product_6372;Electronics;Electronics;BrandD;927.49;0.07;862.57;315;4.21;3189;Supplier_38;India;Shanghai;20;4;0.18;0;2022;3.76;15.27;Blue;Fabric;0;501;2684;1315;0.4;822.08;331226.88;3974722.56;66314;15930;4133;0.132;191.16;0.4;57;4002.78;593;4564;0.99;50;15;84;98;3.3;11.15;0.23;0.7488275522103648;0.7689627122993024;PRODUCT_6372;12;40.49000000000001;86377;11.85444278496691;Standard;0.5418947690556983;651.4;4.21948420144909;0.507652099637371
3013;Product_3013;Electronics;Sports;BrandD;220.38;0.1;198.34;425;4.29;3907;Supplier_27;India;Mumbai;8;11;0.21;1;2020;3.14;39.4;White;Metal;2;601;2992;7078;0.24;141.89;31337.72;376052.64;96050;34167;22421;0.09;255.52;0.71;79;1037.53;1491;4484;0.83;30;55;176;82;3.28;41.52;0.07;0.5617521641353529;0.3756913064500689;PRODUCT_3013;12;56.45000000000002;152638;7.182778521602059;Standard;0.3561649405732226;810.0;4.347247173854918;0.5076311288648516
5087;Product_5087;Electronics;Electronics;BrandA;715.05;0.37;450.48;266;4.95;2049;Supplier_1;UK;Shanghai;7;6;0.29;0;2017;25.16;13.66;White;Wood;0;250;1417;797;0.45;441.11;202265.52;2427186.24;16403;14170;24016;0.166;213.28;0.66;82;2128.15;1381;3493;1.12;43;85;74;74;4.61;12.86;0.18;0.5994117538960032;0.607377755053793;PRODUCT_5087;12;9.370000000000005;54589;14.35106552795411;High_Margin;0.6771936186657092;464.7;4.362954448834449;0.507601964246279
378;Product_378;Electronics;Home;BrandA;520.65;0.39;317.6;9;4.63;90;Supplier_8;India;Shanghai;12;2;0.06;1;2017;39.82;65.75;Red;Plastic;0;397;52;3389;0.09;343.19;117194.4;1406332.8;54807;31515;11918;0.134;21.37;0.85;60;9156.22;7630;3645;1.31;16;14;189;-14;1.25;30.83;0.11;0.5788738427747568;0.4918678679025947;PRODUCT_378;11;-25.58999999999997;98240;2.828824860382696;Standard;0.3346356456947595;149.9;4.361584360053454;0.5067257939142614
673;Product_673;Electronics;Beauty;BrandD;275.76;0.25;206.82;470;4.64;4411;Supplier_47;USA;London;13;5;0.07;0;2018;10.35;51.85;Blue;Fabric;5;326;2167;1224;0.14;194.63;66182.4;794188.8;85697;34518;613;0.188;260.62;0.4;61;9521.36;3383;1;0.84;55;15;28;9;2.69;35.39;0.24;0.5984345225471323;0.4402417736668232;PRODUCT_673;11;12.189999999999998;120828;4.468255854893649;Standard;0.3391880536369017;698.8;4.252542314271826;0.5058254482639579
257;Product_257;Sports;Home;BrandE;118.39;0.44;66.3;99;4.57;4043;Supplier_7;India;Mumbai;14;8;0.2;1;2017;12.43;71.79;Blue;Metal;3;571;2461;1680;0.4;87.92;9083.1;108997.2;66783;25680;28202;0.09;87.45;0.15;56;3870.52;8734;57;0.63;49;100;176;27;3.06;1.1;0.18;0.5068376253115044;0.3451598365561478;PRODUCT_257;11;-21.620000000000005;120665;12.650786423104078;Standard;0.531915395174338;746.7;4.444561395932002;0.5058195843482347
8431;Product_8431;Home;Clothing;BrandB;755.38;0.09;687.4;183;4.28;2051;Supplier_27;Germany;Berlin;8;14;0.15;0;2010;36.11;99.37;Green;Wood;5;445;2804;1359;0.08;571.26;320328.4;3843940.8;79005;41725;27332;0.155;72.36;0.3;92;2217.56;4415;722;1.12;18;86;130;-15;2.77;3.36;0.11;0.7706204993334818;0.7659317449759464;PRODUCT_8431;12;116.14;148062;2.412505336593279;Standard;0.327416100151957;709.9;4.2577538069962415;0.505796739771956
1875;Product_1875;Beauty;Electronics;BrandB;720.14;0.24;547.31;658;4.11;1544;Supplier_12;USA;Berlin;19;7;0.29;0;2018;11.2;98.34;Red;Fabric;0;923;1709;8701;0.44;560.07;178970.37;2147644.44;24379;18672;7404;0.121;123.48;0.43;68;2375.86;8558;84;1.25;24;27;174;5;1.11;20.73;0.11;0.5285167032742613;0.5260712182261611;PRODUCT_1875;12;-12.760000000000105;50455;13.84327710251;Standard;0.5805617534169422;446.5;4.528665845105257;0.5057675358353834
8211;Product_8211;Clothing;Electronics;BrandD;393.72;0.05;374.03;715;4.06;4995;Supplier_44;USA;Berlin;14;3;0.01;0;2012;11.77;61.95;White;Plastic;4;756;2076;3771;0.13;275.64;98743.92;1184927.04;88160;1123;2487;0.161;165.54;0.83;67;5232.75;6153;3731;0.56;46;31;106;-73;3.27;41.48;0.07;0.584426882369812;0.4497940481404541;PRODUCT_8211;12;98.39;91770;4.062313371115735;Standard;0.2831851082823027;559.0;4.2782929420283375;0.5055650137224236
1794;Product_1794;Clothing;Toys;BrandE;103.63;0.4;62.18;366;4.99;1067;Supplier_19;India;Berlin;11;6;0.03;0;2012;40.31;35.57;Blue;Plastic;4;127;1041;8443;0.48;67.12;1492.32;17907.84;81890;48089;14347;0.198;222.05;0.17;55;8478.99;4776;3529;1.18;10;22;53;98;1.77;2.4;0.13;0.5642533401288076;0.370569658806487;PRODUCT_1794;12;-4.940000000000005;144326;13.92265629999204;High_Margin;0.5834717841129204;519.8;4.054259901391513;0.5054808118210149
94;Product_94;Home;Electronics;BrandE;770.7;0.18;631.97;662;4.43;3274;Supplier_24;USA;London;7;1;0.27;0;2019;30.87;82.83;Black;Plastic;4;371;1220;3484;0.33;691.45;78996.25;947955.0;67823;61;28558;0.065;247.67;0.32;84;6062.89;4397;3878;0.93;8;5;173;-80;3.71;3.59;0.21;0.5566896336323323;0.433860941128928;PRODUCT_94;10;-59.48000000000002;96442;9.215264935723438;Standard;0.415614322899229;342.3;4.139737421690976;0.5053823956128667
8804;Product_8804;Home;Clothing;BrandB;966.67;0.13;841.0;877;4.32;3933;Supplier_35;China;London;12;11;0.2;1;2020;20.51;87.43;White;Metal;2;207;1420;3324;0.35;585.42;171564.0;2058768.0;96454;44349;4161;0.019;110.56;0.21;56;8225.83;2905;1288;1.33;34;4;117;-2;1.38;17.85;0.16;0.6832410607698316;0.5724829230064188;PRODUCT_8804;12;255.58000000000004;144964;8.22369437046205;High_Margin;0.3807089869552363;364.8;3.954974093099347;0.5053024639613382
4303;Product_4303;Home;Sports;BrandA;908.97;0.37;572.65;248;4.18;4156;Supplier_43;UK;Mumbai;8;3;0.02;1;2014;28.74;44.13;White;Wood;1;575;2709;6994;0.19;601.11;135718.05;1628616.6;57757;43549;8878;0.121;148.48;0.33;97;6857.75;1329;673;1.44;6;9;149;-21;2.03;16.39;0.05;0.5643994145606995;0.4905483128299348;PRODUCT_4303;12;-28.46000000000004;110184;5.658831209323762;Standard;0.3297894395086839;637.8;4.365243833016345;0.5041275439021384
6511;Product_6511;Toys;Sports;BrandE;785.51;0.18;644.12;498;4.12;784;Supplier_45;USA;London;5;14;0.23;1;2020;31.54;62.54;Red;Metal;2;630;1714;2494;0.23;544.68;151368.2;1816418.4;67522;4025;17287;0.102;133.79;0.21;96;9091.66;3784;4127;0.84;5;46;175;-21;1.28;29.58;0.2;0.5923332357837741;0.5142900535367351;PRODUCT_6511;12;99.44000000000004;88834;6.732632672949149;Standard;0.3572669578397592;440.7;4.238844385240411;0.5040739666818876
206;Product_206;Electronics;Sports;BrandB;537.41;0.15;456.8;529;4.28;1254;Supplier_48;USA;New York;7;7;0.13;1;2013;40.92;17.63;Blue;Wood;1;451;415;1871;0.06;472.94;187744.8;2252937.6;95345;26691;10553;0.05;75.78;0.35;53;5813.16;544;2141;1.16;35;15;55;77;1.01;15.84;0.18;0.6914712222312467;0.5917158085770557;PRODUCT_206;11;-16.139999999999986;132589;1.6484932629699631;Standard;0.2600553057867744;184.4;4.213461125118691;0.5040709096943001
8186;Product_8186;Home;Beauty;BrandE;231.57;0.41;136.63;887;4.97;4073;Supplier_27;China;London;17;13;0.19;0;2021;9.17;45.49;White;Fabric;5;45;1289;5948;0.39;201.5;31151.64;373819.68;87554;31490;8737;0.088;152.84;0.31;76;3159.55;5071;4723;0.68;44;25;76;-43;2.27;6.11;0.22;0.5990006565947459;0.4138546691529341;PRODUCT_8186;12;-64.87;127781;8.074108513270517;High_Margin;0.4635689313456492;528.3;3.591389308669878;0.5036685637805892
7650;Product_7650;Sports;Electronics;BrandB;794.3;0.16;667.21;71;4.48;1249;Supplier_9;USA;London;9;14;0.12;0;2019;30.4;88.61;Green;Wood;4;337;963;3467;0.47;438.32;322262.43;3867149.16;63357;7481;2210;0.023;133.74;0.69;92;2641.22;1499;3349;0.6;19;39;81;46;3.32;10.81;0.14;0.7569511572685921;0.7720259025518229;PRODUCT_7650;12;228.89000000000004;73048;12.543008562592211;Standard;0.5998733133474051;286.6;4.144833744022713;0.5036038257143598
6139;Product_6139;Clothing;Clothing;BrandA;482.36;0.37;303.89;774;4.77;4373;Supplier_50;China;Berlin;12;14;0.19;0;2016;16.72;44.36;Blue;Plastic;2;357;393;8090;0.06;404.65;69286.92;831443.04;42228;37713;8107;0.163;154.57;0.83;78;1282.22;8752;2624;1.35;15;10;35;54;2.37;46.08;0.13;0.5245021404791441;0.4267854262256575;PRODUCT_6139;12;-100.76;88048;1.9573389328432649;Standard;0.3229690791540666;249.0;4.438829278675086;0.503341662003259
3824;Product_3824;Clothing;Home;BrandC;888.5;0.37;559.75;850;4.45;2603;Supplier_30;India;Berlin;10;6;0.17;1;2024;40.51;0.11;White;Metal;4;218;1243;5317;0.3;633.36;99075.75;1188909.0;80519;13045;24551;0.097;44.34;0.26;68;3094.13;6264;3391;0.89;35;31;14;25;2.4;36.07;0.09;0.6006224881137667;0.4706293288003793;PRODUCT_3824;12;-73.61000000000001;118115;7.892268602957616;High_Margin;0.3709029403717282;339.2;3.9680309820693;0.5032727178470593
376;Product_376;Electronics;Sports;BrandA;346.48;0.32;235.61;683;4.05;1805;Supplier_16;India;Mumbai;3;11;0.08;1;2022;6.11;55.04;Red;Plastic;4;777;2423;1527;0.16;227.76;60551.77;726621.24;88597;2661;16698;0.075;198.58;0.31;98;7145.88;586;4402;1.13;60;85;28;53;2.87;37.78;0.15;0.5522859599573211;0.3964069168774362;PRODUCT_376;11;7.850000000000023;107956;4.637075696742667;Standard;0.2853120720007062;600.6;4.288697585076845;0.5028089733454582
2727;Product_2727;Home;Sports;BrandB;613.69;0.14;527.77;246;4.3;3221;Supplier_2;USA;Shanghai;5;9;0.19;1;2018;45.84;78.09;Black;Metal;0;693;1720;9571;0.39;377.02;254385.14;3052621.68;43236;34601;3661;0.067;216.44;0.36;63;1588.34;3626;3901;1.48;5;53;153;10;3.38;47.51;0.17;0.645048670366729;0.6542201830228467;PRODUCT_2727;12;150.75;81498;11.706831084780497;Standard;0.5682273215305824;450.6;4.497045218655493;0.5028044385918874
5046;Product_5046;Home;Home;BrandA;811.27;0.01;803.16;883;4.64;3012;Supplier_21;India;Shanghai;16;1;0.13;0;2011;14.43;85.92;Blue;Wood;2;221;2190;2067;0.44;537.96;254601.72;3055220.64;57585;23114;11460;0.198;108.35;0.16;54;8006.39;6716;3500;1.27;17;100;122;33;4.18;40.28;0.24;0.7011336608008014;0.6848914801040037;PRODUCT_5046;12;265.19999999999993;92159;13.214067159110872;High_Margin;0.5940193754604554;573.6;4.097348802883495;0.5026813556116297
2487;Product_2487;Sports;Toys;BrandB;692.22;0.04;664.53;92;4.4;3742;Supplier_43;Germany;Shanghai;18;8;0.18;0;2022;21.17;79.49;Red;Fabric;3;437;2497;5583;0.23;560.56;89711.55;1076538.6;65836;27432;25978;0.101;299.99;0.61;53;3200.31;6489;4950;0.89;28;15;183;-54;3.68;39.48;0.14;0.5593533859808402;0.4456210245131252;PRODUCT_2487;12;103.97000000000004;119246;6.776881296568362;Standard;0.3656764434523367;627.6;4.276221910101123;0.5021822713142068
7735;Product_7735;Home;Beauty;BrandA;110.18;0.11;98.06;15;4.93;3746;Supplier_20;India;Shanghai;20;2;0.16;0;2025;23.51;56.79;Green;Fabric;2;100;2102;8391;0.28;74.52;31967.56;383610.72;93381;7711;26114;0.196;172.58;0.82;77;5636.43;9278;3156;0.69;3;17;69;83;4.47;45.21;0.24;0.6081446329430643;0.4159238621311537;PRODUCT_7735;12;23.540000000000006;127206;7.619371984291419;High_Margin;0.4333476480652241;749.7;3.834563343648724;0.5020916607799841
9298;Product_9298;Beauty;Home;BrandC;788.22;0.31;543.87;354;4.56;3290;Supplier_17;India;Shanghai;14;10;0.27;1;2023;19.78;48.27;Red;Metal;0;264;166;1622;0.13;601.0;211565.43;2538785.16;63585;13162;5804;0.171;297.55;0.87;77;5869.37;4395;1399;0.94;36;34;29;59;2.6;47.52;0.22;0.6704343786186755;0.6236391524147405;PRODUCT_9298;12;-57.13;82551;3.873274357629065;Standard;0.3525754831399069;158.8;4.097291631581876;0.5017050413537231
560;Product_560;Electronics;Clothing;BrandA;948.88;0.37;597.79;308;4.8;2872;Supplier_29;UK;Shanghai;6;4;0.13;1;2021;21.44;90.0;Blue;Wood;2;256;147;4223;0.34;520.19;279765.72;3357188.64;14213;31993;28397;0.071;140.66;0.61;67;3155.8;4916;609;1.43;27;43;72;21;3.3;42.57;0.14;0.648402464781514;0.7040311293568422;PRODUCT_560;11;77.59999999999991;74603;9.69907471465798;Premium;0.5749651800195116;111.9;4.589823918795912;0.4992554032820875
3793;Product_3793;Toys;Beauty;BrandE;594.19;0.01;588.25;824;4.16;121;Supplier_8;USA;Mumbai;18;6;0.12;0;2022;18.0;33.28;Blue;Wood;3;569;822;3743;0.33;502.3;32942.0;395304.0;85457;34372;22867;0.021;72.69;0.66;61;7880.36;411;4263;0.71;36;7;67;-76;3.58;42.59;0.23;0.5315161948887599;0.3632412375584742;PRODUCT_3793;12;85.94999999999999;142696;8.894226677664552;Standard;0.3639425065889805;261.3;4.282697340123474;0.4987013933464397
3436;Product_3436;Electronics;Clothing;BrandD;664.36;0.3;465.05;927;4.09;807;Supplier_48;USA;London;15;2;0.14;0;2019;34.92;94.07;Red;Fabric;4;542;2955;5078;0.4;428.36;169278.2;2031338.4;94563;32452;26982;0.138;70.65;0.33;56;256.86;9323;4206;0.97;35;36;193;-9;2.09;46.61;0.17;0.6591304225805452;0.553455542206905;PRODUCT_3436;12;36.69;153997;11.723756624354763;Standard;0.4538511660652601;716.5;4.223479452305501;0.4982021299118229
876;Product_876;Sports;Clothing;BrandD;519.0;0.4;311.4;429;4.4;4605;Supplier_49;UK;Shanghai;13;6;0.02;0;2014;11.09;96.22;Blue;Fabric;0;324;129;7426;0.05;329.32;151963.2;1823558.4;97991;7973;10021;0.057;42.6;0.24;60;5932.0;2745;2820;1.28;8;93;30;-11;4.06;9.43;0.19;0.6761822599657183;0.5513200353818001;PRODUCT_876;11;-17.920000000000016;115985;1.3449707078989572;Standard;0.2439064851748806;122.4;4.089802995955438;0.4981668332715022
9235;Product_9235;Toys;Home;BrandB;817.69;0.14;703.21;173;4.28;858;Supplier_36;India;New York;3;5;0.08;1;2011;41.51;17.1;Green;Fabric;1;285;1615;4611;0.16;552.02;167363.98;2008367.76;97763;6406;20932;0.017;93.1;0.62;94;7341.79;1772;2885;1.27;26;19;122;69;4.57;25.42;0.16;0.6791167394072274;0.5648789597312257;PRODUCT_9235;12;151.19000000000003;125101;3.9390679863142752;Standard;0.2763034203342848;401.9;3.987501886812726;0.4980314234189177
3316;Product_3316;Clothing;Sports;BrandC;653.95;0.25;490.46;196;4.32;3511;Supplier_24;UK;New York;3;10;0.15;1;2023;39.96;96.01;Red;Plastic;0;527;550;1655;0.36;455.74;220707.0;2648484.0;63191;22301;4797;0.132;64.8;0.77;60;810.43;5299;3265;0.55;56;20;76;3;2.57;24.79;0.19;0.6581571687137238;0.6207308969022632;PRODUCT_3316;12;34.71999999999997;90289;11.036658747755418;Standard;0.5097528814931829;214.5;4.306221349645882;0.4976918720780063
7779;Product_7779;Beauty;Beauty;BrandC;286.34;0.24;217.62;193;4.37;3239;Supplier_8;UK;Shanghai;2;6;0.24;0;2017;15.58;97.74;Black;Metal;0;695;1465;2723;0.37;167.57;50705.46;608465.52;57162;24043;25609;0.178;284.7;0.15;94;7250.38;3051;902;1.37;5;65;58;80;2.76;46.89;0.14;0.5067011720009329;0.3843567528384088;PRODUCT_7779;12;50.05000000000001;106814;12.466981169906184;Standard;0.5131672483759024;527.6;4.450262183156895;0.4975879051068913
8881;Product_8881;Electronics;Beauty;BrandE;182.15;0.39;111.11;126;4.45;2836;Supplier_36;China;Mumbai;3;13;0.14;0;2011;13.54;45.46;Blue;Fabric;1;607;1403;6621;0.45;104.22;51110.6;613327.2;69138;40025;3785;0.026;68.84;0.37;70;3525.24;3934;3182;1.02;11;37;83;-74;2.52;2.57;0.09;0.5373985006648112;0.3972257510133501;PRODUCT_8881;12;6.890000000000001;112948;13.170120956366818;Standard;0.5445270136199727;449.5;4.4598528796862915;0.497560813983284
7804;Product_7804;Home;Home;BrandB;832.77;0.13;724.51;22;4.25;168;Supplier_23;Germany;Berlin;17;2;0.15;1;2024;36.02;85.52;Black;Metal;3;800;2945;9191;0.4;490.32;345591.27;4147095.24;10959;34534;5699;0.077;26.48;0.83;53;9769.15;9465;2688;1.27;33;8;146;-31;1.78;6.95;0.18;0.6534172967839975;0.7582420013432738;PRODUCT_7804;12;234.19;51192;12.24114280798746;Standard;0.6234867368105613;695.3;5.0045843642274725;0.4970512725400915
5668;Product_5668;Toys;Beauty;BrandA;360.13;0.26;266.5;78;4.67;1933;Supplier_46;China;New York;17;2;0.12;0;2010;27.9;42.86;Blue;Wood;4;299;1532;7880;0.12;229.03;38909.0;466908.0;74305;8975;9755;0.052;105.14;0.27;79;1300.25;3747;1924;1.14;40;56;165;15;4.99;13.79;0.07;0.5550420093820556;0.3974710213710081;PRODUCT_5668;12;37.47;93035;3.3626124831347965;Standard;0.3091053872416905;445.3;4.173670179822779;0.4967308930494232
6289;Product_6289;Home;Home;BrandE;496.78;0.16;417.3;92;4.98;4121;Supplier_46;India;London;13;13;0.17;0;2017;25.22;29.59;Red;Fabric;5;341;717;4635;0.34;330.17;171093.0;2053116.0;8617;11245;4803;0.167;203.8;0.22;55;3064.1;4741;1102;1.06;30;37;184;62;1.68;33.91;0.23;0.5599434175247948;0.561359084936913;PRODUCT_6289;12;87.13;24665;11.52937829717347;Standard;0.6227455237053394;365.6;4.58692000098728;0.4960957856884135
5834;Product_5834;Toys;Home;BrandD;342.17;0.29;242.94;76;4.4;4415;Supplier_16;UK;Berlin;10;12;0.18;0;2022;12.52;15.42;Blue;Fabric;5;804;530;724;0.25;305.82;110294.76;1323537.12;28092;40209;9487;0.127;139.06;0.75;94;9440.3;9506;4813;0.78;24;28;93;-97;2.9;22.04;0.25;0.5012159852475075;0.4515400037948885;PRODUCT_5834;12;-62.88;77788;8.294637171315793;Standard;0.4751137437665129;230.3;4.722603463722659;0.49571857997383906
302;Product_302;Clothing;Home;BrandA;682.31;0.26;504.91;94;4.48;921;Supplier_8;USA;New York;7;1;0.24;1;2019;49.42;57.84;Blue;Wood;1;276;1110;6884;0.35;508.75;20196.4;242356.8;79365;11407;22956;0.103;283.34;0.64;92;6878.41;2213;1178;0.89;5;52;121;-21;4.22;7.18;0.17;0.5341794617552655;0.3623750414496129;PRODUCT_302;11;-3.839999999999975;113728;9.726760773021027;High_Margin;0.3983366593829742;335.8;4.070352671220604;0.4956011338676877
9943;Product_9943;Home;Home;BrandC;599.82;0.13;521.84;842;4.36;2250;Supplier_25;India;New York;4;10;0.21;1;2012;18.3;12.53;Blue;Metal;4;434;2615;253;0.46;502.58;4696.56;56358.72;76822;7503;21199;0.058;254.77;0.15;84;9870.14;2797;497;0.51;2;46;143;-5;1.39;43.32;0.18;0.5064185938438673;0.3316557758517699;PRODUCT_9943;12;19.260000000000048;105524;12.891427411948651;Standard;0.4667683199653635;670.5;4.193671879411079;0.4955645046493602
1713;Product_1713;Beauty;Toys;BrandD;359.47;0.33;240.84;125;4.28;1885;Supplier_35;USA;Berlin;12;2;0.2;0;2018;18.95;26.66;Green;Fabric;3;511;1757;7836;0.15;192.55;102357.0;1228284.0;95435;966;569;0.079;183.42;0.78;58;5236.12;9254;3341;1.46;36;67;2;38;2.95;20.41;0.06;0.6196266958128462;0.4732545318664362;PRODUCT_1713;12;48.28999999999999;96970;4.321399757608118;Standard;0.2995557930130766;475.2;4.209354264538777;0.4952772831398409
2716;Product_2716;Clothing;Clothing;BrandE;707.39;0.44;396.14;452;4.51;2859;Supplier_22;USA;Berlin;9;10;0.02;1;2021;20.97;10.87;Blue;Plastic;2;287;1791;8265;0.29;410.97;51498.2;617978.4;70551;45149;11325;0.164;258.04;0.8;92;9187.19;3784;1746;1.03;57;94;126;-100;2.47;30.01;0.11;0.5453518649747614;0.4024516534681347;PRODUCT_2716;12;-14.83000000000004;127025;8.62126611793285;High_Margin;0.3900994615379597;523.2;4.19717387327789;0.49501841167858773
3271;Product_3271;Electronics;Toys;BrandC;541.43;0.28;389.83;872;4.76;3861;Supplier_39;Germany;Berlin;9;10;0.13;0;2017;46.95;31.14;Green;Metal;4;363;985;343;0.49;438.15;106813.42;1281761.04;33613;38706;16825;0.068;266.99;0.59;94;3188.74;9743;4126;1.37;52;86;58;66;2.25;43.0;0.19;0.5381231337841694;0.4730611224015549;PRODUCT_3271;12;-48.31999999999999;89144;14.689829155175495;Standard;0.6282639595027311;338.2;4.493165298579403;0.4950166594453192
574;Product_574;Home;Electronics;BrandC;625.64;0.04;600.61;899;4.08;3209;Supplier_5;China;Shanghai;14;8;0.21;0;2015;41.05;70.52;Blue;Wood;5;838;1607;4668;0.29;505.91;234838.51;2818062.12;45717;46165;9042;0.1;99.33;0.66;78;7066.83;2637;861;1.33;43;38;3;-78;4.35;40.29;0.19;0.6159238451646533;0.614498966439455;PRODUCT_574;11;94.7;100924;8.762106878681198;Standard;0.4663742481814952;424.4;4.526844166218792;0.4939508591075686
256;Product_256;Sports;Electronics;BrandA;371.19;0.16;311.8;939;4.43;825;Supplier_40;UK;Shanghai;6;2;0.06;1;2017;26.16;52.17;Blue;Plastic;4;774;2814;9565;0.42;319.98;135944.8;1631337.6;25326;16570;12025;0.168;104.87;0.75;61;1417.24;8304;3454;1.32;48;33;116;-16;4.74;48.07;0.23;0.519718947277701;0.487401514684349;PRODUCT_256;11;-8.180000000000007;53921;14.457874200420529;Standard;0.6195827379534684;759.8;4.56399887990844;0.493619027196164
8117;Product_8117;Electronics;Home;BrandC;379.43;0.05;360.46;423;4.42;1620;Supplier_30;USA;Mumbai;11;7;0.1;1;2017;37.8;68.06;Green;Plastic;5;535;2240;9763;0.28;244.35;114626.28;1375515.36;67626;35442;7613;0.039;206.17;0.11;99;7496.23;7827;4741;0.83;33;77;2;-87;2.31;38.27;0.09;0.5855494815122693;0.4825559608998017;PRODUCT_8117;12;116.11;110681;8.080556970813133;Standard;0.4313874058607517;589.3;4.386471338104126;0.493454997697163
4520;Product_4520;Home;Sports;BrandC;906.01;0.28;652.33;690;4.31;3738;Supplier_17;China;London;1;9;0.08;0;2012;12.72;69.96;Blue;Fabric;5;275;1777;4340;0.42;621.85;202874.63;2434495.56;85100;14776;4642;0.098;227.21;0.67;80;9854.11;6051;2033;0.68;19;67;139;55;4.41;30.65;0.22;0.6861401499742321;0.6084875621223177;PRODUCT_4520;12;30.480000000000015;104518;11.17110651253906;High_Margin;0.465142878068767;454.9;4.006886550752195;0.4929983312519052
5889;Product_5889;Home;Home;BrandC;302.52;0.42;175.46;238;4.36;979;Supplier_40;USA;Shanghai;6;14;0.02;0;2020;10.99;82.25;Blue;Wood;1;515;2011;8967;0.34;168.57;5439.26;65271.12;86277;13440;21084;0.19;118.05;0.11;99;4655.62;3618;4988;0.7;13;89;193;-100;2.01;33.16;0.17;0.5259578977333852;0.3383604685956854;PRODUCT_5889;12;6.890000000000015;120801;11.018482116288345;Standard;0.4277429709945172;585.9;4.273598170568994;0.4928725805843863
6070;Product_6070;Home;Sports;BrandB;985.4;0.35;640.51;582;4.39;3568;Supplier_2;USA;New York;3;10;0.27;1;2012;32.88;3.92;White;Metal;5;365;1070;6245;0.22;726.95;317692.96;3812315.52;50693;48280;16067;0.041;194.19;0.15;95;8445.37;3553;1755;0.84;9;29;20;98;2.46;34.83;0.16;0.7205650125438756;0.7523240978184946;PRODUCT_6070;12;-86.44000000000005;115040;5.934494567608399;Standard;0.423533715344025;283.8;4.307533281282351;0.4928443681992974
1722;Product_1722;Clothing;Sports;BrandD;391.75;0.39;238.97;763;4.75;25;Supplier_25;UK;London;18;10;0.08;1;2023;7.01;60.41;White;Plastic;0;361;2775;541;0.5;272.81;102757.1;1233085.2;46890;48177;9706;0.139;153.58;0.84;53;566.78;3760;1424;1.39;51;96;189;47;3.62;31.23;0.15;0.5604596142161691;0.474758486990209;PRODUCT_1722;12;-33.84;104773;15.937634048515193;Standard;0.645191846807973;753.7;4.462147128108428;0.4927993591287622
7728;Product_7728;Toys;Sports;BrandC;575.28;0.07;535.01;277;4.01;4269;Supplier_3;Germany;Berlin;14;11;0.09;1;2019;35.58;79.48;Black;Fabric;4;613;1888;6919;0.27;369.38;104861.96;1258343.52;98913;42240;24647;0.044;232.36;0.15;93;7831.94;7098;1229;1.17;38;68;121;80;3.94;23.1;0.14;0.6070966714901405;0.4615384419447051;PRODUCT_7728;12;165.63;165800;7.256769363087928;Standard;0.3246934509298802;492.2;4.257406360449358;0.49258089321178355
4037;Product_4037;Electronics;Home;BrandE;816.52;0.27;596.06;753;4.46;1703;Supplier_50;UK;Berlin;18;12;0.15;0;2013;49.72;91.1;Black;Metal;3;264;2729;5652;0.24;447.62;213985.54;2567826.48;71604;30731;912;0.044;284.71;0.43;70;5088.11;6818;2974;1.19;51;29;111;92;3.11;30.18;0.08;0.6805161458808711;0.6254103024071315;PRODUCT_4037;12;148.43999999999994;103247;6.235334689188021;Standard;0.3891297564681432;643.3;4.1017279172108685;0.4923264606561053
5036;Product_5036;Clothing;Clothing;BrandC;350.84;0.25;263.13;1000;4.86;4420;Supplier_31;UK;Shanghai;12;8;0.26;0;2023;7.91;44.62;Black;Wood;0;193;820;1257;0.07;251.01;131038.74;1572464.88;62706;27502;28994;0.102;296.82;0.71;70;4167.01;7996;4969;1.32;30;83;192;-49;3.75;24.05;0.08;0.624751904560566;0.5305434394198325;PRODUCT_5036;12;12.120000000000005;119202;1.9749221309761056;Standard;0.3397352860630298;339.4;4.13886054745782;0.4922379359180975
195;Product_195;Toys;Clothing;BrandC;560.13;0.16;470.51;875;4.51;621;Supplier_20;USA;Mumbai;13;9;0.07;1;2020;47.16;10.84;Green;Metal;1;620;2213;794;0.47;293.2;205142.36;2461708.32;23559;46903;1773;0.084;88.86;0.61;61;657.66;679;248;0.57;26;60;56;63;1.41;19.37;0.13;0.5809525136754752;0.5875049526563428;PRODUCT_195;11;177.31;72235;14.777621863901844;Standard;0.6523113553166754;631.9;4.774707227968434;0.49219823040543853
153;Product_153;Electronics;Beauty;BrandB;530.79;0.14;456.48;142;4.47;2913;Supplier_40;UK;Mumbai;15;8;0.24;0;2022;2.2;52.09;Black;Fabric;2;465;153;140;0.21;415.13;85361.76;1024341.12;58975;14524;13705;0.111;66.95;0.2;90;1285.34;8549;139;1.45;28;71;155;33;2.51;20.06;0.2;0.5475602823535397;0.4399464502973191;PRODUCT_153;11;41.35000000000002;87204;6.407744777831407;Standard;0.3771075722483721;148.6;4.294929022620161;0.49217030410062457
9977;Product_9977;Clothing;Toys;BrandD;984.48;0.32;669.45;473;4.33;941;Supplier_35;Germany;Mumbai;9;6;0.1;0;2022;29.97;43.25;Green;Fabric;0;365;1934;741;0.43;527.62;301252.5;3615030.0;59330;37296;5814;0.189;130.73;0.37;96;3031.53;6376;1142;0.61;29;83;198;-6;4.54;35.78;0.09;0.7191740867811921;0.7308482908563603;PRODUCT_9977;12;141.83000000000004;102440;13.067244361113945;Standard;0.5584970494633525;501.6;4.218777250434539;0.4919062115370908
7642;Product_7642;Beauty;Sports;BrandC;750.99;0.23;578.26;98;4.57;4646;Supplier_49;India;London;18;7;0.06;1;2025;7.55;38.63;Blue;Wood;3;154;1053;9383;0.31;378.62;10986.94;131843.28;79131;36937;22401;0.066;49.36;0.27;50;7614.0;3437;1;1.16;18;85;153;-73;4.84;17.71;0.24;0.53314321806138;0.3552122114842075;PRODUCT_7642;12;199.64;138469;7.616591707106704;High_Margin;0.3515904023437483;321.7;3.938726632682195;0.4912373584428106
5040;Product_5040;Sports;Toys;BrandA;695.14;0.44;389.28;577;4.66;913;Supplier_19;USA;Shanghai;4;7;0.01;1;2011;4.78;48.1;Green;Fabric;2;12;71;3103;0.29;480.66;179068.8;2148825.6;94737;34696;23110;0.091;68.14;0.83;62;2761.41;2248;2634;1.13;12;97;100;86;4.99;19.9;0.18;0.7133368394814339;0.6036289687991383;PRODUCT_5040;12;-91.38000000000004;152543;3.7817033647858103;High_Margin;0.3486926128933547;129.7;2.963226732017411;0.49078291881405856
1513;Product_1513;Electronics;Clothing;BrandE;540.75;0.4;324.45;433;4.57;2576;Supplier_43;China;London;1;14;0.24;0;2020;23.3;10.21;Blue;Fabric;4;267;2820;8355;0.31;414.17;118424.25;1421091.0;76733;12807;22971;0.178;40.49;0.25;70;7686.47;6095;2507;0.73;59;9;62;20;2.62;22.69;0.08;0.6189697992317643;0.5028924303944936;PRODUCT_1513;12;-89.72000000000003;112511;9.330644978731302;High_Margin;0.4430464502396117;791.2;4.09777547587369;0.4905554446578634
3569;Product_3569;Beauty;Beauty;BrandD;851.62;0.05;809.04;152;4.32;3179;Supplier_13;China;New York;4;12;0.09;0;2010;3.87;41.12;White;Metal;1;495;949;919;0.3;561.5;207114.24;2485370.88;48642;27005;8499;0.021;255.79;0.36;87;4819.01;113;3231;0.5;26;22;90;33;2.89;22.67;0.15;0.6175893191939865;0.5931339110505165;PRODUCT_3569;12;247.54;84146;8.212640571457252;Standard;0.4411197677846755;262.8;4.321666101128686;0.4904944218195852
3900;Product_3900;Beauty;Clothing;BrandE;550.94;0.16;462.79;868;4.19;2080;Supplier_30;Germany;Berlin;11;12;0.04;1;2018;31.78;88.39;White;Fabric;5;817;2579;3170;0.25;357.55;221676.41;2660116.92;36872;19015;25569;0.038;234.39;0.63;75;1747.67;9591;796;1.0;20;1;121;-91;2.09;14.63;0.1;0.5959289685298118;0.5979626350668524;PRODUCT_3900;12;105.24;81456;7.29240495289985;Standard;0.4532099397312412;634.4;4.461885529130142;0.4895166501978399
788;Product_788;Beauty;Toys;BrandE;431.63;0.3;302.14;770;4.83;1268;Supplier_29;India;Mumbai;8;12;0.12;1;2016;14.02;33.42;Black;Wood;0;348;1649;8948;0.19;362.2;145933.62;1751203.44;32080;29404;7982;0.073;127.37;0.77;77;6013.03;8757;2744;1.06;32;45;173;-26;4.66;33.8;0.11;0.5736545369150194;0.5309186560039405;PRODUCT_788;11;-60.06;69466;5.765443066724544;Standard;0.454161566398006;489.6;4.4573454771103975;0.4893760261405631
131;Product_131;Beauty;Electronics;BrandC;827.79;0.41;488.4;981;4.33;4926;Supplier_12;UK;Mumbai;16;9;0.22;0;2023;17.36;6.16;Blue;Fabric;2;483;1024;2150;0.5;543.56;134798.4;1617580.8;50614;41897;8227;0.148;202.2;0.87;62;8555.12;1075;3568;0.78;34;68;32;39;3.21;39.1;0.13;0.5613355471660328;0.4945854277760112;PRODUCT_131;11;-55.15999999999997;100738;15.365077468851652;Standard;0.5673800702443843;291.7;4.3703889474734705;0.489275899666603
4251;Product_4251;Beauty;Clothing;BrandD;990.6502;0.06;932.45;982;4.42;320;Supplier_17;USA;Shanghai;1;4;0.01;0;2016;38.78;88.4;Blue;Fabric;1;184;2719;5650;0.3;566.14;104434.4;1253212.8;75022;49153;18812;0.196;114.32;0.14;79;5339.88;731;63;0.72;34;23;95;48;2.35;10.16;0.18;0.5917468565346784;0.4728482530817534;PRODUCT_4251;12;366.31000000000006;142987;8.278941421568414;High_Margin;0.364595746908312;671.7;3.9871785594040468;0.4884163052233115
5380;Product_5380;Sports;Beauty;BrandC;621.79;0.4;373.07;797;4.13;2924;Supplier_32;UK;New York;16;2;0.22;1;2023;32.69;33.3;Red;Metal;5;492;1848;1467;0.29;383.6;53722.08;644664.96;95856;25561;25470;0.129;154.78;0.63;80;5393.8;9112;1631;0.93;47;87;63;-98;1.4;16.59;0.09;0.567445298938356;0.3964035990459197;PRODUCT_5380;12;-10.53000000000003;146887;8.384348966820799;Standard;0.3324072010369225;476.6;4.185535751072592;0.48823433119052784
8561;Product_8561;Home;Sports;BrandE;243.43;0.12;214.22;800;4.34;811;Supplier_28;China;Berlin;19;3;0.19;0;2022;17.41;99.21;Green;Metal;2;474;2449;7011;0.22;204.33;73263.24;879158.88;99008;25683;2303;0.124;50.04;0.14;70;3486.33;5443;4649;1.24;8;19;165;24;4.88;10.47;0.2;0.6070332003525343;0.4388575305063709;PRODUCT_8561;12;9.889999999999986;126994;6.614439863778918;Standard;0.3467128660388086;692.3;4.253206577722454;0.4881324900158338
5607;Product_5607;Electronics;Electronics;BrandA;984.79;0.43;561.33;755;4.2;3088;Supplier_29;China;Mumbai;2;2;0.06;1;2012;39.82;70.46;Green;Metal;1;412;1894;5233;0.29;652.26;102723.39;1232680.68;68785;3344;6878;0.17;49.47;0.82;61;888.51;8801;3664;1.44;39;75;150;73;4.49;19.1;0.06;0.5602277493386516;0.4526506695329284;PRODUCT_5607;12;-90.92999999999996;79007;8.58377422682505;Standard;0.3564865909579356;492.9;4.099102087268006;0.48807756022076554
7337;Product_7337;Sports;Sports;BrandA;486.03;0.35;315.92;469;4.27;1916;Supplier_43;China;Berlin;19;9;0.15;1;2012;1.58;11.21;Black;Fabric;2;838;2661;3014;0.43;244.12;131738.64;1580863.68;25889;44114;520;0.057;225.72;0.36;50;8160.12;4296;2996;0.63;5;24;144;-23;3.88;28.72;0.07;0.5044972229955397;0.4716613621534812;PRODUCT_7337;12;71.80000000000001;70523;13.065589766598668;Standard;0.571093639155027;680.5;4.741677669739727;0.4880496999843701
3926;Product_3926;Beauty;Sports;BrandD;597.62;0.2;478.1;135;4.51;4552;Supplier_30;Germany;New York;4;11;0.23;0;2020;20.4;37.87;Green;Plastic;1;189;2182;7221;0.36;467.76;13386.8;160641.6;93214;48108;16850;0.179;108.14;0.18;81;8367.69;3891;839;1.14;33;63;111;-11;3.45;29.74;0.08;0.558537723934748;0.3631542010255681;PRODUCT_3926;12;10.340000000000032;158172;10.043981506316964;High_Margin;0.3929183020767958;652.9;4.006030175134068;0.48783311166976023
9162;Product_9162;Electronics;Clothing;BrandD;899.4;0.32;611.59;496;4.04;4708;Supplier_9;China;New York;1;9;0.16;0;2025;35.47;40.48;Red;Wood;0;469;1886;1340;0.12;581.88;168187.25;2018247.0;89897;29419;24393;0.067;59.53;0.86;83;6220.97;6194;3703;0.9;43;65;39;-69;2.29;22.53;0.2;0.6448768069594586;0.5459413216979134;PRODUCT_9162;12;29.71000000000004;143709;3.182695412688851;Standard;0.2323121892046317;450.2;4.1425435378524975;0.4876971331091724
2880;Product_2880;Sports;Clothing;BrandD;585.14;0.11;520.77;922;4.43;3069;Supplier_12;India;New York;18;10;0.02;0;2024;23.41;98.03;Red;Plastic;1;693;25;488;0.47;503.82;229659.57;2755914.84;18552;16626;1392;0.133;151.05;0.74;81;6351.01;2743;3188;0.59;39;38;72;41;1.97;37.37;0.18;0.5852172619411294;0.6134093333419284;PRODUCT_2880;12;16.94999999999999;36570;15.433817624544387;Standard;0.6665169971434928;132.5;4.568225524176849;0.48766108310219225
3142;Product_3142;Sports;Electronics;BrandE;784.97;0.41;463.13;352;4.44;4412;Supplier_42;Germany;Berlin;18;10;0.02;1;2025;5.57;19.72;White;Plastic;5;342;2784;8161;0.46;507.11;37050.4;444604.8;61341;31620;17795;0.173;225.87;0.83;71;7829.25;515;2256;1.47;49;91;11;-91;2.95;14.28;0.12;0.5091423917148511;0.3723917825349319;PRODUCT_3142;12;-43.98000000000002;110756;13.985656320387184;Standard;0.4981902305647896;715.8;4.2141879875424655;0.48760045747831404
8453;Product_8453;Toys;Clothing;BrandD;687.73;0.29;488.29;623;4.33;592;Supplier_18;Germany;London;2;9;0.08;0;2021;41.85;75.3;White;Fabric;4;320;530;8467;0.28;349.39;99611.16;1195333.92;89828;49852;21349;0.137;129.4;0.55;95;5652.85;3207;1471;1.41;35;78;106;7;2.09;20.38;0.06;0.6100948992173637;0.4692786971205169;PRODUCT_8453;12;138.90000000000003;161029;7.95592466250538;Standard;0.3577684008858272;210.1;4.151570793999746;0.48755279452774497
3201;Product_3201;Home;Beauty;BrandC;856.06;0.43;487.95;291;4.7;4954;Supplier_33;USA;Berlin;11;9;0.05;1;2014;16.63;37.28;Blue;Plastic;1;409;523;2665;0.19;756.47;181029.45;2172353.4;4549;39050;16092;0.064;256.94;0.11;56;6671.9;813;3354;0.78;27;35;103;46;4.33;43.85;0.1;0.537787586014321;0.5547893643990515;PRODUCT_3201;12;-268.52000000000004;59691;5.716263757601711;Standard;0.4466427004248842;175.7;6.003323712417481;0.48744141274910296
7031;Product_7031;Toys;Clothing;BrandD;644.12;0.33;431.56;866;4.09;4361;Supplier_40;Germany;New York;6;13;0.26;0;2021;42.66;35.44;White;Metal;4;757;392;7748;0.15;381.69;160971.88;1931662.56;53502;40925;21252;0.107;166.47;0.27;90;9875.68;8044;2299;0.64;25;45;110;76;4.06;48.58;0.1;0.5699897269481566;0.5172863640442302;PRODUCT_7031;12;49.870000000000005;115679;4.503192152600396;Standard;0.3267673716844009;154.2;4.441258289399561;0.4874004629659115
1217;Product_1217;Beauty;Beauty;BrandE;387.67;0.33;259.74;920;4.73;3835;Supplier_35;UK;Berlin;4;7;0.15;0;2015;6.96;60.65;Blue;Plastic;0;476;2439;1358;0.33;339.41;80259.66;963115.92;27363;24535;7982;0.114;95.78;0.32;63;1424.49;613;4319;0.75;11;73;25;-28;3.02;19.28;0.22;0.5008231793195871;0.4305348681466348;PRODUCT_1217;12;-79.67000000000002;59880;10.724340410559162;Standard;0.5361513922899357;680.9;4.538336348210032;0.4870052245595985
6563;Product_6563;Sports;Clothing;BrandA;393.83;0.21;311.13;697;4.28;1045;Supplier_8;USA;Mumbai;11;11;0.2;1;2019;26.91;96.62;Blue;Wood;4;568;1940;8504;0.43;215.65;11822.94;141875.28;78475;43647;26820;0.073;56.01;0.81;87;5484.74;4395;280;0.92;35;10;80;-16;4.73;1.29;0.25;0.5093361866847794;0.3374188912437361;PRODUCT_6563;12;95.48;148942;12.527572812186625;Standard;0.4639316611151586;524.3;4.360790147527563;0.48687447171341214
2530;Product_2530;Toys;Clothing;BrandB;529.72;0.47;280.75;470;4.46;2211;Supplier_45;China;New York;2;8;0.09;1;2016;22.86;72.97;Black;Wood;0;512;2858;5089;0.1;268.68;71029.75;852357.0;49758;2019;11432;0.058;291.36;0.46;56;3260.13;5506;4221;1.2;55;31;16;-84;3.2;9.82;0.06;0.5162344757825417;0.4138830912108436;PRODUCT_2530;12;12.069999999999991;63209;2.944586482509041;Standard;0.3005108655206629;713.7;4.2882256160135634;0.48685896772309345
8801;Product_8801;Toys;Toys;BrandE;505.12;0.31;348.53;895;4.92;4660;Supplier_25;Germany;New York;13;3;0.2;1;2017;31.07;78.6;Blue;Wood;2;296;2517;7526;0.47;331.17;138714.94;1664579.28;20175;15375;26572;0.13;173.21;0.82;84;4176.34;7977;1888;1.36;46;71;110;-97;3.03;33.11;0.1;0.5509520130230989;0.5195153086165012;PRODUCT_8801;12;17.359999999999957;62122;14.877790403477118;High_Margin;0.666301387038716;723.2;4.397909212398404;0.4868370424124209
7471;Product_7471;Sports;Electronics;BrandE;852.22;0.07;792.56;701;4.17;71;Supplier_48;UK;New York;2;13;0.13;0;2022;27.19;83.83;White;Metal;3;333;2547;163;0.15;580.95;325742.16;3908905.92;97468;8878;3514;0.152;282.16;0.56;54;5423.54;5907;3293;0.95;9;56;65;-23;1.37;28.48;0.24;0.8033185420816912;0.7774853167364868;PRODUCT_7471;12;211.6099999999999;109860;4.1873687321551785;Standard;0.3222650589412441;611.9;4.010673658240461;0.48674148491370817
3362;Product_3362;Sports;Toys;BrandD;616.74;0.39;376.21;397;4.75;419;Supplier_41;China;New York;17;3;0.07;0;2012;2.18;53.51;Blue;Wood;5;4;2626;8960;0.17;531.94;53421.82;641061.84;87128;49909;23431;0.031;235.06;0.52;82;9296.32;5441;2079;0.87;35;81;26;50;2.47;4.1;0.07;0.5993334110320265;0.4304292630126124;PRODUCT_3362;12;-155.73000000000008;160468;1.3399093688335426;Standard;0.2559125127408906;654.0;2.6583399432309167;0.4867087891274636
197;Product_197;Clothing;Electronics;BrandC;689.27;0.13;599.66;67;4.31;2133;Supplier_7;India;London;9;5;0.29;0;2013;31.0;28.11;Red;Metal;0;514;2682;5248;0.23;545.49;111536.76;1338441.12;58306;25486;28338;0.131;112.21;0.43;66;8206.43;8394;323;1.19;20;36;41;-82;1.81;5.37;0.11;0.55550067699458;0.4656349760944359;PRODUCT_197;11;54.16999999999996;112130;7.000712035598225;Standard;0.3704307454881262;667.7;4.3090882949274505;0.4862204695339008
8482;Product_8482;Toys;Clothing;BrandE;244.22;0.12;214.91;892;4.17;3657;Supplier_14;Germany;London;14;3;0.16;0;2015;20.63;36.55;Red;Fabric;0;834;1377;6448;0.14;170.6;102726.98;1232723.76;60912;38354;7057;0.198;15.22;0.88;54;3643.62;1264;2181;1.28;42;99;147;-43;4.1;32.1;0.1;0.5420824152469641;0.4460111436512705;PRODUCT_8482;12;44.31;106323;4.70511461987958;Standard;0.340280797934043;451.2;4.484905182716807;0.48613439572391876
1026;Product_1026;Clothing;Toys;BrandA;986.93;0.19;799.41;796;4.18;1661;Supplier_39;USA;Shanghai;13;3;0.17;0;2015;48.43;48.74;Red;Plastic;1;421;2600;5899;0.49;516.26;309371.67;3712460.04;68903;38052;25610;0.17;266.27;0.21;57;6736.11;2539;1146;0.77;55;67;44;-20;1.98;21.23;0.2;0.7331714736938785;0.7382620770088238;PRODUCT_1026;12;283.15;132565;14.486214464524014;Standard;0.5702389989442194;629.4;4.2004530493767955;0.48576855868974267
7340;Product_7340;Home;Home;BrandD;700.25;0.44;392.14;443;4.18;2441;Supplier_46;USA;Berlin;17;13;0.18;0;2010;10.7;56.49;Red;Plastic;4;459;1920;3584;0.18;606.49;184305.8;2211669.6;85861;21221;14167;0.065;192.91;0.19;86;7392.19;9492;3305;0.59;22;38;138;-43;1.66;17.33;0.23;0.6615995823548751;0.5748513429726879;PRODUCT_7340;12;-214.35;121249;4.912988573381778;Standard;0.3120297513821923;472.7;4.173921652967061;0.4849161889038818
571;Product_571;Sports;Toys;BrandD;520.92;0.28;375.06;943;4.88;3662;Supplier_18;China;New York;15;10;0.25;1;2025;10.08;36.49;Red;Metal;0;210;1285;5202;0.46;342.73;110642.7;1327712.4;38810;29580;18751;0.107;147.11;0.79;69;7309.82;1857;2180;1.27;26;46;125;-40;3.14;22.94;0.18;0.5613486882921989;0.4891746971301651;PRODUCT_571;11;32.329999999999984;87141;13.299333209795972;High_Margin;0.6013494156092224;456.3;4.245178192839023;0.4847883153347544
455;Product_455;Beauty;Toys;BrandD;964.47;0.48;501.52;903;4.54;4158;Supplier_22;USA;Berlin;11;3;0.18;1;2025;13.96;26.14;Black;Metal;5;249;85;8484;0.47;563.28;183556.32;2202675.84;45993;11837;2561;0.061;261.73;0.6;86;8630.23;5798;2069;0.56;1;99;12;79;1.79;9.34;0.21;0.6100194342710037;0.5729267022448807;PRODUCT_455;11;-61.75999999999999;60391;12.500376598233062;High_Margin;0.5419913853578765;87.0;4.0760574173916755;0.4846621474058324
2703;Product_2703;Home;Sports;BrandE;347.59;0.41;205.08;85;4.26;490;Supplier_8;USA;Berlin;14;2;0.28;0;2017;24.9;48.42;Red;Plastic;5;616;2805;548;0.1;232.52;10869.24;130430.88;75840;4732;11839;0.073;159.3;0.67;94;762.54;3900;2111;0.78;53;88;189;2;2.39;2.32;0.07;0.5016609507402853;0.3332339517596443;PRODUCT_2703;12;-27.44;92411;2.936794781089105;Standard;0.246956230654167;702.2;4.2864265125157415;0.4845277905297306
7261;Product_7261;Sports;Clothing;BrandD;114.19;0.32;77.65;804;4.94;1935;Supplier_26;China;Shanghai;12;3;0.09;0;2020;42.65;86.85;White;Wood;0;317;2025;5128;0.1;86.32;35719.0;428628.0;44918;24115;17445;0.159;164.47;0.44;92;4692.98;3503;4352;1.19;53;3;164;41;2.59;35.32;0.25;0.5151684290469698;0.3926885675332779;PRODUCT_7261;12;-8.669999999999987;86478;3.2990394710052597;Standard;0.3742071443585767;706.3;4.388193989151075;0.48419799083178955
1509;Product_1509;Toys;Sports;BrandD;362.04;0.29;257.05;537;4.07;4257;Supplier_14;India;Mumbai;19;6;0.29;0;2019;34.93;13.15;Black;Metal;0;963;1231;5870;0.29;233.23;126725.65;1520707.8;42402;29708;13578;0.077;55.06;0.66;51;1985.92;2608;3717;1.47;13;20;106;89;2.42;8.31;0.1;0.5172997238542235;0.461812793471021;PRODUCT_1509;12;23.82000000000002;85688;8.734415132266045;Standard;0.4457661483627029;349.9;4.516561983624135;0.4836005261173213
6833;Product_6833;Sports;Toys;BrandB;144.6;0.41;85.31;846;4.94;4964;Supplier_12;China;London;6;11;0.13;1;2024;0.91;75.92;Red;Fabric;3;199;2447;7158;0.42;95.75;32161.87;385942.44;62581;28642;20472;0.106;242.52;0.86;70;1171.07;252;1075;1.15;3;77;113;-51;3.25;8.95;0.05;0.5474992919147005;0.3983507852103362;PRODUCT_6833;12;-10.439999999999998;111695;12.158201452557938;High_Margin;0.5568384837907826;779.2;4.186862716261758;0.4835640826265272
637;Product_637;Electronics;Clothing;BrandB;850.63;0.05;808.1;603;4.58;1689;Supplier_25;China;Shanghai;15;10;0.02;0;2024;46.58;43.26;Green;Metal;5;373;1603;5307;0.22;485.75;320815.7;3849788.4;27325;31221;3085;0.175;192.0;0.22;88;3549.85;3730;4116;1.08;25;12;74;-82;4.79;44.46;0.22;0.6916560302386452;0.7547954484625236;PRODUCT_637;11;322.35;61631;7.013904166232988;Standard;0.4909850869450439;437.4;4.43021832994477;0.4834307768415794
7484;Product_7484;Toys;Toys;BrandB;978.07;0.5;489.04;366;4.72;3178;Supplier_25;Germany;New York;16;8;0.05;0;2021;42.02;27.49;Blue;Plastic;4;225;2297;8268;0.48;878.09;240118.64;2881423.68;21148;45419;26735;0.086;128.21;0.67;72;6323.16;3907;557;1.47;47;40;198;86;3.04;18.77;0.17;0.6224322595585795;0.6480439909650955;PRODUCT_7484;12;-389.05;93302;13.3369098064655;Premium;0.6200868201384393;581.5;4.485748707482699;0.4830429412743138
9326;Product_9326;Home;Clothing;BrandE;252.15;0.47;133.64;858;4.48;316;Supplier_37;USA;Berlin;16;10;0.25;1;2012;8.65;27.93;Green;Metal;1;502;2130;2402;0.36;191.66;36216.44;434597.28;69809;23944;25513;0.196;126.7;0.57;97;456.77;7571;1637;0.67;29;50;0;-4;2.46;22.59;0.14;0.5285774877817094;0.378875837409648;PRODUCT_9326;12;-58.02000000000001;119266;11.998951120298882;Standard;0.4871503087699733;671.7;4.348834672804324;0.4830167646181603
6347;Product_6347;Sports;Clothing;BrandC;503.49;0.06;473.28;255;4.37;1731;Supplier_41;India;Shanghai;14;4;0.2;0;2014;1.68;92.24;Green;Fabric;4;674;2294;2545;0.35;262.57;128258.88;1539106.56;35157;28658;13824;0.087;276.1;0.5;87;8883.54;6590;3269;0.78;49;55;112;88;4.95;12.73;0.16;0.528100828529808;0.478793211025569;PRODUCT_6347;12;210.71;77639;10.831143076969523;Standard;0.5099218046384556;624.1;4.516913776181194;0.4825084269872442
4239;Product_4239;Electronics;Sports;BrandC;192.18;0.5;96.09;529;4.9;400;Supplier_29;India;Mumbai;17;13;0.09;0;2010;18.39;60.72;Red;Fabric;5;94;1919;5306;0.25;158.51;28250.46;339005.52;82199;13956;8414;0.046;28.73;0.85;55;6499.72;2010;2386;1.17;8;33;5;77;1.78;23.45;0.06;0.5802419064222593;0.4021344505946105;PRODUCT_4239;12;-62.41999999999999;104569;5.835110155052354;Budget;0.3889353706445566;601.0;3.8155073741173147;0.4821961589746115
9029;Product_9029;Clothing;Home;BrandC;775.56;0.43;442.07;561;4.03;3106;Supplier_4;Germany;Shanghai;16;5;0.14;1;2020;25.9;61.31;White;Metal;5;595;1478;4194;0.29;614.54;133505.14;1602061.68;77065;5397;3788;0.137;129.36;0.1;55;8600.27;4873;4026;1.38;44;43;58;-26;2.6;46.18;0.07;0.5891546196928124;0.4894634090014629;PRODUCT_9029;12;-172.46999999999997;86250;8.491427842260377;Standard;0.3609226731955902;396.5;4.182102625095133;0.48208550689763746
5068;Product_5068;Sports;Beauty;BrandB;990.6502;0.43;569.43;490;4.55;951;Supplier_28;UK;Mumbai;16;1;0.28;1;2020;26.42;42.42;Green;Metal;5;335;460;9573;0.11;520.22;215813.97;2589767.64;25798;3327;23636;0.065;215.19;0.79;87;8036.44;5599;431;0.51;31;70;19;95;1.76;28.05;0.22;0.5976326815277722;0.6062203762431757;PRODUCT_5068;12;49.20999999999992;52761;3.100709304373086;Standard;0.3495895400045173;162.0;4.172637161093585;0.4815541777065905
8679;Product_8679;Toys;Home;BrandB;978.75;0.46;528.53;865;4.98;1362;Supplier_6;USA;Berlin;20;9;0.16;0;2018;30.16;85.78;Black;Fabric;4;62;274;8350;0.21;704.07;263736.47;3164837.64;9427;49736;2760;0.052;279.11;0.57;92;4700.6;5353;4132;1.25;48;63;110;47;3.97;42.8;0.23;0.6397083668806103;0.6904310592647578;PRODUCT_8679;12;-175.54000000000008;61923;4.558200592296999;Premium;0.4671265478559336;132.1;4.704435814816717;0.48122704988387505
5653;Product_5653;Home;Toys;BrandC;148.73;0.01;147.24;760;4.94;1112;Supplier_16;UK;Mumbai;1;4;0.07;0;2025;5.13;27.37;Blue;Metal;0;98;496;9227;0.18;121.92;35779.32;429351.84;78582;38955;23701;0.058;196.01;0.2;75;9117.13;7349;4816;0.62;56;13;1;20;4.29;8.8;0.2;0.5825574096426038;0.4129737198015443;PRODUCT_5653;12;25.320000000000007;141238;4.322967443842579;Budget;0.3639469107491738;292.7;3.9131927823841406;0.48110801671534764
6806;Product_6806;Clothing;Sports;BrandA;597.79;0.01;591.81;513;4.17;2547;Supplier_13;Germany;Berlin;6;11;0.0;1;2019;15.25;3.58;Green;Metal;3;715;2666;4823;0.26;414.22;149727.93;1796735.16;49511;38691;26959;0.097;268.47;0.74;50;413.04;8130;4944;1.13;20;58;131;-30;2.77;46.06;0.2;0.5589222650015456;0.5044051948188237;PRODUCT_6806;12;177.58999999999992;115161;7.81852088860955;Standard;0.4096663800056148;679.3;4.453764607835742;0.4810785234815939
7417;Product_7417;Clothing;Sports;BrandB;708.11;0.13;616.06;179;4.26;1547;Supplier_12;India;Shanghai;13;5;0.19;1;2022;3.63;11.1;Blue;Fabric;1;540;2843;9024;0.38;410.64;120131.7;1441580.4;57175;31073;19114;0.062;73.39;0.28;57;4320.77;7099;3170;0.7;39;27;167;48;4.52;30.43;0.06;0.5564881639091716;0.4736857508893426;PRODUCT_7417;12;205.42;107362;10.81942993056968;Standard;0.4585948619351864;693.9;4.330062070961417;0.48107565033135613
4310;Product_4310;Clothing;Clothing;BrandB;982.86;0.04;943.55;327;4.58;11;Supplier_11;USA;Berlin;11;11;0.24;0;2015;47.41;81.2;Red;Fabric;2;72;968;6975;0.08;785.37;320807.0;3849684.0;67241;23531;7724;0.179;155.42;0.43;75;7953.17;2206;4793;0.9;56;33;100;75;2.11;35.86;0.07;0.7714926683908278;0.7787365661452587;PRODUCT_4310;12;158.17999999999995;98496;1.8534166959601528;Standard;0.3200705921006369;299.8;3.618173812300584;0.48067430876980977
1344;Product_1344;Clothing;Home;BrandC;345.34;0.24;262.46;632;4.31;632;Supplier_12;Germany;London;13;11;0.24;1;2021;46.13;68.98;Green;Wood;2;741;2356;9332;0.42;207.8;117057.16;1404685.92;44595;10121;9287;0.064;37.8;0.42;59;1914.89;6429;3678;0.58;13;85;171;-42;1.01;17.39;0.13;0.5327310168649574;0.4650692643568856;PRODUCT_1344;12;54.65999999999997;64003;12.729955615980414;Standard;0.5485838173884551;614.4;4.4131304361390224;0.48015252032433386
8567;Product_8567;Toys;Electronics;BrandB;258.02;0.09;234.8;610;4.53;4285;Supplier_41;UK;Mumbai;13;9;0.26;1;2011;48.65;20.53;Black;Metal;0;409;1819;2620;0.39;166.64;108712.4;1304548.8;76467;6926;11108;0.122;191.03;0.43;88;4706.58;3270;2497;0.78;45;80;76;2;4.99;33.02;0.09;0.6070457803002013;0.4866930977712098;PRODUCT_8567;12;68.16000000000003;94501;11.925451726231849;Standard;0.5153118862036881;607.6;4.236577867737215;0.4799873881608881
9712;Product_9712;Toys;Electronics;BrandC;529.19;0.35;343.97;52;4.13;3693;Supplier_23;China;Mumbai;13;3;0.17;1;2018;18.3;27.63;Red;Plastic;0;777;1950;7794;0.1;322.68;109382.46;1312589.52;49754;28461;1772;0.036;287.49;0.53;58;5794.03;5521;4696;0.56;4;88;188;71;3.67;22.1;0.14;0.5221769603694505;0.4459929131232421;PRODUCT_9712;12;21.29000000000002;79987;2.8482002644471605;Standard;0.2838859387041477;498.1;4.429097491530102;0.4796044088995244
5827;Product_5827;Toys;Sports;BrandE;714.43;0.38;442.95;899;4.56;2552;Supplier_50;China;London;7;6;0.06;0;2020;49.91;90.52;Red;Wood;5;140;2772;6802;0.39;611.68;63341.85;760102.2;79937;46745;1039;0.061;80.45;0.78;95;8819.04;1453;1941;1.08;58;13;172;71;2.52;26.36;0.08;0.5781167922217418;0.4277226709759409;PRODUCT_5827;12;-168.72999999999996;127721;9.337727938980494;High_Margin;0.4112371595309743;694.2;3.9204585579001447;0.47876274919127126
4674;Product_4674;Toys;Electronics;BrandE;540.17;0.42;313.3;912;4.42;470;Supplier_21;China;New York;15;3;0.21;0;2010;39.51;7.04;Black;Fabric;2;300;2337;5663;0.08;320.28;33836.4;406036.8;87752;33338;8456;0.155;13.13;0.11;87;1617.82;3637;4138;0.62;37;90;33;-8;2.01;47.43;0.1;0.5576613093067574;0.3824998401086245;PRODUCT_4674;12;-6.979999999999961;129546;2.3308294890055588;Standard;0.2193797220069271;642.8;4.126826419692968;0.47876184179488535
6786;Product_6786;Beauty;Home;BrandA;211.1;0.14;181.55;946;4.8;4069;Supplier_7;USA;London;1;10;0.15;0;2015;32.12;49.0;Red;Plastic;5;331;1623;706;0.38;158.05;60093.05;721116.6;52724;11088;19740;0.133;195.43;0.52;64;3080.38;7051;874;1.29;16;99;44;-57;2.45;33.45;0.14;0.5401422664229791;0.4222432004807541;PRODUCT_6786;12;23.5;83552;11.996845485683062;Standard;0.547562210329312;600.7;4.28411452925539;0.47873984614106774
8883;Product_8883;Toys;Toys;BrandA;950.36;0.27;693.76;397;4.32;3665;Supplier_47;India;London;13;13;0.07;0;2014;34.53;88.28;White;Metal;2;281;2873;3028;0.38;710.34;106839.04;1282068.48;71657;39733;12040;0.089;229.97;0.43;68;8042.99;755;3508;0.85;18;88;118;-22;4.7;17.57;0.23;0.5790441591496406;0.4677665065406218;PRODUCT_8883;12;-16.58000000000004;123430;10.086050811293036;High_Margin;0.4053430890395587;692.4;4.095660577373947;0.4785268010703085
5318;Product_5318;Sports;Electronics;BrandD;244.87;0.42;142.02;415;4.93;2724;Supplier_6;USA;Berlin;17;6;0.24;1;2022;23.68;56.52;Red;Plastic;2;190;633;2678;0.07;175.29;57802.14;693625.68;54749;30484;4334;0.198;290.05;0.64;63;1053.76;6940;4979;1.02;17;93;32;-10;3.21;24.24;0.21;0.5526604929282831;0.4285986796725463;PRODUCT_5318;12;-33.26999999999998;89567;2.1714463529026324;Budget;0.3309280024926455;404.7;4.184268482800598;0.4785063574369697
833;Product_833;Sports;Sports;BrandE;907.82;0.21;717.18;120;4.04;3648;Supplier_6;UK;London;8;14;0.08;1;2019;12.99;63.27;Red;Fabric;3;655;1066;4233;0.06;783.43;335640.24;4027682.88;51966;24100;17737;0.094;18.56;0.25;60;9262.04;141;2084;0.75;38;66;57;17;1.23;41.2;0.17;0.7102499134365168;0.7555982103589938;PRODUCT_833;11;-66.25;93803;1.7200364405126116;Standard;0.2997793119423362;281.8;4.3032172694320785;0.47787182745939527
3091;Product_3091;Electronics;Sports;BrandC;242.46;0.04;232.76;73;4.32;4519;Supplier_18;USA;London;14;4;0.14;1;2014;13.87;6.31;White;Wood;0;852;2259;7238;0.3;177.93;109629.96;1315559.52;31242;8098;21204;0.169;187.08;0.65;75;4416.01;8701;745;1.46;31;57;85;-68;3.13;12.73;0.17;0.5005561720243221;0.4473875681510384;PRODUCT_3091;12;54.829999999999984;60544;10.224532684679035;Standard;0.5051158822047672;699.7;4.4793442901572895;0.47783001789849333
6623;Product_6623;Clothing;Toys;BrandC;952.99;0.13;829.1;794;4.59;3823;Supplier_30;India;New York;10;4;0.3;1;2022;17.27;54.4;Green;Wood;4;26;1519;8092;0.2;580.8;148408.9;1780906.8;74792;5176;5048;0.152;17.73;0.42;83;558.41;1244;3326;0.72;21;15;119;-48;4.49;17.37;0.11;0.641979249497531;0.54462530286832;PRODUCT_6623;12;248.30000000000007;85016;3.4854661359267545;Standard;0.297148692100413;419.2;3.1681757989207178;0.4777642721040015
4327;Product_4327;Sports;Toys;BrandD;414.15;0.02;405.87;603;4.55;4858;Supplier_46;India;Mumbai;18;14;0.15;0;2025;41.74;45.64;Black;Fabric;1;238;809;1676;0.45;331.48;115267.08;1383204.96;89026;6672;4254;0.017;73.13;0.28;65;7631.49;2331;2105;0.79;29;50;86;10;4.52;15.16;0.19;0.639296416856076;0.5046072952131633;PRODUCT_4327;12;74.38999999999999;99952;11.403681127663624;High_Margin;0.4940070015664421;300.0;4.025574300425739;0.4777568430321377
346;Product_346;Sports;Toys;BrandD;280.79;0.11;249.9;115;4.69;2053;Supplier_48;UK;Shanghai;8;9;0.1;0;2013;48.73;31.48;Red;Plastic;0;465;2537;4699;0.18;213.91;93712.5;1124550.0;39413;40292;22673;0.074;167.47;0.23;64;8615.43;1077;4920;1.42;5;89;162;30;3.49;27.73;0.14;0.5330742565984157;0.4538780249803941;PRODUCT_346;11;35.99000000000001;102378;5.570753704241207;Standard;0.4163924651061962;708.4;4.538134710859809;0.47728708047668494
7908;Product_7908;Clothing;Electronics;BrandC;590.15;0.41;348.19;515;4.95;2586;Supplier_26;Germany;London;15;3;0.07;0;2016;26.91;86.52;Red;Metal;0;252;2230;3985;0.37;330.36;144847.04;1738164.48;11444;39872;1675;0.028;29.78;0.84;96;7873.33;3701;1898;1.03;49;53;184;68;4.11;15.1;0.07;0.5410598156673151;0.524707063386729;PRODUCT_7908;12;17.829999999999984;52991;10.418166128365378;High_Margin;0.5765298230183558;628.7;4.890175089444172;0.47725822398772133
6030;Product_6030;Beauty;Clothing;BrandD;172.72;0.17;143.36;996;4.87;1693;Supplier_38;Germany;Shanghai;5;7;0.18;0;2017;34.01;68.62;White;Wood;2;221;1401;490;0.31;145.98;3153.92;37847.04;63761;722;4828;0.079;113.04;0.18;74;369.03;8394;3843;0.97;8;81;134;24;4.17;16.39;0.22;0.5197914591255336;0.3543168697316299;PRODUCT_6030;12;-2.619999999999976;69311;8.800779384842174;High_Margin;0.4559211891368183;507.3;4.111335660015109;0.4771769960097843
1099;Product_1099;Clothing;Clothing;BrandA;928.07;0.08;853.82;465;4.86;2129;Supplier_18;USA;Mumbai;19;10;0.26;1;2017;32.79;60.92;Red;Fabric;0;68;136;6300;0.11;819.73;116973.34;1403680.08;28424;20607;4643;0.124;121.43;0.2;64;3505.15;5112;344;1.11;3;70;184;-88;4.07;4.18;0.22;0.5443134627220048;0.4904488695153878;PRODUCT_1099;12;34.09000000000003;53674;2.54423395119005;Standard;0.3268213015887456;118.4;3.782639787315966;0.47669060096579874
4539;Product_4539;Sports;Beauty;BrandB;976.91;0.13;849.91;568;4.82;4153;Supplier_5;Germany;New York;13;8;0.3;0;2020;8.55;54.22;White;Plastic;0;236;240;8236;0.44;872.79;366311.21;4395734.52;1047;32535;3023;0.054;94.32;0.38;59;2156.84;6377;2206;1.24;12;54;62;42;2.69;22.01;0.15;0.6966675785688171;0.8175324623464602;PRODUCT_4539;12;-22.879999999999995;36605;12.222881692474632;Premium;0.6713005116009554;132.0;10.330123769921101;0.4765119503025675
4533;Product_4533;Sports;Clothing;BrandD;711.1;0.27;519.1;194;4.35;2822;Supplier_20;China;London;9;14;0.09;0;2013;21.31;62.13;White;Fabric;4;313;2768;3746;0.5;551.92;191547.9;2298574.8;80581;43883;18977;0.152;231.94;0.52;72;9031.77;4854;2528;0.79;7;76;130;-80;1.26;47.59;0.07;0.6707467047280284;0.5926146496203105;PRODUCT_4533;12;-32.819999999999936;143441;14.405679065491718;Standard;0.5460128333831059;712.3;4.148673688325898;0.4764729484581276
5259;Product_5259;Home;Beauty;BrandB;475.34;0.42;275.7;812;4.17;3991;Supplier_2;China;Shanghai;7;3;0.29;1;2019;4.26;30.22;Red;Metal;4;713;2898;7866;0.1;301.61;132887.4;1594648.8;57541;21095;1554;0.068;91.94;0.14;57;635.29;8811;2938;0.96;37;3;0;-35;3.63;40.06;0.13;0.5607796983283478;0.4858498500282174;PRODUCT_5259;12;-25.910000000000025;80190;2.926382152575708;Standard;0.2916585064756271;703.5;4.369674816468132;0.47591199401129136
4543;Product_4543;Clothing;Home;BrandB;759.41;0.08;698.66;170;4.2;3670;Supplier_47;China;Mumbai;10;2;0.11;1;2015;1.95;85.41;Red;Plastic;3;578;1543;4343;0.28;642.58;170473.04;2045676.48;52611;6875;25393;0.089;236.15;0.83;59;2998.28;8864;1617;1.24;3;53;10;-2;2.08;2.52;0.11;0.585021681850522;0.5369789621588075;PRODUCT_4543;12;56.07999999999993;84879;8.146691076138543;Standard;0.4075071155138865;429.6;4.250656209899777;0.4756610395221023
9675;Product_9675;Beauty;Electronics;BrandA;966.82;0.03;937.82;620;4.14;698;Supplier_35;Germany;Mumbai;3;11;0.01;1;2024;6.41;63.07;Black;Wood;1;603;2929;899;0.21;505.81;235392.82;2824713.84;39810;30143;1180;0.133;185.31;0.84;73;8845.32;8825;381;1.16;36;97;53;-22;1.07;43.14;0.21;0.6093756329210593;0.6155635976541919;PRODUCT_9675;12;432.0100000000001;71133;6.30771397290657;Standard;0.3790896914435449;685.4;4.3688639921606125;0.4754148931306466
6315;Product_6315;Toys;Electronics;BrandB;738.48;0.21;583.4;944;4.95;3679;Supplier_7;UK;New York;14;12;0.07;0;2023;12.88;6.65;Blue;Wood;0;4;1853;8359;0.21;495.92;82842.8;994113.6;41069;48588;20975;0.113;162.84;0.63;89;3096.29;8517;2047;1.23;17;95;69;11;3.55;11.34;0.14;0.5480181686360497;0.4564250099930977;PRODUCT_6315;12;87.47999999999996;110632;1.8620609202024505;Standard;0.3349693696571267;522.8;2.860391590988396;0.47505371724659745
4901;Product_4901;Toys;Electronics;BrandD;256.18;0.17;212.63;105;4.33;4687;Supplier_38;China;London;14;9;0.01;0;2020;45.26;97.3;Red;Wood;2;498;1601;1715;0.37;219.73;38911.29;466935.48;88744;22184;14789;0.037;278.06;0.18;100;1050.1;7282;960;1.14;12;54;48;42;4.4;16.11;0.06;0.5567262733454096;0.3843788995160012;PRODUCT_4901;12;-7.099999999999994;125717;10.321485226365638;Standard;0.4259016837327555;492.4;4.267037930953632;0.4749836573042747
1298;Product_1298;Sports;Beauty;BrandA;680.12;0.19;550.9;771;4.67;3533;Supplier_25;India;Mumbai;6;11;0.27;0;2014;27.8;3.11;Green;Wood;4;319;1710;6702;0.36;574.34;241845.1;2902141.2;33209;25287;17743;0.181;263.03;0.7;78;879.69;1936;2840;1.39;45;40;160;-42;3.26;28.78;0.08;0.6440141462816149;0.6544779428130699;PRODUCT_1298;12;-23.44000000000005;76239;11.452985185849744;Standard;0.571256955616931;505.6;4.327618440173633;0.47489412383264784
7343;Product_7343;Toys;Toys;BrandD;818.21;0.28;589.11;818;4.23;4032;Supplier_37;Germany;Mumbai;4;12;0.22;0;2016;32.49;96.0;White;Metal;5;722;1132;7456;0.23;710.98;291020.34;3492244.08;17722;22651;25086;0.111;282.53;0.56;61;3678.11;1332;1134;1.23;35;30;179;-1;1.94;47.17;0.16;0.6193147822444494;0.6852778647831638;PRODUCT_7343;12;-121.87;65459;7.11595370261671;Standard;0.4645035683938748;308.8;4.580989464735304;0.4748325925166844
7209;Product_7209;Toys;Sports;BrandD;366.0;0.27;267.18;218;4.65;914;Supplier_16;USA;London;15;1;0.23;0;2019;43.76;56.65;Blue;Wood;0;211;2707;9560;0.37;210.77;6145.14;73741.68;81248;25322;11533;0.053;289.95;0.21;59;2272.82;720;1414;1.14;18;67;184;-44;3.15;13.46;0.21;0.5396937981251203;0.3548823527097257;PRODUCT_7209;12;56.41;118103;9.704455039908575;High_Margin;0.4268063906470234;711.3;4.0649671211330825;0.474815263546475
9659;Product_9659;Home;Clothing;BrandA;829.13;0.48;431.15;228;4.03;1274;Supplier_39;India;New York;8;2;0.15;0;2025;45.09;16.21;Blue;Wood;5;722;1707;1771;0.17;710.01;194879.8;2338557.6;46699;42;23612;0.074;172.79;0.81;68;5294.38;8315;42;1.38;7;28;151;48;2.54;32.81;0.08;0.5801829940727233;0.5564269606388887;PRODUCT_9659;12;-278.86;70353;4.8440553888004425;Standard;0.3276933411893529;411.4;4.24554356423557;0.4744398842837119
482;Product_482;Beauty;Toys;BrandE;589.01;0.24;447.65;733;4.34;1669;Supplier_43;Germany;Mumbai;16;5;0.28;1;2017;44.07;84.37;Green;Fabric;1;802;651;4572;0.17;311.6;213081.4;2556976.8;6176;37741;18737;0.073;137.42;0.66;56;8112.35;395;3375;1.09;49;65;171;-25;4.82;25.78;0.08;0.5392778730378361;0.577212698254661;PRODUCT_482;11;136.04999999999995;62654;5.2948988798302645;Standard;0.4361268030484307;235.6;5.6335245280657515;0.47429816950126613
9423;Product_9423;Home;Toys;BrandE;255.16;0.08;234.75;562;4.82;2166;Supplier_21;China;London;5;13;0.25;0;2011;19.16;92.43;Blue;Wood;5;472;1045;7047;0.4;222.16;107515.5;1290186.0;19123;20791;10978;0.127;166.46;0.4;74;4504.95;1835;2811;1.2;52;59;179;65;1.28;42.93;0.16;0.5145309901525823;0.4691802806305417;PRODUCT_9423;12;12.590000000000003;50892;13.382827369457027;Standard;0.6253693693316078;475.4;4.609083116961381;0.47393987671736687
6898;Product_6898;Clothing;Electronics;BrandE;786.14;0.5;393.07;181;4.22;115;Supplier_18;Germany;London;20;9;0.26;1;2022;44.35;27.27;Red;Metal;3;654;1154;7506;0.23;405.54;130106.17;1561274.04;33177;10602;28298;0.076;162.66;0.61;55;9617.77;9631;2072;1.47;36;76;61;-36;2.63;48.93;0.22;0.5136984223468329;0.4705690068147958;PRODUCT_6898;12;-12.470000000000027;72077;6.772329968645352;Standard;0.3795422756402526;320.9;4.345765840343259;0.4737055425441925
7185;Product_7185;Home;Clothing;BrandE;947.14;0.13;824.01;218;4.07;2559;Supplier_26;USA;London;14;10;0.09;1;2022;14.91;33.21;White;Metal;5;543;858;9467;0.35;594.68;306531.72;3678380.64;61493;8756;16118;0.177;173.85;0.75;89;1365.1;6903;56;0.61;3;32;53;-39;4.59;12.19;0.14;0.7071537543938342;0.7228336585747123;PRODUCT_7185;12;229.33000000000004;86367;10.561048218926183;Standard;0.4741539516762292;252.0;4.176057736893061;0.47354340646907367
6051;Product_6051;Toys;Toys;BrandD;872.9;0.27;637.22;597;4.56;796;Supplier_27;China;New York;12;13;0.15;1;2021;19.25;59.83;Red;Wood;4;160;2216;1889;0.2;556.1;282288.46;3387461.52;60591;33361;23384;0.02;280.88;0.76;50;7682.68;9869;2005;1.44;54;62;155;-82;1.45;49.47;0.12;0.7241003098079628;0.7200035790335028;PRODUCT_6051;12;81.12;117336;4.726925596483147;Standard;0.3883879326160491;542.5;3.9666804104819104;0.47351215483918363
3502;Product_3502;Beauty;Electronics;BrandC;410.94;0.49;209.58;463;4.55;1500;Supplier_25;UK;Berlin;10;10;0.06;0;2011;21.16;2.82;Red;Wood;1;381;1125;2823;0.29;242.77;79221.24;950654.88;62302;37306;3047;0.178;121.22;0.54;90;4447.19;8492;731;0.97;38;94;96;65;3.79;3.58;0.23;0.5554357560016171;0.4385401224281378;PRODUCT_3502;12;-33.19;102655;9.24138937682041;Standard;0.4395219499518213;423.9;4.317926838672318;0.47348183287157736
2221;Product_2221;Toys;Beauty;BrandD;957.71;0.04;919.4;379;4.78;2071;Supplier_50;Germany;Berlin;8;8;0.25;0;2012;6.13;81.36;Black;Metal;0;213;2532;2448;0.48;837.31;162733.8;1952805.6;10481;27615;3980;0.12;221.5;0.85;82;9223.75;2731;1559;0.95;7;68;195;-91;3.66;3.67;0.08;0.5406209970789256;0.5380753750102871;PRODUCT_2221;12;82.09000000000003;42076;13.789098813130074;Premium;0.6092554457348109;632.5;4.585343940976778;0.4721003317475122
2876;Product_2876;Sports;Beauty;BrandE;525.45;0.24;399.34;69;4.45;1859;Supplier_41;China;London;18;6;0.23;0;2012;49.2;50.57;Blue;Fabric;3;677;1071;2362;0.17;454.96;198871.32;2386455.84;15576;25608;116;0.12;81.63;0.47;64;4938.15;9979;1532;0.94;19;19;49;15;4.04;4.67;0.08;0.5548945002799381;0.5701704495319768;PRODUCT_2876;12;-55.620000000000005;41300;5.52354311412614;Standard;0.4367938085136837;347.6;4.716472474498193;0.4720589543826738
1032;Product_1032;Sports;Toys;BrandA;680.96;0.0;680.96;441;4.79;296;Supplier_26;USA;Mumbai;11;2;0.17;1;2022;49.69;53.76;Green;Metal;1;48;747;3643;0.3;596.18;167516.16;2010193.92;60808;9147;13633;0.112;136.35;0.77;72;8952.21;2450;2345;1.49;21;60;181;-96;4.08;43.15;0.12;0.6461240149744167;0.5755538538084068;PRODUCT_1032;12;84.78000000000009;83588;6.218910894444088;High_Margin;0.4239547433180295;276.2;3.502812976499875;0.4720510447132406
161;Product_161;Electronics;Toys;BrandB;181.22;0.17;150.41;350;4.15;4928;Supplier_9;Germany;London;19;4;0.15;1;2012;13.45;63.48;Red;Wood;1;724;1429;4645;0.47;126.38;30082.0;360984.0;81250;39850;7544;0.172;136.25;0.5;65;1279.99;2550;122;1.12;58;2;129;99;4.11;26.55;0.1;0.5198885244709929;0.3561070787377194;PRODUCT_161;11;24.03;128644;15.05589619659462;Standard;0.5174014388954039;477.8;4.392560969634178;0.4718848812231192
3517;Product_3517;Clothing;Home;BrandD;347.09;0.28;249.9;273;4.84;742;Supplier_9;Germany;New York;11;6;0.07;1;2015;13.33;41.56;Red;Metal;2;26;257;4841;0.25;267.35;32736.9;392842.8;84864;19574;5113;0.09;164.8;0.59;66;6011.39;542;1763;0.59;33;96;12;-13;3.32;16.1;0.12;0.5845570152462878;0.40612071254219;PRODUCT_3517;12;-17.450000000000017;109551;4.3468792425731095;Standard;0.3390029904117185;217.4;3.3004650254364223;0.4716727115782685
5816;Product_5816;Electronics;Toys;BrandB;309.98;0.02;303.78;982;4.13;2033;Supplier_1;UK;Mumbai;11;1;0.27;1;2025;31.15;39.89;Black;Metal;0;598;2849;289;0.16;156.52;89007.54;1068090.48;95212;5080;20961;0.153;168.12;0.41;53;4258.71;4513;4919;1.45;46;44;60;-13;1.61;29.22;0.14;0.5959203681286607;0.4449921274525217;PRODUCT_5816;12;147.25999999999996;121253;4.872565160231996;Standard;0.2845417424083127;726.5;4.22077556307931;0.47151130060366847
4385;Product_4385;Sports;Electronics;BrandA;456.53;0.11;406.31;625;4.99;4049;Supplier_8;China;New York;17;9;0.06;0;2025;5.63;3.9;Blue;Fabric;1;53;2563;3750;0.45;379.77;29660.63;355927.56;48299;6213;26880;0.156;191.58;0.81;67;5466.25;2763;3631;1.41;22;5;42;90;4.53;2.68;0.15;0.5208212123687188;0.3895086658562955;PRODUCT_4385;12;26.54000000000002;81392;10.354596810103452;High_Margin;0.518115397060936;765.5;3.617320859355332;0.4713772585752133
7660;Product_7660;Toys;Beauty;BrandC;179.04;0.27;130.7;227;4.24;4377;Supplier_49;China;Berlin;12;1;0.28;1;2014;35.62;63.17;White;Plastic;5;699;2151;2491;0.48;141.47;33851.3;406215.6;71642;25279;26499;0.176;215.71;0.49;73;6747.74;9612;992;0.91;25;21;184;-64;1.95;2.98;0.12;0.5110490437219481;0.3613330706708256;PRODUCT_7660;12;-10.77000000000001;123420;15.679324228707276;Standard;0.5484430106957516;676.3;4.387002469853882;0.47067658603789114
8727;Product_8727;Sports;Beauty;BrandD;137.39;0.48;71.44;478;4.62;713;Supplier_14;Germany;Shanghai;4;1;0.25;1;2022;48.58;37.56;White;Metal;1;387;388;6729;0.34;114.49;10358.8;124305.6;72220;45406;7279;0.18;131.7;0.35;80;4586.16;6485;2177;1.23;17;18;150;76;4.23;14.7;0.07;0.5227893087713914;0.3533931530144123;PRODUCT_8727;12;-43.05;124905;11.048985681226682;Standard;0.4701862166536605;336.3;4.358145697189659;0.4706620589204106
6531;Product_6531;Toys;Clothing;BrandC;567.42;0.28;408.54;946;4.84;1589;Supplier_36;UK;London;7;10;0.3;0;2010;32.13;50.66;Blue;Metal;3;256;439;7614;0.31;317.1;75988.44;911861.28;25744;2555;17085;0.027;127.92;0.23;61;245.05;3778;1286;1.41;26;96;90;83;1.85;29.45;0.07;0.5027819222717961;0.4306750181980834;PRODUCT_6531;12;91.44;45384;8.55063126923676;High_Margin;0.4802506386424787;240.6;4.175479719228442;0.47030116200802574
5312;Product_5312;Toys;Home;BrandA;375.14;0.06;352.63;830;4.16;2561;Supplier_24;India;Berlin;20;2;0.07;1;2014;40.91;11.15;Red;Wood;1;555;637;7232;0.36;264.1;172788.7;2073464.4;92085;23219;8694;0.084;274.07;0.16;59;6450.12;3140;323;0.84;48;94;156;83;1.77;11.03;0.09;0.6627347835217567;0.5613209705731106;PRODUCT_5312;12;88.52999999999997;123998;10.261125135657126;Standard;0.4440836813996844;239.7;4.242736812189021;0.4702222211519055
5580;Product_5580;Sports;Home;BrandB;785.95;0.3;550.16;275;4.49;3470;Supplier_46;UK;New York;2;2;0.04;1;2014;44.59;11.29;Black;Plastic;5;384;2028;4809;0.34;473.57;190355.36;2284264.32;37655;35737;29751;0.168;138.27;0.58;74;8728.59;7775;4067;1.4;57;35;164;-76;4.08;49.54;0.23;0.5950759182864638;0.5741599818220712;PRODUCT_5580;12;76.58999999999997;103143;10.61504244817652;Standard;0.5011283467204437;552.0;4.367110107583126;0.4699177790884504
9835;Product_9835;Beauty;Toys;BrandB;883.76;0.09;804.22;353;4.37;4193;Supplier_30;UK;Mumbai;5;7;0.19;1;2013;11.57;1.24;Green;Fabric;5;369;155;6236;0.35;651.07;398893.12;4786717.44;50128;38623;5352;0.108;204.54;0.75;80;3065.55;5886;1488;1.2;2;53;90;4;2.55;19.56;0.2;0.7863271248412783;0.8634080336775463;PRODUCT_9835;12;153.14999999999998;94103;10.021530754613096;Standard;0.5359136122715252;103.5;4.267498712628752;0.46991320443753176
5446;Product_5446;Electronics;Beauty;BrandE;638.4;0.36;408.58;868;4.88;4527;Supplier_23;China;Shanghai;20;10;0.13;1;2022;36.76;8.45;Green;Metal;3;112;2973;7341;0.31;337.27;112359.5;1348314.0;38634;47997;11318;0.105;257.76;0.88;61;5594.06;5391;1453;0.93;43;35;85;25;4.63;36.81;0.09;0.5624447551608083;0.4914519397402253;PRODUCT_5446;12;71.31;97949;7.902509482823572;High_Margin;0.4658918353087788;777.6;4.091425386841979;0.46990343978700844
4288;Product_4288;Sports;Toys;BrandC;309.28;0.46;167.01;242;4.44;4762;Supplier_29;India;New York;9;14;0.28;0;2022;45.29;54.67;Black;Wood;1;400;1387;2957;0.08;214.05;56783.4;681400.8;82142;6789;20759;0.042;290.49;0.64;86;5568.95;998;4700;1.16;47;86;7;-18;4.38;43.31;0.15;0.5673954055378139;0.4122629698649731;PRODUCT_4288;12;-47.04000000000002;109690;2.218475413136424;Standard;0.251777581414295;395.0;4.190114482539097;0.4696345464731943
8019;Product_8019;Electronics;Toys;BrandE;542.86;0.01;537.43;361;4.7;3445;Supplier_28;UK;Mumbai;5;7;0.16;0;2012;40.82;54.14;Blue;Fabric;1;185;1720;9423;0.16;304.57;63954.17;767450.04;60821;30991;16936;0.199;191.44;0.65;88;4143.05;8184;1474;1.24;36;69;98;-96;4.46;20.92;0.17;0.5515955480806921;0.4260612290567248;PRODUCT_8019;12;232.86;108748;4.711784036860161;Standard;0.333429670577504;536.5;4.072207549641806;0.46952251922600985
512;Product_512;Clothing;Electronics;BrandB;310.41;0.05;294.89;261;4.57;4002;Supplier_33;Germany;Mumbai;15;2;0.08;0;2010;43.24;13.87;White;Metal;0;530;2171;9453;0.06;157.25;115301.99;1383623.88;39518;5959;26462;0.117;54.29;0.55;80;7288.59;5529;4423;1.28;18;18;157;84;4.06;8.27;0.16;0.5418950087900367;0.4762264926857106;PRODUCT_512;11;137.64;71939;1.9218428965328107;Standard;0.3247174948271035;609.0;4.368063217323134;0.4689008770183207
5013;Product_5013;Home;Clothing;BrandD;461.15;0.23;355.09;324;4.35;1911;Supplier_40;China;Shanghai;8;4;0.13;1;2012;11.99;70.25;Blue;Fabric;2;316;2319;3220;0.39;249.09;64626.38;775516.56;97138;44486;13485;0.14;203.85;0.3;82;3360.62;9851;435;0.89;26;31;112;33;2.62;8.35;0.11;0.5968074535103098;0.4263877020847155;PRODUCT_5013;12;105.99999999999996;155109;11.137773619696398;Standard;0.4216936878375632;629.5;4.1351541127504845;0.46874222484311556
3065;Product_3065;Home;Electronics;BrandA;984.34;0.43;561.07;938;4.19;4566;Supplier_6;India;Berlin;1;5;0.09;0;2019;14.02;87.76;White;Wood;0;312;2778;7395;0.44;507.81;191885.94;2302631.28;78072;7584;2717;0.062;48.74;0.15;89;5361.32;5634;2648;0.65;37;29;72;20;1.19;31.9;0.13;0.6532130884338941;0.581338211492686;PRODUCT_3065;12;53.26000000000005;88373;11.250509614608776;Standard;0.4435774151764861;647.6;3.9939094963205806;0.46864450147853526
6106;Product_6106;Home;Home;BrandD;909.17;0.09;827.34;783;4.79;2041;Supplier_15;India;Berlin;6;6;0.2;1;2011;48.28;30.53;White;Metal;5;106;1272;7893;0.47;632.77;119964.3;1439571.6;29917;10372;5013;0.08;47.25;0.43;55;2843.81;8915;1353;1.12;60;7;4;22;4.03;41.12;0.25;0.5442227834919235;0.4910161519466108;PRODUCT_6106;12;194.57000000000005;45302;11.361534719426018;Premium;0.5338358483324668;344.2;3.854470036976928;0.4686133203930808
6361;Product_6361;Toys;Clothing;BrandA;575.57;0.08;529.52;584;4.48;2828;Supplier_20;UK;London;14;3;0.15;1;2018;2.2;44.77;Green;Plastic;4;193;755;2445;0.28;315.03;231929.76;2783157.12;89178;22002;28408;0.143;201.06;0.82;58;5695.53;340;4981;0.51;29;9;114;67;4.85;11.05;0.23;0.73240535669917;0.6621422350845769;PRODUCT_6361;12;214.49;139588;7.552945457015293;High_Margin;0.4162476127649543;290.6;3.948487272237321;0.4682962667097119
9816;Product_9816;Sports;Toys;BrandE;777.5;0.15;660.88;427;4.72;1889;Supplier_48;China;Mumbai;17;13;0.23;1;2022;48.5;80.8;Black;Metal;5;264;1100;9863;0.16;667.5;123584.56;1483014.72;23756;6630;21539;0.098;298.42;0.7;90;4067.01;9071;1067;0.69;22;23;164;-29;3.35;13.93;0.21;0.5293526218555485;0.4878637918404669;PRODUCT_9816;12;-6.6200000000000045;51925;4.626765537114105;Standard;0.3765266112960384;342.3;4.175709408084336;0.4681495106250997
8984;Product_8984;Toys;Beauty;BrandA;239.68;0.04;230.09;57;4.74;3795;Supplier_27;India;London;16;9;0.05;0;2015;32.33;6.42;Red;Fabric;1;192;961;9417;0.37;189.93;104460.86;1253530.32;78269;43101;355;0.021;42.21;0.28;55;2049.9;2477;505;1.08;8;41;40;-97;2.91;49.09;0.22;0.6238641497734999;0.4953134709116589;PRODUCT_8984;12;40.16;121725;9.423529880420716;High_Margin;0.4802132156084744;382.9;4.111211633701192;0.46813611725107107
4706;Product_4706;Beauty;Electronics;BrandC;989.99;0.13;861.29;174;4.31;4724;Supplier_21;India;Shanghai;13;2;0.16;1;2013;43.4;61.78;White;Wood;3;447;1933;1738;0.17;781.5;182593.48;2191121.76;35679;2041;2830;0.167;265.34;0.6;92;8880.08;7245;3292;0.65;27;29;151;-11;4.35;6.67;0.15;0.5701761846968839;0.5506809855462591;PRODUCT_4706;12;79.78999999999996;40550;5.219969995622666;Standard;0.3442889856031663;493.9;4.177358196578764;0.4678595688917176
8013;Product_8013;Electronics;Clothing;BrandE;477.37;0.03;463.05;409;4.17;1017;Supplier_9;UK;London;14;9;0.15;0;2015;19.96;82.07;Black;Fabric;0;836;1989;5251;0.23;423.88;206520.3;2478243.6;31832;23366;19203;0.133;145.86;0.39;95;4339.3;6323;2824;1.49;54;35;75;-59;2.02;15.63;0.19;0.5714632874360956;0.5726220299428624;PRODUCT_8013;12;39.170000000000016;74401;7.313032643385315;Standard;0.4418533676575754;523.4;4.506737871472996;0.46755796157627494
1728;Product_1728;Home;Clothing;BrandD;737.59;0.33;494.19;198;4.22;243;Supplier_16;USA;Berlin;11;11;0.04;0;2011;15.34;89.83;Blue;Plastic;1;399;131;7569;0.43;376.66;184332.87;2211994.44;78513;20522;23995;0.157;104.35;0.11;97;5622.37;3203;2650;0.71;16;99;5;-30;1.37;28.68;0.06;0.6501242111514509;0.5730394537682393;PRODUCT_1728;12;117.52999999999996;123030;12.57903308322974;Standard;0.4838433631611427;141.0;4.13686251187492;0.46750877878627534
6151;Product_6151;Beauty;Sports;BrandD;507.24;0.48;263.76;252;4.03;1956;Supplier_19;USA;London;14;6;0.23;0;2022;8.69;7.86;White;Fabric;4;789;2878;1498;0.12;418.95;104976.48;1259717.76;58466;45646;13258;0.136;137.39;0.36;52;1585.39;3534;1597;0.98;11;59;79;-35;2.02;48.58;0.1;0.5278871331148108;0.4387055509297567;PRODUCT_6151;12;-155.19;117370;3.665412070434769;Standard;0.2763367160447331;716.0;4.436958630242033;0.4673552293753585
6968;Product_6968;Sports;Clothing;BrandE;368.89;0.4;221.33;726;4.11;2324;Supplier_28;UK;New York;9;13;0.17;0;2022;28.76;25.02;Blue;Metal;4;590;2942;3731;0.25;316.4;5311.92;63743.04;92287;10054;11975;0.183;232.51;0.83;82;7263.42;5919;189;1.11;56;43;116;-61;3.09;38.7;0.23;0.5178722897972068;0.325790266103316;PRODUCT_6968;12;-95.06999999999996;114316;7.75730477817768;Standard;0.3093111827460056;746.6;4.21851495789594;0.46668630222775187
5634;Product_5634;Clothing;Electronics;BrandB;841.86;0.23;648.23;865;4.46;819;Supplier_35;Germany;Mumbai;5;1;0.11;1;2010;21.2;96.0;White;Wood;5;261;2659;7153;0.2;735.62;293648.19;3523778.28;57246;3020;15052;0.02;139.4;0.79;75;143.23;4141;1316;0.99;54;24;72;-72;2.79;7.22;0.07;0.7189912309786382;0.7273631865170294;PRODUCT_5634;12;-87.38999999999999;75318;5.066302563301996;Standard;0.3930711382375937;628.1;4.021888757029716;0.4666236784519136
1606;Product_1606;Sports;Sports;BrandD;601.8;0.08;553.66;215;4.6;585;Supplier_2;Germany;London;2;11;0.09;1;2019;33.85;46.12;Green;Metal;3;427;62;4716;0.17;499.33;178832.18;2145986.16;27276;36546;19627;0.103;99.38;0.68;63;2101.19;3996;1698;0.73;50;66;72;11;4.57;10.28;0.12;0.5733950093300769;0.5589778761006223;PRODUCT_1606;12;54.329999999999984;83449;5.226272475856296;Standard;0.4121295512096144;117.4;4.531621121611513;0.4663654795794703
9164;Product_9164;Sports;Clothing;BrandD;355.25;0.4;213.15;727;4.18;3730;Supplier_14;UK;Shanghai;4;14;0.04;0;2016;14.63;15.37;White;Wood;1;597;2552;4011;0.45;294.22;77160.3;925923.6;81412;15581;14139;0.056;32.39;0.5;66;4232.04;8826;2060;0.5;11;85;170;24;4.06;6.74;0.24;0.5623230883203698;0.4234673298304738;PRODUCT_9164;12;-81.07000000000002;111132;12.699819483839285;Standard;0.4773782999610241;636.1;4.267713214074726;0.4661444612507318
8284;Product_8284;Beauty;Clothing;BrandC;376.77;0.01;373.0;50;4.24;3256;Supplier_36;USA;Shanghai;14;5;0.21;1;2024;47.6;73.35;White;Wood;1;537;1183;9363;0.43;332.61;102948.0;1235376.0;81014;41681;6613;0.111;73.55;0.87;81;1136.66;9524;149;1.43;37;9;29;-82;4.13;14.08;0.16;0.5880788769770551;0.462860921145068;PRODUCT_8284;12;40.38999999999999;129308;12.736530360571418;Standard;0.4868197210961222;383.4;4.314041688562208;0.466131209043407
6105;Product_6105;Beauty;Clothing;BrandA;165.13;0.41;97.43;53;5.0;4316;Supplier_27;Germany;Berlin;15;4;0.27;1;2012;48.2;90.1;Blue;Wood;2;143;401;5182;0.19;91.68;28059.84;336718.08;52601;33699;20733;0.022;177.1;0.24;54;4510.66;5846;3861;0.75;52;43;127;-44;1.73;13.45;0.13;0.5288762378448906;0.3905084124710845;PRODUCT_6105;12;5.75;107033;4.825191732558339;Budget;0.3950230319094006;272.1;4.116055963734508;0.4654829459779057
2793;Product_2793;Clothing;Clothing;BrandB;157.97;0.09;143.75;897;4.82;4074;Supplier_11;UK;Berlin;12;3;0.06;0;2010;34.93;7.29;Black;Metal;2;160;1271;9014;0.44;118.42;40250.0;483000.0;77149;25264;27867;0.027;235.92;0.69;88;7122.46;9670;4251;0.86;17;52;183;70;2.8;8.61;0.2;0.5738619953325081;0.4106389385441035;PRODUCT_2793;12;25.33;130280;11.067611721445044;High_Margin;0.5095556504045781;479.1;4.026055789986579;0.4651370224961178
7686;Product_7686;Clothing;Sports;BrandA;977.72;0.18;801.73;711;4.69;1821;Supplier_26;India;Berlin;3;2;0.27;0;2013;7.77;60.14;Red;Fabric;0;48;2325;754;0.2;654.16;219674.02;2636088.24;47490;45423;15201;0.162;291.41;0.66;75;6804.29;9990;787;0.55;53;59;42;68;4.99;30.98;0.24;0.6554791397530522;0.6335551434300688;PRODUCT_7686;12;147.57000000000005;108114;4.2419128848474665;Standard;0.3665991106554891;593.8;3.62402312871993;0.4649454917540322
1197;Product_1197;Toys;Home;BrandD;620.71;0.49;316.56;798;4.1;562;Supplier_6;UK;Shanghai;17;9;0.22;1;2012;24.52;52.81;Black;Metal;5;527;1767;1791;0.41;403.9;136753.92;1641047.04;82805;3488;2022;0.079;292.2;0.58;87;8566.49;4416;1013;0.68;29;5;148;59;4.72;6.59;0.13;0.6089766857551582;0.5018971188774191;PRODUCT_1197;12;-87.33999999999997;88315;11.370880570290131;Standard;0.4373166711864836;445.2;4.15606312552284;0.46493312220407584
3165;Product_3165;Toys;Clothing;BrandC;420.1;0.12;369.69;694;4.08;1467;Supplier_10;China;Berlin;11;1;0.29;1;2024;46.43;78.6;Green;Plastic;4;874;670;6934;0.07;327.75;165251.43;1983017.16;42168;20474;9734;0.092;148.28;0.51;72;3962.95;8064;4889;1.35;47;15;147;16;1.5;29.15;0.16;0.5501281238625242;0.5157848097970212;PRODUCT_3165;12;41.94;72376;2.1127124294025585;Standard;0.2947322843702327;237.6;4.438796365394877;0.4647656387005408
7224;Product_7224;Sports;Home;BrandD;555.16;0.04;532.95;471;4.38;3099;Supplier_15;UK;Berlin;15;4;0.26;1;2015;30.47;15.34;Red;Plastic;4;346;394;1435;0.4;394.06;260612.55;3127350.6;77457;15951;766;0.155;81.44;0.24;94;6113.74;6639;2699;0.71;23;83;155;29;2.28;33.9;0.17;0.7251537544667045;0.6885192910049598;PRODUCT_7224;12;138.89000000000004;94174;11.836459651709268;Standard;0.5256385589021672;235.5;4.132916634934706;0.4645449643242114
8761;Product_8761;Toys;Electronics;BrandA;125.08;0.33;83.8;842;4.9;981;Supplier_35;USA;Mumbai;2;11;0.0;0;2010;9.62;94.52;Blue;Metal;2;215;2991;852;0.26;65.31;32933.4;395200.8;57915;26358;4407;0.06;81.39;0.55;81;1486.48;2521;1666;0.73;37;38;106;-60;2.45;38.39;0.14;0.5356166769548119;0.394061621906898;PRODUCT_8761;12;18.489999999999995;88680;7.258990972873005;High_Margin;0.4391771366749307;851.8;4.2011344140967175;0.464358530052452
7850;Product_7850;Home;Home;BrandB;174.94;0.04;167.94;334;4.14;4171;Supplier_35;USA;Berlin;10;4;0.2;0;2019;2.53;64.64;Green;Wood;0;728;2206;1183;0.06;118.07;38122.38;457468.56;78577;7847;25470;0.026;175.74;0.59;96;8452.45;7047;835;1.2;23;78;89;-87;3.11;34.72;0.08;0.5205237777190865;0.3650228048160421;PRODUCT_7850;12;49.870000000000005;111894;1.6799434206617554;Standard;0.2215736769093101;583.8;4.312642258370995;0.46381273112193133
535;Product_535;Beauty;Toys;BrandA;789.28;0.01;781.39;776;4.27;3745;Supplier_22;India;New York;19;2;0.11;0;2020;35.29;12.58;Green;Wood;0;314;2373;2316;0.27;470.03;356313.84;4275766.08;79488;1858;1555;0.183;249.5;0.28;79;921.87;7134;1497;0.7;22;22;173;13;3.18;8.82;0.08;0.8011403393464439;0.8155281226257245;PRODUCT_535;11;311.36;82901;7.845822797442352;Standard;0.4388381371389308;626.8;4.0137039750149555;0.46355815471668294
393;Product_393;Beauty;Toys;BrandC;788.21;0.12;693.62;512;4.03;3993;Supplier_19;Germany;Shanghai;7;14;0.01;0;2014;24.44;22.87;Green;Wood;0;461;1264;1093;0.47;463.25;102655.76;1231869.12;90000;9368;10149;0.129;199.71;0.28;60;4887.24;5210;3712;0.6;33;3;21;68;3.58;46.7;0.09;0.5890070689327267;0.4544077110908915;PRODUCT_393;11;230.37;109517;13.120530636563457;Standard;0.4332663983428508;350.1;4.087043734210473;0.46332784067891936
2925;Product_2925;Sports;Beauty;BrandE;223.86;0.04;214.91;18;4.88;1973;Supplier_14;USA;Shanghai;9;10;0.0;0;2021;18.32;59.11;White;Plastic;3;104;986;4539;0.34;184.24;29442.67;353312.04;71416;2009;13959;0.078;207.82;0.6;74;2631.39;3715;2507;0.67;10;35;189;-26;2.25;32.57;0.11;0.5580782993917723;0.3960384258291924;PRODUCT_2925;12;30.669999999999987;87384;8.324155391993909;High_Margin;0.4447217137269955;417.4;3.8192103302724862;0.463257716230957
7307;Product_7307;Toys;Electronics;BrandB;283.98;0.11;252.74;933;4.35;1569;Supplier_50;Germany;Shanghai;9;8;0.03;1;2023;25.03;65.57;Green;Wood;4;521;2386;8991;0.19;160.52;81635.02;979620.24;73586;26825;29160;0.036;112.86;0.32;59;5440.82;9553;2831;1.25;2;97;11;-44;1.15;45.02;0.1;0.5640431635599021;0.435861780495645;PRODUCT_7307;12;92.22;129571;5.358152902794861;Standard;0.3359224750231704;649.3;4.315974925240844;0.46325372593991265
8375;Product_8375;Sports;Beauty;BrandE;824.17;0.1;741.75;346;4.5;3741;Supplier_34;India;London;5;14;0.28;0;2023;32.7;98.67;Blue;Plastic;0;340;1939;1897;0.44;663.26;93460.5;1121526.0;37292;26907;26914;0.051;215.53;0.18;56;4795.44;6285;911;1.04;46;8;30;-81;3.42;22.69;0.24;0.5134190583678645;0.4400954668611424;PRODUCT_8375;12;78.49000000000001;91113;12.136030797577453;Standard;0.5022579442646186;488.7;4.2770573993656225;0.46324429833010766
8972;Product_8972;Beauty;Beauty;BrandE;428.05;0.13;372.4;802;4.49;168;Supplier_23;India;London;13;6;0.06;1;2019;28.01;17.05;White;Fabric;2;505;443;6100;0.34;340.5;156408.0;1876896.0;43070;31900;26557;0.024;98.47;0.17;74;4243.73;5008;4942;0.79;12;26;109;-79;3.13;17.0;0.14;0.5772729670852372;0.5302917189458458;PRODUCT_8972;12;31.899999999999977;101527;9.733561220438268;Standard;0.4983642936383146;199.9;4.434745617331889;0.4628859701376599
5586;Product_5586;Clothing;Sports;BrandE;880.43;0.14;757.17;366;4.96;4550;Supplier_19;USA;Berlin;17;14;0.24;1;2017;42.46;20.02;Blue;Plastic;2;42;266;7475;0.23;495.12;188535.33;2262423.96;14876;8448;11808;0.017;188.18;0.19;57;8807.07;48;1253;0.58;45;56;30;62;3.7;11.16;0.13;0.5855758894472778;0.5880443933166778;PRODUCT_5586;12;262.04999999999995;35132;4.36372030254693;Premium;0.4298308312630421;130.4;3.6020589653416897;0.4625620049119376
4143;Product_4143;Electronics;Beauty;BrandC;681.59;0.23;524.82;88;4.36;4807;Supplier_32;China;Shanghai;4;14;0.07;1;2017;4.29;58.42;White;Plastic;2;528;2335;4961;0.18;397.12;198381.96;2380583.52;37150;28538;6509;0.109;73.91;0.67;60;1926.0;1563;586;1.32;6;92;113;78;3.11;45.13;0.17;0.5904361986111497;0.5766775768908392;PRODUCT_4143;12;127.70000000000005;72197;5.457912138946534;Standard;0.3852541533314462;592.5;4.40603198108787;0.4623646780584654
9550;Product_9550;Toys;Home;BrandB;308.04;0.22;240.27;278;4.41;2164;Supplier_27;India;Mumbai;2;4;0.01;1;2017;12.47;99.0;Green;Plastic;0;350;302;5311;0.46;275.38;19461.87;233542.44;91705;24964;26981;0.023;250.41;0.29;78;199.89;8808;2385;0.51;8;89;184;-31;2.92;11.04;0.19;0.5526435887363232;0.3642806502246923;PRODUCT_9550;12;-35.109999999999985;143650;12.16264232438008;Standard;0.4571739308995458;169.4;4.162758630927157;0.4620812126391771
5274;Product_5274;Home;Electronics;BrandC;205.38;0.49;104.74;695;4.22;4595;Supplier_15;USA;London;9;13;0.03;0;2017;23.15;66.36;Blue;Fabric;5;671;1831;9317;0.44;115.51;32155.18;385862.16;72752;948;2000;0.046;191.56;0.48;82;760.18;516;4534;1.46;31;36;110;46;1.31;41.06;0.11;0.5102387006618421;0.358365015251268;PRODUCT_5274;12;-10.77000000000001;75700;12.64430708027082;Standard;0.4814490492297297;542.2;4.294709450130527;0.46148242538693485
1880;Product_1880;Toys;Clothing;BrandA;312.47;0.08;287.47;412;4.58;2558;Supplier_36;USA;London;16;2;0.14;0;2018;16.9;92.51;Blue;Plastic;0;357;1056;9079;0.35;255.36;136548.25;1638579.0;64241;28034;25429;0.061;95.53;0.6;71;8060.96;7545;4413;1.19;43;79;195;82;4.6;8.08;0.12;0.6100696332092427;0.5211915850883934;PRODUCT_1880;12;32.110000000000014;117704;10.001510534209542;Standard;0.4899738389644689;353.5;4.271490789865459;0.46147091874578616
3119;Product_3119;Sports;Clothing;BrandB;191.52;0.02;187.69;80;4.69;209;Supplier_9;Germany;Mumbai;2;1;0.16;1;2025;28.65;9.31;Green;Plastic;1;188;878;4965;0.21;151.29;69257.61;831091.32;87157;29741;8811;0.119;299.62;0.65;99;8345.89;6122;1554;1.43;27;6;107;34;3.01;13.88;0.16;0.6079488982354329;0.4485861891857425;PRODUCT_3119;12;36.400000000000006;125709;5.776945634712979;Budget;0.3611273963130108;384.3;4.04094576266532;0.4613690810115253
2098;Product_2098;Sports;Beauty;BrandC;391.84;0.39;239.02;231;4.88;2406;Supplier_33;India;New York;18;13;0.27;1;2022;36.61;90.08;Black;Fabric;0;221;566;7490;0.1;197.14;49716.16;596593.92;36036;9417;256;0.156;101.23;0.35;72;301.61;8098;2754;1.15;43;75;74;87;4.96;34.15;0.08;0.5044083593475156;0.4029461373577391;PRODUCT_2098;12;41.88000000000002;45709;3.047801586080845;Standard;0.341489859461872;313.7;4.165335355013314;0.4612946506741881
496;Product_496;Toys;Clothing;BrandA;677.22;0.07;629.81;452;4.39;3636;Supplier_38;China;London;14;2;0.16;1;2016;39.16;98.66;Red;Plastic;0;260;2928;4875;0.23;545.65;32750.12;393001.44;78914;37154;20038;0.094;205.05;0.65;63;4827.85;5200;1741;0.52;25;0;118;46;2.99;15.67;0.18;0.5366663810398464;0.3737685258602343;PRODUCT_496;11;84.15999999999997;136106;6.146634903269455;Standard;0.295514264406675;721.0;4.075971429269651;0.4609562484320465
6723;Product_6723;Clothing;Beauty;BrandC;428.54;0.21;338.55;220;4.39;1912;Supplier_39;Germany;New York;18;4;0.17;0;2015;13.39;57.19;White;Fabric;5;520;1903;5992;0.38;218.71;71434.05;857208.6;54496;13688;19381;0.19;229.03;0.74;85;4148.79;7926;2004;0.8;30;6;119;87;1.92;22.38;0.21;0.5204529241812108;0.4128074719773885;PRODUCT_6723;12;119.84;87565;12.418652241387028;Standard;0.4928433189261708;562.5;4.30853489632554;0.4609378281670996
4945;Product_4945;Sports;Electronics;BrandC;990.6502;0.19;808.15;90;4.63;3381;Supplier_26;India;New York;16;4;0.18;0;2023;27.95;48.59;White;Wood;2;278;2838;5493;0.19;651.36;197188.6;2366263.2;13360;17473;5761;0.095;15.82;0.71;90;1661.55;6715;1337;0.77;39;18;132;-90;3.32;11.93;0.13;0.5634424621613707;0.5780250934596076;PRODUCT_4945;12;156.78999999999996;36594;5.42438581989274;Standard;0.4046202778223865;691.1;4.366056569015972;0.4607709829756907
5886;Product_5886;Clothing;Clothing;BrandA;459.17;0.08;422.44;434;4.52;2290;Supplier_37;China;Berlin;2;4;0.22;1;2015;2.32;54.89;Green;Plastic;2;462;1094;9639;0.26;317.49;160104.76;1921257.12;42373;16281;13092;0.071;107.09;0.52;66;7790.2;3831;4954;1.13;23;2;182;-88;1.97;14.54;0.2;0.5813969725947176;0.5369244300022348;PRODUCT_5886;12;104.95;71746;7.7251838691734545;Standard;0.450057534130097;361.8;4.3399369264654;0.4607537506328013
8192;Product_8192;Beauty;Sports;BrandE;821.63;0.26;608.01;1000;4.26;349;Supplier_31;China;London;7;13;0.15;0;2021;3.76;9.09;Green;Wood;0;623;528;4040;0.48;494.05;302788.98;3633467.76;23150;11140;29783;0.072;296.87;0.36;79;1357.99;8793;606;1.06;10;53;57;40;2.25;49.82;0.14;0.6424992510273793;0.7067896147567431;PRODUCT_8192;12;113.95999999999998;64073;14.108206372915216;Standard;0.6202341882742515;171.6;4.3747020479957195;0.460749737532939
6308;Product_6308;Sports;Clothing;BrandA;857.22;0.23;660.06;526;4.76;2330;Supplier_30;USA;London;8;14;0.29;1;2019;7.12;33.8;White;Metal;4;78;1989;4229;0.32;738.6;168975.36;2027704.32;39565;39909;7754;0.19;103.67;0.83;99;6708.42;3209;4265;1.14;2;94;67;10;3.48;24.47;0.22;0.6024624753634417;0.5629114602989478;PRODUCT_6308;12;-78.54000000000008;87228;7.9200961329645425;Premium;0.453626231895819;530.0;3.8535180516401635;0.46039056579587107
3443;Product_3443;Home;Home;BrandE;553.22;0.1;497.9;408;4.48;4683;Supplier_9;Germany;Mumbai;5;8;0.3;1;2016;36.16;25.8;Blue;Metal;5;445;1121;3274;0.33;343.77;103563.2;1242758.4;43156;15733;13043;0.171;298.48;0.81;99;9438.17;8555;6;0.56;15;11;139;-16;3.88;45.74;0.21;0.5320704386706042;0.4563565895322325;PRODUCT_3443;12;154.13;71932;10.56091121177843;Standard;0.4734947313599239;393.0;4.3050398062228;0.46010821838911065
6798;Product_6798;Home;Clothing;BrandA;201.53;0.36;128.98;78;4.17;2916;Supplier_46;UK;New York;5;1;0.15;1;2024;22.62;53.54;Red;Metal;1;742;232;1930;0.36;165.73;56493.24;677918.88;67449;16080;7637;0.013;48.29;0.63;99;1391.62;846;29;0.77;29;22;154;-79;2.71;3.67;0.25;0.5161602472064096;0.3857631153484523;PRODUCT_6798;12;-36.75;91166;10.052988602060593;Standard;0.4349269188192993;166.7;4.359958887575313;0.45987418339128006
6130;Product_6130;Home;Toys;BrandD;449.51;0.49;229.25;479;4.15;1681;Supplier_44;USA;New York;17;2;0.02;0;2023;22.26;8.96;Green;Fabric;1;452;2602;793;0.44;371.57;31636.5;379638.0;99987;5299;17627;0.143;165.77;0.46;93;4420.49;9540;249;1.22;18;83;113;100;3.7;5.11;0.08;0.5586793661470237;0.369508557040367;PRODUCT_6130;12;-142.32;122913;12.7645885411539;Standard;0.4215775956875473;665.4;4.116956228112343;0.45956076742795243
4216;Product_4216;Clothing;Sports;BrandB;697.5;0.13;606.83;930;4.76;973;Supplier_29;USA;Berlin;13;13;0.08;1;2010;7.74;50.83;Red;Fabric;1;143;1680;7514;0.16;414.71;112263.55;1347162.6;40989;28197;5924;0.17;156.07;0.55;76;8362.28;6918;2197;1.4;29;10;20;-54;1.61;33.4;0.07;0.5574745280045886;0.4850519764724237;PRODUCT_4216;12;192.1200000000001;75110;4.428461476479786;Standard;0.3548775591609088;486.8;4.029508573874168;0.45910736571273075
4897;Product_4897;Toys;Sports;BrandD;607.16;0.2;485.73;660;4.29;3578;Supplier_35;China;Mumbai;1;1;0.02;0;2025;10.69;58.78;Red;Plastic;4;442;2810;3440;0.4;385.06;170005.5;2040066.0;67140;45071;10533;0.046;50.41;0.72;70;3582.82;887;4249;1.36;53;38;165;-14;3.12;11.52;0.18;0.6208896715203819;0.550808740770633;PRODUCT_4897;12;100.67000000000002;122744;10.937567748765735;Standard;0.4725056256885142;686.8;4.287687663752341;0.45888867230882213
3450;Product_3450;Home;Electronics;BrandD;479.97;0.17;398.38;903;4.62;4274;Supplier_27;India;Berlin;2;2;0.23;0;2019;38.83;11.41;Green;Wood;4;312;1845;3213;0.09;240.35;180466.14;2165593.68;50645;34457;13179;0.096;182.9;0.4;54;7040.0;7117;3247;0.51;26;24;45;-59;1.54;4.47;0.12;0.6231182652725807;0.5765492590512113;PRODUCT_3450;12;158.03;98281;2.618641330142749;Standard;0.3368323416909585;538.4;4.282553938867853;0.4586740318485501
7960;Product_7960;Clothing;Sports;BrandA;291.6;0.3;204.12;527;4.35;315;Supplier_35;China;Mumbai;5;8;0.11;0;2022;48.34;15.76;Red;Fabric;0;444;849;5560;0.37;248.04;95528.16;1146337.92;84038;16100;20037;0.185;270.29;0.85;57;2436.02;2763;3137;1.34;13;25;146;67;2.08;39.4;0.08;0.5966691541286788;0.4614171145133453;PRODUCT_7960;12;-43.91999999999999;120175;11.63059791021868;Standard;0.4626703530912825;394.2;4.217545712771301;0.4586162422221581
1181;Product_1181;Beauty;Sports;BrandC;850.01;0.13;739.51;717;4.7;2747;Supplier_30;India;Shanghai;12;2;0.24;0;2025;45.34;60.34;Green;Fabric;4;166;2988;8341;0.11;533.12;119061.11;1428733.32;32958;11434;12268;0.1;266.48;0.58;74;1809.2;4222;1497;1.06;14;27;153;-15;1.07;7.23;0.15;0.5423438557548343;0.4858274294954384;PRODUCT_1181;12;206.39;56660;2.910603081121409;Standard;0.3125080208598743;723.6;3.996582803199605;0.458514735761517
3739;Product_3739;Toys;Sports;BrandB;597.18;0.34;394.14;154;4.87;641;Supplier_48;China;New York;8;5;0.1;0;2025;35.04;51.29;Red;Metal;4;45;1070;842;0.43;380.99;144255.24;1731062.88;48920;39576;17866;0.116;199.92;0.29;68;486.47;4511;4342;0.5;26;23;126;55;3.93;41.59;0.1;0.6091238772412605;0.5412546389973207;PRODUCT_3739;12;13.149999999999975;106362;8.947594670400802;High_Margin;0.5053198323994902;409.7;3.6412554138695548;0.45717163496123076
9947;Product_9947;Electronics;Clothing;BrandC;899.99;0.47;476.99;729;4.38;1391;Supplier_8;China;Mumbai;12;11;0.26;0;2010;24.63;43.48;Blue;Plastic;1;237;1753;8022;0.16;453.98;106845.76;1282149.12;63809;4842;6612;0.174;54.28;0.59;98;3308.52;7439;1376;1.47;17;10;103;98;3.63;4.91;0.14;0.56815147271203;0.4669063272400076;PRODUCT_9947;12;23.00999999999999;75263;4.50225159623993;Standard;0.2767352767988669;454.9;3.9560848119625955;0.45699280955142674
1131;Product_1131;Home;Sports;BrandB;325.05;0.13;282.79;283;4.28;4982;Supplier_8;Germany;Shanghai;15;14;0.08;0;2012;7.39;40.71;Green;Wood;3;484;193;5661;0.48;198.13;120751.33;1449015.96;83996;25242;11635;0.065;204.93;0.15;84;7635.07;7627;1650;0.57;41;6;155;9;1.07;11.29;0.13;0.6122608689158133;0.491920789945117;PRODUCT_1131;12;84.66000000000003;120873;13.530521987842194;Standard;0.516687634391731;145.8;4.245762418416043;0.4569723080041508
2235;Product_2235;Clothing;Toys;BrandC;990.6502;0.28;716.9;97;4.38;3889;Supplier_4;China;Shanghai;4;9;0.09;1;2025;8.71;84.07;Blue;Metal;2;299;1251;5616;0.44;513.95;344112.0;4129344.0;45199;25386;8121;0.024;57.87;0.3;70;7704.41;6259;3553;0.75;10;95;92;42;1.53;15.18;0.24;0.7310598070480591;0.7850559082990268;PRODUCT_2235;12;202.94999999999996;78706;11.256145495201208;High_Margin;0.5491376457305732;328.2;4.145842908665994;0.45650863309274115
8087;Product_8087;Toys;Clothing;BrandA;611.58;0.13;532.07;350;4.56;1544;Supplier_25;China;Berlin;16;1;0.2;1;2020;4.1;10.45;Red;Plastic;5;375;55;3824;0.21;500.28;92580.18;1110962.16;36601;25765;9905;0.173;48.25;0.12;90;4790.71;6999;1477;1.08;9;79;176;-25;1.06;48.56;0.16;0.5160943016928439;0.4422989512410011;PRODUCT_8087;12;31.79000000000008;72271;6.66049876323202;Standard;0.3885622828898505;134.8;4.336624160402323;0.45645938311071366
5;Product_5;Electronics;Home;BrandC;433.83;0.33;290.67;922;4.63;879;Supplier_7;China;Berlin;15;10;0.3;1;2023;16.28;67.37;Black;Plastic;2;144;2599;3522;0.34;339.35;96502.44;1158029.28;81066;9635;27116;0.037;73.48;0.62;56;5041.59;5365;2056;1.06;40;4;66;-72;2.23;22.51;0.23;0.6139460669373527;0.4789059136131148;PRODUCT_5;9;-48.68000000000001;117817;8.124246104839251;High_Margin;0.4129911808403161;687.9;3.8664642516619363;0.45634888774843485
3953;Product_3953;Clothing;Beauty;BrandD;243.0;0.11;216.27;281;4.8;918;Supplier_28;USA;Mumbai;6;6;0.08;0;2016;26.65;78.73;White;Metal;4;39;2918;2903;0.11;154.66;24222.24;290666.88;89602;21532;27237;0.011;235.73;0.58;82;1243.65;5005;1938;1.07;32;28;137;-40;4.29;20.19;0.07;0.5836523267215006;0.3945858882627522;PRODUCT_3953;12;61.610000000000014;138371;1.969153363641652;Budget;0.2603836402774461;817.5;3.4436132088458598;0.45610368432490467
9122;Product_9122;Toys;Beauty;BrandC;867.18;0.08;797.81;819;4.49;1635;Supplier_41;Germany;New York;5;5;0.01;0;2018;17.07;55.84;Red;Wood;1;118;2102;687;0.26;772.03;37497.07;449964.84;70043;8543;23192;0.037;54.64;0.56;65;769.09;3270;3929;1.12;23;8;84;80;4.52;3.11;0.07;0.5309257685592002;0.3814337281955147;PRODUCT_9122;12;25.779999999999973;101778;5.78557727019516;High_Margin;0.2953139821862391;512.6;3.7320429840412945;0.4556615997026474
6607;Product_6607;Beauty;Beauty;BrandE;175.79;0.33;117.78;765;4.96;1327;Supplier_29;Germany;Mumbai;2;9;0.21;1;2014;6.12;69.86;Green;Fabric;3;129;2299;9281;0.24;141.8;41576.34;498916.08;55137;26745;29262;0.065;147.76;0.88;54;2286.67;5616;4344;1.43;39;72;172;-65;3.44;2.5;0.15;0.5421501576638661;0.4082306707734932;PRODUCT_6607;12;-24.02000000000001;111144;6.170943355460776;Budget;0.4193087617762789;683.3;4.028026675334308;0.45536245006707804
9166;Product_9166;Clothing;Beauty;BrandD;207.54;0.48;107.92;593;4.9;3316;Supplier_20;India;New York;2;1;0.25;0;2016;10.51;90.41;Red;Wood;3;162;439;6889;0.37;149.08;23850.32;286203.84;55751;48285;29666;0.069;45.4;0.13;96;4468.4;8153;1892;1.3;48;30;104;73;2.39;22.39;0.05;0.5236264556213606;0.3801560292424716;PRODUCT_9166;12;-41.16000000000001;133702;9.872181982932984;High_Margin;0.4897027982094898;298.9;4.170716704239765;0.45533126665402446
4881;Product_4881;Electronics;Toys;BrandC;473.55;0.39;288.87;9;4.81;3557;Supplier_11;China;London;5;12;0.27;0;2024;47.74;5.36;Green;Fabric;2;178;1424;3367;0.2;337.07;64129.14;769549.68;44112;13713;12072;0.103;173.47;0.51;66;1393.03;2547;1649;0.92;25;74;142;50;1.5;22.79;0.24;0.5271201217091744;0.4233171772714822;PRODUCT_4881;12;-48.19999999999999;69897;5.504262455176343;Standard;0.3809786489725256;470.2;4.061127880551753;0.45506024158880654
8030;Product_8030;Beauty;Beauty;BrandC;466.48;0.45;256.56;300;4.8;1741;Supplier_49;USA;Mumbai;13;6;0.01;0;2016;20.83;22.39;Blue;Fabric;5;16;1038;5272;0.41;254.83;20268.24;243218.88;74304;38789;705;0.169;244.45;0.15;56;774.85;4045;2713;0.97;47;4;105;2;2.32;4.71;0.19;0.5497165402204743;0.3799176973027558;PRODUCT_8030;12;1.7299999999999898;113798;6.518067953628978;High_Margin;0.3909981189070214;435.1;3.1576915607060347;0.454901447968277
1078;Product_1078;Sports;Sports;BrandD;482.14;0.2;385.71;145;4.38;4043;Supplier_44;USA;Shanghai;19;9;0.2;0;2014;35.73;2.99;White;Fabric;4;393;148;3864;0.25;304.7;135384.21;1624610.52;70524;49115;28091;0.186;201.48;0.55;95;3960.5;4740;3795;1.42;15;65;61;81;1.7;35.96;0.2;0.6056556514137648;0.5105463037694067;PRODUCT_1078;12;81.00999999999999;147730;7.761307635377947;Standard;0.3894655081802851;168.6;4.281826280570175;0.454736065273162
9488;Product_9488;Electronics;Sports;BrandD;292.12;0.0;292.12;739;4.74;251;Supplier_37;UK;Berlin;18;6;0.0;1;2014;20.32;85.97;Green;Fabric;1;103;2966;6112;0.21;188.37;25998.68;311984.16;82666;31579;11185;0.13;285.77;0.28;95;1186.67;4399;327;1.0;29;87;76;-86;1.47;33.46;0.06;0.5664766715868361;0.3890493006190173;PRODUCT_9488;12;103.75;125430;5.224020172136014;Budget;0.3311364204784406;836.7;3.8301577822486665;0.4546524325280936
8370;Product_8370;Beauty;Clothing;BrandB;928.28;0.11;826.17;591;4.6;1063;Supplier_49;UK;London;2;11;0.03;1;2013;38.93;53.45;White;Metal;4;117;1691;5822;0.17;702.49;64441.26;773295.12;48021;2888;27086;0.133;76.17;0.51;95;3423.04;7706;187;1.1;56;23;21;98;2.18;14.88;0.17;0.5184025676008552;0.4126561407955934;PRODUCT_8370;12;123.67999999999996;77995;4.226855201384326;Standard;0.2895037374197061;442.6;3.760301920838514;0.4545823402069312
5767;Product_5767;Clothing;Toys;BrandB;706.2;0.44;395.47;855;4.76;2147;Supplier_16;Germany;Shanghai;2;6;0.12;0;2013;18.33;6.81;Blue;Plastic;2;63;6;7886;0.36;599.46;134064.33;1608771.96;51918;43691;2341;0.118;53.99;0.39;76;4661.99;8907;3426;0.6;52;72;14;32;4.52;34.82;0.1;0.5977247508600951;0.52186908162602;PRODUCT_5767;12;-203.99;97950;7.967608173739257;High_Margin;0.4464621709773229;115.6;3.735860949357583;0.4545617797741716
8697;Product_8697;Clothing;Toys;BrandD;461.15;0.12;405.81;970;4.14;1411;Supplier_38;Germany;Shanghai;4;5;0.29;1;2019;12.76;6.07;Blue;Metal;3;618;1035;1036;0.48;258.11;122960.43;1475525.16;69152;36857;28124;0.056;26.29;0.61;100;5897.4;1947;2799;1.08;13;30;65;68;4.43;38.37;0.08;0.573231789452104;0.4771192074469002;PRODUCT_8697;12;147.7;134133;13.489270922560044;Standard;0.5083972282577944;307.4;4.333839170619419;0.454535449533231
3804;Product_3804;Beauty;Clothing;BrandD;562.98;0.16;472.9;300;4.38;1013;Supplier_28;China;London;2;14;0.21;0;2012;24.97;2.58;Green;Plastic;0;260;607;7253;0.24;464.29;156057.0;1872684.0;86789;3424;22495;0.13;81.44;0.27;55;4022.56;5959;423;0.67;13;45;96;67;1.82;7.58;0.2;0.6556280164825808;0.5489998785024286;PRODUCT_3804;12;8.609999999999957;112708;6.6098489529607045;Standard;0.3510302357134802;247.0;3.9856985637863294;0.4545318653420276
1005;Product_1005;Toys;Sports;BrandD;518.92;0.11;461.84;490;4.73;2687;Supplier_29;USA;Shanghai;5;2;0.01;1;2017;35.2;28.76;Blue;Plastic;3;97;2033;3974;0.19;264.07;33714.32;404571.84;66136;14344;16443;0.159;58.14;0.3;51;656.76;8582;4972;0.63;53;23;125;-45;2.81;44.42;0.23;0.5391198491337803;0.3891988515995784;PRODUCT_1005;12;197.77;96923;4.775671406501161;Standard;0.3191010264327096;604.3;3.7693642746422946;0.45445371825722225
6448;Product_6448;Beauty;Toys;BrandD;909.92;0.43;518.65;30;4.39;298;Supplier_34;UK;London;15;11;0.06;0;2019;46.82;85.11;Red;Metal;0;443;1468;2800;0.32;780.12;130181.15;1562173.8;24365;7838;20444;0.192;210.0;0.57;72;3481.55;718;4340;0.65;12;2;118;65;2.59;1.61;0.16;0.5097350239311667;0.4762650832376494;PRODUCT_6448;12;-261.47;52647;10.207589899603308;Standard;0.4532073176346378;400.6;4.258668014999567;0.4544115066381795
4587;Product_4587;Home;Sports;BrandC;594.66;0.39;362.74;741;4.75;1710;Supplier_41;India;Shanghai;19;9;0.28;0;2013;18.28;31.16;White;Plastic;5;19;369;1704;0.45;398.43;135302.02;1623624.24;70331;14155;24241;0.095;208.53;0.35;94;5992.44;2772;2723;1.08;54;71;170;-69;3.21;16.93;0.22;0.6348002662938633;0.5339964095467274;PRODUCT_4587;12;-35.69;108727;7.011698619520213;High_Margin;0.440883090925098;232.4;3.138545429647386;0.45440533563739455
4171;Product_4171;Home;Clothing;BrandE;668.64;0.15;568.34;364;4.51;4431;Supplier_39;Germany;Berlin;10;1;0.04;1;2012;42.57;19.03;Blue;Fabric;1;485;2856;1213;0.26;599.93;221652.6;2659831.2;18791;47403;2055;0.149;73.91;0.62;62;5031.33;8363;3101;0.53;16;58;5;-96;3.35;4.63;0.06;0.5853414596966259;0.6075593600841246;PRODUCT_4171;12;-31.58999999999992;68249;8.33478651901119;Standard;0.4858308248127828;733.1;4.783012213330087;0.4535879638340639
5252;Product_5252;Clothing;Beauty;BrandA;789.44;0.11;702.6;906;4.19;4246;Supplier_26;India;Shanghai;11;9;0.06;0;2021;7.39;89.78;Blue;Wood;0;775;1307;3908;0.1;458.46;225534.6;2706415.2;6309;21386;22009;0.027;199.24;0.48;66;3810.95;6247;766;0.8;1;5;27;-8;3.84;40.57;0.12;0.5380481789944812;0.5849771169831451;PRODUCT_5252;12;244.14000000000004;49704;2.863368333417601;Standard;0.344725661856009;339.9;5.015613139948387;0.45343924842559336
7001;Product_7001;Clothing;Toys;BrandE;219.04;0.05;208.09;640;4.84;3613;Supplier_16;China;Berlin;9;5;0.29;1;2010;15.32;48.24;Green;Plastic;5;248;2980;2971;0.1;130.49;73247.68;878972.16;47662;49059;27465;0.124;113.71;0.24;71;9299.42;289;4216;0.69;6;77;166;32;1.07;31.23;0.19;0.5443126693918001;0.440023711936423;PRODUCT_7001;12;77.6;124186;3.001582654923145;Standard;0.3453717023483539;872.0;4.348843270960521;0.45292333852956684
2899;Product_2899;Toys;Electronics;BrandB;658.5;0.05;625.57;134;4.91;1907;Supplier_45;India;New York;12;5;0.17;1;2024;36.26;28.14;Blue;Wood;0;161;2579;9275;0.17;517.83;207063.67;2484764.04;15341;8633;26426;0.05;90.49;0.46;53;8342.58;5143;3736;1.27;25;29;92;-20;1.03;15.78;0.06;0.5981346716333096;0.610840124116699;PRODUCT_2899;12;107.74;50400;4.458947494069395;Standard;0.4364774784873636;658.0;4.1115866078821455;0.45262740716159894
8768;Product_8768;Toys;Toys;BrandC;822.93;0.05;781.78;120;4.02;1714;Supplier_43;UK;Shanghai;3;3;0.03;0;2019;30.07;7.68;White;Fabric;1;553;1416;5652;0.27;525.69;71923.76;863085.12;67256;7487;12344;0.02;215.71;0.87;71;1518.32;4239;3092;1.18;39;83;50;2;1.31;19.16;0.16;0.516789822820032;0.3974643209298832;PRODUCT_8768;12;256.0899999999999;87087;6.993783562015412;Standard;0.2981498140496247;352.5;4.157130059306978;0.45256613334883855
119;Product_119;Home;Electronics;BrandB;540.48;0.29;383.74;251;4.61;459;Supplier_35;China;New York;20;8;0.1;0;2021;14.63;81.18;Green;Fabric;1;102;576;1156;0.49;399.39;191870.0;2302440.0;80408;20234;28269;0.029;47.57;0.29;51;4120.13;2126;3256;0.52;53;82;87;77;3.13;6.99;0.06;0.691472343959461;0.6095978976008228;PRODUCT_119;11;-15.649999999999975;128911;10.77300160154577;High_Margin;0.5113408649641727;249.5;3.748219920831602;0.4522264142424789
9831;Product_9831;Beauty;Beauty;BrandE;608.32;0.17;504.91;229;4.2;3219;Supplier_39;India;Berlin;17;14;0.09;0;2015;44.98;0.39;Red;Wood;0;351;1417;3021;0.33;391.78;177728.32;2132739.84;92942;47689;8401;0.141;71.6;0.71;95;7223.72;7443;1840;1.33;8;9;95;33;2.94;1.23;0.11;0.6718156068978534;0.5712512677920492;PRODUCT_9831;12;113.13000000000004;149032;9.272898795501398;Standard;0.3933955166222475;402.3;4.12807345967351;0.451906281020271
8391;Product_8391;Beauty;Toys;BrandE;320.26;0.39;195.36;924;4.92;2820;Supplier_39;India;New York;9;8;0.09;1;2012;11.09;49.62;Black;Metal;3;31;2143;5726;0.1;275.74;27741.12;332893.44;64344;14940;21313;0.021;25.61;0.78;52;761.36;9501;1448;1.36;10;78;135;95;1.13;37.19;0.13;0.5456969211619743;0.391992897268767;PRODUCT_8391;12;-80.38;100597;1.7409500475251922;Standard;0.2847346924388953;596.6;3.4007322574272387;0.45180768189011455
243;Product_243;Home;Home;BrandA;213.29;0.03;206.89;515;4.87;3918;Supplier_50;USA;Mumbai;8;11;0.27;0;2019;36.36;74.32;Blue;Fabric;3;56;366;9347;0.4;157.3;23999.24;287990.88;76402;204;9095;0.024;258.53;0.5;64;3967.2;9342;816;1.47;41;15;113;-6;4.88;33.07;0.2;0.562660265773342;0.3908351838712838;PRODUCT_243;11;49.589999999999975;85701;8.064884602615505;High_Margin;0.4397750188592831;283.0;3.565754524567919;0.45167279133366245
6359;Product_6359;Clothing;Electronics;BrandB;791.85;0.28;570.13;53;4.04;3558;Supplier_14;USA;Mumbai;11;11;0.08;0;2020;4.43;28.31;White;Plastic;4;581;905;5312;0.12;409.11;231472.78;2777673.36;61482;21676;1282;0.055;236.86;0.14;93;7667.65;584;2624;0.72;60;82;173;63;3.78;7.29;0.25;0.6414195843217095;0.6167278697875433;PRODUCT_6359;12;161.01999999999998;84440;3.2562204410785123;Standard;0.2808518814567672;252.8;4.23309987357226;0.4515658914063356
3105;Product_3105;Sports;Toys;BrandA;615.62;0.45;338.59;112;4.09;131;Supplier_46;Germany;Mumbai;13;12;0.19;0;2012;20.21;27.66;Green;Fabric;0;581;1922;8566;0.37;459.88;124601.12;1495213.44;68466;31513;44;0.163;203.09;0.71;98;411.68;579;3871;0.77;31;14;84;-42;3.13;27.51;0.15;0.5692435045625662;0.4757847661276984;PRODUCT_3105;12;-121.29000000000002;100023;11.204783624305955;Standard;0.4293555416528449;506.5;4.274642629476707;0.45107859336955464
5086;Product_5086;Electronics;Sports;BrandB;103.96;0.26;76.93;31;4.91;3616;Supplier_31;Germany;New York;15;4;0.09;1;2012;2.5;78.76;Blue;Plastic;2;162;1927;115;0.21;68.29;24002.16;288025.92;60747;34259;14719;0.155;58.9;0.46;88;1758.21;7306;405;1.06;28;33;160;-75;3.41;15.91;0.1;0.5345480315868505;0.3840048275679484;PRODUCT_5086;12;8.64;109725;6.066251536019889;Budget;0.398070825048204;685.1;4.11429248159355;0.45096489886072727
993;Product_993;Clothing;Beauty;BrandB;366.15;0.05;347.84;967;4.19;1271;Supplier_2;Germany;Mumbai;20;13;0.25;1;2021;23.48;60.46;White;Metal;4;473;2815;1606;0.46;257.66;166963.2;2003558.4;92949;5762;21904;0.142;32.02;0.59;89;2240.64;9815;390;0.64;4;96;125;-62;3.89;18.6;0.09;0.6619492373228343;0.5556738577607426;PRODUCT_993;11;90.17999999999996;120615;13.561376752675676;Standard;0.5060329187021155;711.6;4.152881125538675;0.45080940605093817
2853;Product_2853;Beauty;Electronics;BrandB;259.67;0.26;192.16;181;4.69;3131;Supplier_31;India;Mumbai;11;6;0.28;1;2020;34.8;39.41;Green;Plastic;0;153;646;9698;0.27;168.45;25172.96;302075.52;82258;11543;4125;0.112;185.79;0.15;64;8612.99;2680;4806;0.89;31;52;86;-54;3.02;38.07;0.1;0.5609640548888224;0.3844583933661635;PRODUCT_2853;12;23.710000000000008;97926;7.092661905445255;High_Margin;0.3703292932038804;353.4;3.9188463963108293;0.4507263356933028
505;Product_505;Home;Clothing;BrandA;451.98;0.07;420.34;21;4.92;1086;Supplier_50;USA;Shanghai;4;13;0.24;1;2014;32.45;11.27;Blue;Metal;4;17;166;4080;0.18;393.04;420.34;5044.08;55128;23004;14811;0.106;72.15;0.35;82;8658.0;2544;4142;1.29;41;33;200;71;4.52;32.58;0.13;0.5042170958958377;0.3485421790567565;PRODUCT_505;11;27.299999999999955;92943;2.831042831044885;Standard;0.3057257359707968;197.7;3.2076053857879825;0.4505421509383408
8595;Product_8595;Home;Toys;BrandB;941.17;0.16;790.58;580;4.06;1712;Supplier_48;India;Berlin;8;7;0.29;0;2025;4.42;39.15;Red;Fabric;1;308;211;3346;0.11;604.53;286980.54;3443766.48;92919;20142;28141;0.055;297.77;0.16;92;7703.77;544;4382;1.07;39;68;72;89;4.09;45.53;0.05;0.7527237760724563;0.7139157321910145;PRODUCT_8595;12;186.05000000000007;141202;2.701338276046972;Standard;0.2423864793282139;87.3;3.960690399630051;0.4504802913460118
2971;Product_2971;Toys;Clothing;BrandB;316.48;0.05;300.66;424;4.77;739;Supplier_25;USA;London;3;11;0.27;1;2022;27.21;53.51;Blue;Fabric;4;24;1602;8405;0.1;166.23;68851.14;826213.68;87721;37166;6849;0.022;37.62;0.31;70;3611.42;4138;2741;0.85;21;76;112;-19;1.15;15.49;0.06;0.6151342102818096;0.4534804737865578;PRODUCT_2971;12;134.43000000000004;131736;1.5691826513682985;Standard;0.2590365279147079;460.5;3.2802871660526596;0.45035512371099795
4687;Product_4687;Sports;Toys;BrandE;848.05;0.5;424.02;18;4.4;312;Supplier_16;Germany;Mumbai;6;8;0.03;1;2017;18.7;82.57;Red;Wood;2;497;2352;2629;0.45;687.83;162399.66;1948795.92;16540;2749;9543;0.059;260.52;0.36;79;3370.08;1811;4800;1.22;47;33;96;21;3.3;23.21;0.15;0.5220589681802819;0.5169275457496628;PRODUCT_4687;12;-263.81000000000006;28832;13.022510453506833;Standard;0.5515385383570927;566.8;4.277480659588579;0.45016807261728475
8945;Product_8945;Toys;Toys;BrandA;891.06;0.5;445.53;707;4.41;387;Supplier_24;UK;New York;14;10;0.2;0;2017;38.61;81.0;Green;Wood;0;246;1049;7456;0.45;712.64;74849.04;898188.48;55064;1518;1491;0.123;44.05;0.22;97;3516.84;1830;1932;1.01;9;50;122;-22;3.94;4.99;0.14;0.5260696364370143;0.4191682099797583;PRODUCT_8945;12;-267.11;58073;12.278187035984924;High_Margin;0.4577776825298739;297.2;3.97326891884413;0.45011520256404114
4751;Product_4751;Home;Sports;BrandA;747.21;0.1;672.49;44;4.75;4287;Supplier_35;USA;New York;7;11;0.01;1;2011;16.53;8.07;Black;Fabric;3;70;1205;4570;0.11;565.25;35641.97;427703.64;46386;6974;26175;0.11;42.86;0.69;66;9812.47;8167;1489;1.34;36;76;127;-20;3.87;31.25;0.2;0.5028398947584479;0.3813025847228477;PRODUCT_4751;12;107.24;79535;2.472247761687037;Standard;0.2662261929662798;365.0;3.635141368313185;0.4497532217940142
3354;Product_3354;Clothing;Beauty;BrandB;413.84;0.03;401.42;880;4.77;2946;Supplier_41;USA;Mumbai;16;6;0.27;0;2012;44.59;43.1;Blue;Metal;1;38;401;8841;0.34;355.15;97545.06;1170540.72;76392;44930;14112;0.082;58.73;0.21;92;8668.86;9363;2223;1.28;13;53;9;25;4.55;7.09;0.06;0.6166761138147033;0.486508213043594;PRODUCT_3354;12;46.27000000000004;135434;6.428772548463892;High_Margin;0.4014024090868465;239.3;3.491054776788857;0.4488507019393053
1264;Product_1264;Electronics;Clothing;BrandA;594.71;0.46;321.14;749;4.53;2323;Supplier_2;USA;Berlin;19;9;0.22;1;2015;47.57;46.36;Green;Plastic;3;192;1410;1522;0.47;414.12;36288.82;435465.84;70518;42872;1052;0.042;209.91;0.79;100;565.2;2333;4068;1.12;57;14;30;21;3.07;28.69;0.24;0.534056752996254;0.3826017621418418;PRODUCT_1264;12;-92.98000000000002;114442;11.675395015807684;High_Margin;0.4572004891326719;430.2;4.038667725920728;0.44873440919619256
5321;Product_5321;Home;Beauty;BrandD;511.62;0.25;383.72;231;4.99;3282;Supplier_32;India;New York;13;14;0.02;1;2024;10.25;72.98;Red;Fabric;5;178;583;5744;0.08;344.53;136220.6;1634647.2;10643;30408;15206;0.135;21.01;0.88;82;508.44;9679;1026;0.78;3;45;24;-71;4.81;21.1;0.15;0.535381178836384;0.5148131937856596;PRODUCT_5321;12;39.190000000000055;56257;2.350363009539999;Standard;0.3796152451282664;288.0;4.642372155653976;0.44860187324560913
7216;Product_7216;Beauty;Toys;BrandE;804.62;0.18;659.79;533;4.26;3241;Supplier_41;China;Shanghai;6;10;0.22;0;2016;1.1;23.55;Red;Metal;2;381;1913;9139;0.17;432.15;243462.51;2921550.12;60521;38807;3688;0.024;194.44;0.71;89;8296.88;8181;4837;0.67;51;14;74;-21;4.92;44.51;0.05;0.6672106253874106;0.6468725098647936;PRODUCT_7216;12;227.64;103016;4.409009771266951;Standard;0.3299800289800367;466.5;4.210411332618288;0.44837928982262387
3385;Product_3385;Electronics;Beauty;BrandD;606.1;0.12;533.37;188;4.4;3865;Supplier_19;Germany;Berlin;6;7;0.24;1;2010;35.01;47.41;Red;Fabric;4;269;1343;3999;0.19;445.38;213881.37;2566576.44;75485;44848;27900;0.193;247.94;0.88;69;5978.34;7352;1866;1.43;24;41;37;63;1.35;15.59;0.24;0.6833914430287109;0.6237546674269616;PRODUCT_3385;12;87.99000000000001;148233;5.583574943963112;Standard;0.3537812954448616;393.4;4.118195040471576;0.4482432387581372
6075;Product_6075;Electronics;Beauty;BrandB;838.17;0.38;519.67;368;4.43;4992;Supplier_31;UK;Shanghai;1;1;0.12;0;2016;27.34;67.63;Blue;Wood;3;317;2585;7351;0.12;453.15;167333.74;2008004.88;43182;32305;19197;0.153;41.62;0.9;90;6781.35;5116;2078;1.18;30;80;52;8;1.71;41.31;0.18;0.5819128552305028;0.541683474640198;PRODUCT_6075;12;66.51999999999998;94684;3.531761811894091;Standard;0.305409890956295;635.2;4.226443081017216;0.44819921897061243
6331;Product_6331;Sports;Clothing;BrandA;990.6502;0.32;673.66;547;4.14;714;Supplier_21;India;Shanghai;19;11;0.14;0;2018;34.16;51.68;Green;Metal;5;299;1195;9701;0.42;621.15;30988.36;371860.32;77092;15813;9207;0.135;218.33;0.77;85;1526.3;3199;2282;0.52;51;12;183;52;3.28;28.52;0.25;0.5115357909507352;0.3542299004931194;PRODUCT_6331;12;52.50999999999999;102112;11.256631457468048;High_Margin;0.3604789311740175;314.8;3.9785367017910858;0.4480280088349949
6133;Product_6133;Toys;Home;BrandE;507.83;0.16;426.58;416;4.16;3102;Supplier_25;Germany;Shanghai;3;10;0.01;1;2013;43.29;14.1;Black;Wood;1;685;972;337;0.19;369.97;94274.18;1131290.16;47196;26529;9530;0.191;57.66;0.45;75;9753.71;5589;4178;0.83;55;23;147;-28;2.7;25.85;0.07;0.5067163685611413;0.4254081177826265;PRODUCT_6133;12;56.60999999999996;83255;6.147948761252857;Standard;0.3379385189891399;319.8;4.388771595204262;0.44770941170302775
5925;Product_5925;Sports;Beauty;BrandE;582.5;0.31;401.92;173;4.63;1711;Supplier_40;USA;New York;1;8;0.17;0;2016;22.82;24.69;White;Fabric;1;342;24;4520;0.09;516.8;151121.92;1813463.04;29679;45871;16170;0.115;270.26;0.44;68;8025.28;2639;4541;1.14;5;20;182;90;3.88;9.29;0.24;0.5572281441617485;0.5238790191154319;PRODUCT_5925;12;-114.87999999999994;91720;2.7123292392274623;Standard;0.335223050467913;143.8;4.496206367349815;0.4472638505040062
9335;Product_9335;Toys;Toys;BrandB;927.82;0.15;788.65;765;4.6;2280;Supplier_14;India;Shanghai;17;13;0.01;1;2017;34.96;52.0;Blue;Metal;1;31;868;7104;0.48;543.89;224765.25;2697183.0;59327;37854;17509;0.057;98.71;0.79;80;1631.41;2393;3062;0.61;25;59;21;-26;1.77;20.97;0.21;0.6762511405591097;0.6419648583833116;PRODUCT_9335;12;244.76;114690;8.088528531164558;High_Margin;0.4639892881747322;256.7;3.3539057353677038;0.4471499652143956
1162;Product_1162;Sports;Toys;BrandE;964.1;0.01;954.46;54;4.11;1504;Supplier_21;Germany;Shanghai;20;9;0.09;0;2014;23.02;60.49;Green;Metal;2;369;1323;9807;0.32;498.34;305427.2;3665126.4;71107;19447;21820;0.093;270.02;0.34;65;9571.74;7910;2173;1.48;49;51;124;52;1.6;45.9;0.07;0.728652977129324;0.7296298887723696;PRODUCT_1162;12;456.12000000000006;112374;8.50074099424589;Standard;0.4105614625808995;342.6;4.064099051974745;0.4469295225677723
6877;Product_6877;Electronics;Electronics;BrandE;129.86;0.33;87.01;938;4.11;3412;Supplier_21;USA;Berlin;16;11;0.01;1;2025;23.74;67.04;White;Wood;3;685;2649;4909;0.12;87.65;26538.05;318456.6;85593;10970;6751;0.054;200.87;0.75;92;2401.98;8472;2121;0.72;44;23;149;72;2.84;30.5;0.1;0.5223865080606086;0.3512343908147088;PRODUCT_6877;12;-0.6400000000000006;103314;3.3949644036781046;Standard;0.2405833370259091;679.8;4.281983988363262;0.4461908049492729
6535;Product_6535;Home;Home;BrandA;265.03;0.25;198.77;677;4.59;2231;Supplier_29;China;London;6;6;0.13;0;2019;4.65;92.61;Black;Fabric;4;344;2086;3418;0.34;168.01;54264.21;651170.52;61344;24018;5489;0.11;14.31;0.6;77;8496.21;6156;329;1.27;39;53;190;-24;1.86;8.77;0.11;0.5356682300853146;0.4058857500097348;PRODUCT_6535;12;30.76000000000002;90851;10.122573313113246;Standard;0.4570559427858396;665.4;4.251723713604406;0.4461137030110919
6218;Product_6218;Toys;Home;BrandD;390.94;0.17;324.48;71;4.66;3037;Supplier_14;India;London;18;14;0.22;0;2020;10.8;13.91;Red;Plastic;4;365;1439;5862;0.15;268.42;114865.92;1378391.04;36545;24558;3623;0.073;129.82;0.75;57;1291.3;1346;417;1.29;4;84;165;42;2.52;42.23;0.21;0.5427802919965946;0.479597175142348;PRODUCT_6218;12;56.06;64726;4.427134371151025;Standard;0.3728541710601801;425.2;4.359452019911374;0.4459520701868702
4956;Product_4956;Electronics;Sports;BrandD;557.72;0.26;412.71;978;4.53;2493;Supplier_25;USA;New York;3;2;0.02;0;2023;20.61;24.24;Black;Plastic;4;376;377;6840;0.31;380.92;116796.93;1401563.16;40033;29435;6556;0.151;255.61;0.51;75;7138.48;2674;1805;0.67;55;68;91;-23;3.82;15.12;0.22;0.5409861442249304;0.4760504635620523;PRODUCT_4956;12;31.789999999999964;76024;9.588580356159962;Standard;0.4581004374185011;261.9;4.331951755692616;0.4455530323440913
7952;Product_7952;Sports;Sports;BrandE;357.56;0.28;257.44;979;4.51;3461;Supplier_20;UK;New York;13;12;0.1;1;2021;34.65;63.18;Black;Fabric;2;315;1225;5890;0.41;306.72;64617.44;775409.28;70198;37588;27527;0.073;249.01;0.29;59;2509.1;8595;1991;0.7;19;42;163;4;2.06;1.29;0.06;0.5557118294136782;0.4204488687131397;PRODUCT_7952;12;-49.28000000000003;135313;11.419877760825038;Standard;0.4706865740976519;390.2;4.21338825555927;0.4451450968775784
4268;Product_4268;Clothing;Sports;BrandD;375.66;0.21;296.77;244;4.82;324;Supplier_37;UK;New York;2;9;0.08;0;2023;45.39;47.59;White;Wood;5;185;1722;6853;0.09;213.3;42734.88;512818.56;44605;34165;2190;0.157;107.49;0.4;98;7638.8;8917;679;1.38;28;34;88;-30;2.54;10.64;0.15;0.5108602253217095;0.39455853581716;PRODUCT_4268;12;83.46999999999997;80960;2.622836745464703;Standard;0.3076027551713369;564.2;4.1714877738457785;0.44503446943627983
7391;Product_7391;Electronics;Home;BrandC;798.22;0.38;494.9;175;4.15;2587;Supplier_16;India;New York;6;2;0.18;0;2013;41.98;9.75;Blue;Metal;4;587;195;7259;0.13;714.67;191031.4;2292376.8;39913;18018;23102;0.057;33.56;0.15;85;2675.5;4718;3339;1.21;54;82;51;-31;4.55;7.74;0.15;0.5729628350856902;0.5546933049864597;PRODUCT_7391;12;-219.77;81033;3.6363381071296144;Standard;0.301946372148321;98.9;4.300977152020424;0.44462560612892765
4705;Product_4705;Electronics;Sports;BrandE;328.09;0.17;272.31;513;4.45;4197;Supplier_21;India;New York;14;4;0.23;0;2023;5.94;75.16;Green;Fabric;4;214;271;6386;0.2;177.94;56095.86;673150.32;98761;3767;27382;0.13;83.61;0.64;57;394.96;7693;363;1.2;50;82;163;61;1.15;8.44;0.19;0.6008584524457055;0.4219215842870215;PRODUCT_4705;12;94.37;129910;5.40125066488799;Standard;0.2925176252698536;174.2;3.93588372858078;0.4441485871725638
9461;Product_9461;Home;Clothing;BrandC;501.71;0.4;301.03;441;4.49;1702;Supplier_3;USA;Mumbai;8;8;0.12;0;2015;31.95;18.57;White;Fabric;1;210;1042;6052;0.08;357.86;140882.04;1690584.48;78902;19693;12519;0.066;113.12;0.71;60;1329.82;8421;4355;1.34;48;3;160;46;4.76;1.67;0.2;0.6358515811980661;0.5302446539682064;PRODUCT_9461;12;-56.83000000000004;111114;2.049265012686547;Standard;0.2569583924885948;320.3;3.986660872715666;0.4441312737158587
961;Product_961;Home;Clothing;BrandE;736.67;0.33;493.57;171;4.14;3481;Supplier_14;India;Berlin;17;3;0.01;0;2022;5.97;44.56;Blue;Metal;0;435;1259;5442;0.39;400.71;162384.53;1948614.36;72676;31767;14488;0.111;168.02;0.62;91;3342.57;1645;2397;1.31;30;82;159;-50;3.64;45.66;0.21;0.6135350493616818;0.5339531988359247;PRODUCT_961;11;92.86;118931;10.90219985554971;Standard;0.4274494566112113;349.0;4.1744777790612275;0.44396557258389413
4668;Product_4668;Clothing;Clothing;BrandB;841.73;0.3;589.21;666;4.75;1799;Supplier_32;USA;Berlin;2;8;0.14;0;2014;38.17;45.43;Blue;Plastic;5;57;2566;1196;0.12;523.14;211526.39;2538316.68;37851;42668;24109;0.026;13.43;0.45;91;9651.48;4427;1550;0.62;43;8;100;-59;4.7;43.79;0.09;0.6341257270460194;0.6203022498504859;PRODUCT_4668;12;66.07000000000005;104628;2.3746282814277566;Standard;0.3337772549773614;618.3;3.749629636122613;0.4439389474670882
9080;Product_9080;Clothing;Beauty;BrandE;661.37;0.02;648.14;801;4.65;3997;Supplier_48;UK;London;3;7;0.16;1;2011;46.11;12.79;Blue;Wood;5;39;371;9257;0.17;472.29;124442.88;1493314.56;71008;7530;19108;0.019;50.35;0.89;50;7863.72;8246;1163;0.82;43;94;105;-83;4.89;30.19;0.2;0.6189947919405252;0.5129305633474763;PRODUCT_9080;12;175.84999999999997;97646;2.971464333438131;Standard;0.2908523615649638;165.4;3.3567606595184905;0.4437186209085039
1205;Product_1205;Sports;Sports;BrandB;598.02;0.2;478.42;820;4.04;4544;Supplier_41;China;London;10;7;0.28;1;2016;22.19;7.68;White;Fabric;0;627;1219;5033;0.19;410.98;155486.5;1865838.0;65792;45075;11749;0.038;62.86;0.58;85;6571.67;3914;408;1.02;33;10;146;81;4.44;32.69;0.19;0.5859465000609078;0.513847954409759;PRODUCT_1205;12;67.44;122616;5.133214997388667;Standard;0.3045491163313363;339.7;4.330038804914128;0.4436896807402509
1862;Product_1862;Beauty;Clothing;BrandC;132.8;0.14;114.21;415;4.63;3598;Supplier_5;Germany;London;2;9;0.17;1;2024;29.02;38.26;Red;Fabric;3;145;509;5623;0.4;95.27;54363.96;652367.52;99603;16175;24163;0.146;299.35;0.58;55;2054.84;3401;4755;1.14;3;4;102;-18;3.28;24.57;0.13;0.6154818485669518;0.4315430433532184;PRODUCT_1862;12;18.94;139941;10.577166825060798;High_Margin;0.4476965721927188;323.7;3.8779215900806823;0.4432953333575046
135;Product_135;Sports;Clothing;BrandC;504.57;0.07;469.25;557;4.66;4429;Supplier_48;UK;New York;15;5;0.29;1;2024;30.02;29.42;Green;Wood;1;19;1322;8160;0.16;357.35;146406.0;1756872.0;85869;2445;21926;0.09;206.05;0.43;82;3717.12;1808;1654;0.7;10;57;93;-7;4.65;6.7;0.21;0.6680471282567633;0.5529725446855421;PRODUCT_135;11;111.89999999999998;110240;2.434643601646423;Standard;0.2875479090270557;425.0;3.06798763045014;0.44324625646985355
1569;Product_1569;Home;Home;BrandE;864.45;0.3;605.12;700;4.11;822;Supplier_25;UK;Mumbai;11;5;0.05;0;2019;17.42;63.07;Red;Wood;4;301;2585;4064;0.35;596.38;179115.52;2149386.24;89353;31614;11014;0.16;263.83;0.3;75;9907.36;3327;4585;1.42;30;2;10;54;2.77;33.0;0.08;0.6586066323285441;0.5652629298950652;PRODUCT_1569;12;8.740000000000009;131981;9.528761146812752;Standard;0.3695939812172581;626.1;3.998932840681328;0.4430628984838022
4763;Product_4763;Toys;Electronics;BrandC;365.19;0.11;325.02;710;4.24;2558;Supplier_29;USA;Mumbai;14;14;0.24;0;2024;46.24;71.45;Red;Wood;2;497;2697;3393;0.39;240.46;24376.5;292518.0;77416;17711;15478;0.141;275.73;0.13;74;8879.5;7304;2299;0.91;56;39;7;-49;4.68;27.13;0.22;0.514606788582101;0.3516472988517352;PRODUCT_4763;12;84.55999999999997;110605;11.71789689588685;Standard;0.4232037656052726;711.4;4.225995430210501;0.4429171473420981
7017;Product_7017;Toys;Clothing;BrandE;369.87;0.31;255.21;732;4.52;538;Supplier_41;China;Shanghai;1;8;0.23;1;2014;20.2;56.56;Blue;Metal;1;500;2526;3558;0.21;245.71;121990.38;1463884.56;34356;48347;22317;0.05;162.12;0.67;94;4187.68;5908;4277;0.69;34;69;156;-3;3.98;24.65;0.23;0.5332111125458472;0.4792120798094823;PRODUCT_7017;12;9.5;105020;6.195842636707241;Standard;0.4079350834272125;660.7;4.576089640340803;0.4428636669591339
6141;Product_6141;Clothing;Electronics;BrandC;990.6502;0.29;708.62;216;4.77;690;Supplier_3;India;Shanghai;18;13;0.15;0;2012;24.64;99.36;Green;Metal;1;162;114;5103;0.33;621.51;291242.82;3494913.84;3468;25273;28759;0.155;179.75;0.32;52;1700.93;9830;251;1.25;15;51;85;21;2.97;12.26;0.08;0.6341901671373328;0.711592976202105;PRODUCT_6141;12;87.11000000000001;57500;9.260873380708864;Premium;0.5441252482258273;123.8;5.4029971968163615;0.4426277090605322
4946;Product_4946;Beauty;Electronics;BrandC;813.7;0.37;512.63;487;4.72;539;Supplier_21;China;New York;2;7;0.07;1;2010;48.15;94.98;Green;Fabric;3;260;498;8583;0.32;620.24;173268.94;2079227.28;8661;45198;3434;0.07;284.84;0.51;84;1234.87;7158;1143;0.92;59;39;143;-14;3.69;36.46;0.17;0.5410668346928457;0.5477656176376018;PRODUCT_4946;12;-107.61;57293;8.992977236845611;Premium;0.4981932322507289;176.5;5.157521360019483;0.44244244008918576
6031;Product_6031;Sports;Clothing;BrandA;545.65;0.42;316.48;854;4.15;1802;Supplier_10;UK;New York;2;14;0.29;0;2018;30.85;80.41;White;Plastic;5;442;1334;3672;0.18;356.76;74372.8;892473.6;84994;12604;28619;0.188;36.68;0.56;93;9022.75;1427;3607;1.06;40;52;113;-37;1.52;39.06;0.25;0.5647369086557167;0.419827899593317;PRODUCT_6031;12;-40.27999999999997;126217;5.407653182449774;Standard;0.2652753482670675;398.2;4.127086472151994;0.4420613565174375
3534;Product_3534;Toys;Home;BrandB;316.07;0.12;278.14;548;4.14;4955;Supplier_44;USA;Shanghai;9;9;0.16;0;2019;12.36;62.79;Black;Wood;3;580;220;1221;0.2;243.95;47561.94;570743.28;81694;37636;26017;0.128;127.94;0.31;74;3615.29;5039;2679;1.27;59;12;27;-1;1.87;5.94;0.12;0.5347209756421496;0.3799950650556964;PRODUCT_3534;12;34.19;145347;5.944575370887575;Standard;0.2925134080221948;140.1;4.294039260314148;0.4420306611722117
7591;Product_7591;Toys;Clothing;BrandD;433.33;0.2;346.66;59;4.61;3089;Supplier_37;UK;Shanghai;18;11;0.18;1;2014;49.23;68.73;Red;Plastic;5;52;110;3663;0.33;279.09;20799.6;249595.2;93007;40323;29299;0.161;78.92;0.23;56;2220.1;8956;2335;1.38;41;55;78;53;1.09;42.04;0.21;0.572376353774515;0.3797186899511501;PRODUCT_7591;12;67.57000000000005;162629;7.012445907268825;High_Margin;0.3402774743712288;204.0;3.5188263679238867;0.442026233318741
7257;Product_7257;Sports;Sports;BrandE;386.47;0.22;301.45;907;4.87;2012;Supplier_23;China;Berlin;8;8;0.24;1;2021;13.84;20.5;Green;Metal;0;78;704;6144;0.34;224.27;19895.7;238748.4;53154;38461;28099;0.157;200.74;0.49;66;6543.38;200;3664;0.62;59;22;74;84;3.24;26.35;0.2;0.5126959570223708;0.3711887210056137;PRODUCT_7257;12;77.17999999999998;119714;8.370816039510933;High_Margin;0.4339414708053536;362.7;3.840494496369282;0.44174225335106454
4031;Product_4031;Beauty;Electronics;BrandE;723.74;0.25;542.81;333;4.87;455;Supplier_28;India;Shanghai;4;1;0.14;0;2023;30.69;74.17;White;Plastic;4;43;2563;1717;0.24;562.49;91192.08;1094304.96;30953;4768;21211;0.021;32.98;0.12;99;9882.13;5179;3785;1.28;52;28;44;76;4.66;33.79;0.14;0.5284257455970147;0.4568230085146934;PRODUCT_4031;12;-19.680000000000064;56932;4.5158430218502605;Standard;0.3734412795937862;654.5;3.4924838527919353;0.44161207396893265
4399;Product_4399;Toys;Clothing;BrandC;570.5;0.27;416.46;283;4.09;4655;Supplier_39;China;Mumbai;15;9;0.12;1;2016;28.05;23.93;Black;Fabric;1;418;804;7379;0.14;469.65;114526.5;1374318.0;95837;21209;6029;0.183;90.71;0.25;75;3651.07;26;976;0.98;30;97;13;34;2.61;24.49;0.15;0.6154957817172504;0.4782266091148451;PRODUCT_4399;12;-53.19;123075;4.0899680233881925;Standard;0.2319723521222795;283.4;4.095408935390624;0.4415027899809722
1013;Product_1013;Electronics;Electronics;BrandA;953.94;0.04;915.78;527;4.16;2788;Supplier_36;UK;Berlin;17;7;0.12;1;2011;25.54;65.45;Black;Metal;4;263;2343;4774;0.37;645.83;403858.98;4846307.76;80089;16319;21934;0.135;82.87;0.54;65;6355.74;1483;795;1.0;25;54;45;47;2.93;15.34;0.24;0.8336468141500799;0.8748397708531943;PRODUCT_1013;12;269.94999999999993;118342;9.741138475603789;High_Margin;0.4617847867853412;563.6;3.935131804476946;0.4413249270854406
9737;Product_9737;Home;Electronics;BrandB;894.99;0.27;653.34;912;4.65;1882;Supplier_34;China;Shanghai;17;3;0.2;1;2025;41.91;18.48;Blue;Wood;1;171;2684;3577;0.49;800.78;150268.2;1803218.4;27292;38338;3417;0.129;146.57;0.65;56;7537.98;8995;1980;1.23;13;45;41;-63;4.9;33.49;0.23;0.5533333156929896;0.5225416707035672;PRODUCT_9737;12;-147.43999999999994;69047;13.241551200758565;High_Margin;0.5568803097616609;665.4;4.199944588321747;0.4412835658467349
3651;Product_3651;Electronics;Sports;BrandE;192.47;0.47;102.01;102;4.25;2509;Supplier_19;USA;New York;19;2;0.28;1;2018;15.27;66.91;White;Fabric;2;459;65;6001;0.47;142.88;23870.34;286444.08;95963;39075;18902;0.173;78.12;0.15;85;8334.63;5539;2617;1.27;5;47;139;-75;4.74;6.21;0.21;0.552079407888071;0.3627146359263527;PRODUCT_3651;12;-40.86999999999999;153940;14.365877522647038;Standard;0.4765132527613909;224.3;4.233928233216013;0.44088002732776244
164;Product_164;Beauty;Home;BrandC;953.42;0.13;829.48;133;4.01;2130;Supplier_39;China;London;13;9;0.29;1;2020;42.32;30.89;White;Plastic;1;652;2138;512;0.28;595.01;256309.32;3075711.84;34433;31992;27418;0.076;104.99;0.45;83;9140.03;9688;3221;1.14;54;1;25;-61;1.64;47.12;0.21;0.6058630736413562;0.6330482852850887;PRODUCT_164;11;234.47000000000003;93843;7.8306059256086975;Standard;0.4033568968689777;509.0;4.382452592482507;0.4400975745685107
365;Product_365;Home;Home;BrandB;583.67;0.33;391.06;416;4.31;2781;Supplier_31;USA;Shanghai;8;13;0.22;1;2025;31.87;26.73;Green;Fabric;5;201;2172;7862;0.26;386.44;148211.74;1778540.88;98375;8472;4090;0.064;105.43;0.45;58;7387.34;8451;8;0.59;6;50;28;84;1.41;45.76;0.23;0.6665860211279463;0.5405835744612104;PRODUCT_365;11;4.6200000000000045;110937;6.329145247737089;High_Margin;0.3185623843618457;574.6;3.864530967143456;0.4394761998114721
6064;Product_6064;Clothing;Electronics;BrandC;667.98;0.28;480.95;922;4.73;3386;Supplier_31;China;Mumbai;4;10;0.12;0;2019;28.24;48.36;White;Wood;5;6;1880;9055;0.15;549.93;21161.8;253941.6;61951;37829;4796;0.016;109.86;0.44;100;6526.43;138;731;0.99;14;40;110;-77;3.57;8.91;0.16;0.5201605510397627;0.3692650154444596;PRODUCT_6064;12;-68.97999999999996;104576;1.4027132227668206;Standard;0.235050284910234;492.4;2.7924896104606916;0.43926893831489033
6654;Product_6654;Toys;Electronics;BrandC;818.15;0.1;736.34;883;4.21;1607;Supplier_32;China;New York;12;4;0.15;0;2023;25.38;6.89;White;Fabric;5;296;121;5188;0.22;513.42;186294.02;2235528.24;77150;41806;29415;0.142;263.56;0.32;94;2455.87;3794;3072;1.21;41;58;33;93;4.88;1.44;0.16;0.6482520309317353;0.5743035388000107;PRODUCT_6654;12;222.92000000000007;148371;6.022376635347247;Standard;0.3137459131545401;89.7;4.069868746642272;0.43922697470708727
7491;Product_7491;Home;Home;BrandC;805.13;0.4;483.08;443;4.06;1104;Supplier_6;USA;Shanghai;18;8;0.25;0;2023;33.87;49.49;Red;Wood;0;567;1749;6864;0.43;539.17;135262.4;1623148.8;53551;38912;9259;0.021;255.76;0.59;75;2424.3;7900;4308;0.62;24;9;87;-60;3.4;17.16;0.14;0.5460018120945772;0.4797119079436224;PRODUCT_7491;12;-56.089999999999975;101722;11.304589159832256;Standard;0.4380575241209971;424.7;4.306175452140474;0.4389836951907868
2544;Product_2544;Sports;Beauty;BrandE;453.89;0.01;449.35;590;4.76;779;Supplier_2;Germany;London;4;12;0.18;1;2024;10.27;84.05;Green;Plastic;0;12;62;9776;0.18;260.95;20670.1;248041.2;73936;37014;17318;0.186;24.46;0.73;55;8283.51;6777;3921;1.32;35;21;18;68;1.12;14.37;0.11;0.5461193984509358;0.3776946318255597;PRODUCT_2544;12;188.40000000000003;128268;2.6064112508350306;Standard;0.268852649077007;177.2;3.0301041749257527;0.4385151803429581
9697;Product_9697;Home;Toys;BrandE;848.99;0.02;832.01;274;4.39;1923;Supplier_10;China;Shanghai;4;2;0.27;1;2017;2.1;82.35;Red;Plastic;2;151;228;8040;0.4;426.65;351108.22;4213298.64;72101;35880;1013;0.079;290.66;0.3;80;5837.38;439;3833;1.2;50;68;35;-97;3.75;18.18;0.15;0.7915731858505229;0.8115500389068583;PRODUCT_9697;12;405.36;108994;9.51886699597994;High_Margin;0.4891293218986004;106.6;3.8650792606678817;0.43799950599968596
3027;Product_3027;Sports;Sports;BrandD;960.68;0.43;547.59;228;4.35;1937;Supplier_29;Germany;Berlin;14;8;0.18;0;2017;29.07;92.28;Black;Plastic;2;206;1216;1014;0.19;701.68;43807.2;525686.4;59118;15027;6259;0.087;117.08;0.9;89;3203.42;9235;1898;0.98;36;78;53;-50;1.61;26.85;0.21;0.5031950810931691;0.374675984899632;PRODUCT_3027;12;-154.08999999999992;80404;4.790943893822969;Standard;0.2491831417970836;327.0;3.923924825740127;0.43782200337859833
5144;Product_5144;Beauty;Beauty;BrandB;749.34;0.21;591.98;955;4.48;4691;Supplier_46;India;Berlin;11;5;0.08;1;2023;9.81;80.09;Green;Plastic;4;150;39;352;0.08;566.21;167530.34;2010364.08;66944;23701;20282;0.165;257.14;0.66;50;8915.4;9675;1837;1.05;22;53;150;19;1.65;23.17;0.14;0.6336098168712988;0.5594156874761154;PRODUCT_5144;12;25.769999999999985;110927;2.094894953944357;Standard;0.2536447115615493;110.8;3.8697203716284556;0.4377350600195712
2846;Product_2846;Toys;Toys;BrandA;614.92;0.02;602.62;458;4.51;909;Supplier_12;USA;New York;14;5;0.14;1;2011;37.66;49.99;Red;Plastic;5;163;587;8874;0.39;449.93;277205.2;3326462.4;71347;16922;6889;0.184;263.01;0.71;98;991.65;7800;2740;0.62;10;17;119;-18;4.07;2.86;0.25;0.7373278106085273;0.7162027598370132;PRODUCT_2846;12;152.69;95158;10.62066359092158;High_Margin;0.507419146117191;262.3;3.891382342780905;0.4375904847261214
5566;Product_5566;Electronics;Toys;BrandB;596.49;0.45;328.07;871;4.18;4779;Supplier_1;Germany;New York;16;11;0.23;0;2010;8.31;65.82;Black;Fabric;1;520;299;3115;0.16;400.57;131556.07;1578672.84;60402;22819;25290;0.066;11.66;0.44;57;9622.57;8477;3109;1.36;31;79;159;-38;4.29;45.51;0.14;0.5661795807733311;0.4863588680044922;PRODUCT_5566;12;-72.5;108511;4.459979439367679;Standard;0.2919905285799862;140.4;4.2498571174596;0.4375106676132157
4280;Product_4280;Toys;Beauty;BrandB;704.2;0.32;478.86;884;4.2;518;Supplier_10;USA;Shanghai;17;9;0.14;1;2018;37.79;64.12;White;Metal;5;790;1568;1712;0.44;387.56;238472.28;2861667.36;1057;42483;8624;0.085;236.19;0.39;84;295.13;3325;2253;1.45;28;83;5;-3;2.68;9.54;0.18;0.5392555277717225;0.6004224923117518;PRODUCT_4280;12;91.3;52164;13.380496289211568;Standard;0.5930197669735768;435.0;12.387729783133553;0.4367757540971795
7601;Product_7601;Beauty;Beauty;BrandB;722.36;0.03;700.69;877;4.14;3031;Supplier_23;China;London;5;4;0.27;0;2020;47.66;49.88;Blue;Wood;2;355;151;8255;0.48;629.65;196193.2;2354318.4;84111;1271;24715;0.144;52.64;0.79;81;4910.14;4722;1300;0.67;9;30;60;-49;3.76;17.57;0.16;0.6649260713970304;0.5877404815624643;PRODUCT_7601;12;71.04000000000008;110097;13.35581372651143;Standard;0.4825985796761245;108.9;4.008994489199725;0.43656042157960606
9369;Product_9369;Toys;Toys;BrandC;123.51;0.11;109.92;683;4.68;520;Supplier_50;UK;Mumbai;10;9;0.25;0;2013;36.54;62.19;White;Fabric;5;230;1128;6567;0.44;83.02;10552.32;126627.84;73916;24945;21845;0.037;195.06;0.86;95;3116.18;1444;4452;0.94;25;81;81;-45;4.75;43.77;0.21;0.5311450516410839;0.3585195046799419;PRODUCT_9369;12;26.90000000000001;120706;11.621686531838211;High_Margin;0.4850320806131081;419.0;4.116462619681417;0.4349155698409588
4510;Product_4510;Electronics;Toys;BrandE;965.37;0.02;946.06;929;4.71;3868;Supplier_41;UK;London;15;11;0.21;0;2015;35.01;55.0;White;Plastic;5;103;614;6187;0.33;612.74;287602.24;3451226.88;20972;21112;22822;0.051;294.01;0.67;79;5857.93;5329;1675;0.93;22;41;57;65;1.31;31.41;0.21;0.6613325922775168;0.7132039538809402;PRODUCT_4510;12;333.31999999999994;64906;7.586934390036742;Premium;0.4899239073590395;201.6;3.943091473141196;0.43477447149018567
1067;Product_1067;Toys;Clothing;BrandE;276.42;0.07;257.07;106;4.33;3461;Supplier_4;UK;Mumbai;5;14;0.25;0;2022;9.21;75.2;Black;Metal;4;361;1056;8147;0.33;244.26;96915.39;1162984.68;90898;28049;23179;0.159;238.77;0.86;57;123.39;20;983;1.18;2;6;26;37;2.73;35.58;0.14;0.6099613400346257;0.4661791588063966;PRODUCT_1067;12;12.810000000000002;142126;9.757123110148022;Standard;0.403785731712196;439.0;4.15037301400048;0.4347366959758496
6491;Product_6491;Toys;Sports;BrandD;431.38;0.36;276.08;923;4.29;1415;Supplier_26;USA;London;7;1;0.0;1;2023;12.63;22.01;Green;Wood;0;631;517;6478;0.3;322.88;127825.04;1533900.48;36874;37391;18879;0.034;170.68;0.37;67;9331.56;1820;3383;1.36;9;24;175;68;1.18;1.56;0.22;0.5247693999509883;0.4741014108076633;PRODUCT_6491;12;-46.80000000000001;93144;8.581911152376083;Standard;0.4351609032095752;216.0;4.498359901499932;0.4345039107361954
6733;Product_6733;Electronics;Electronics;BrandA;409.35;0.47;216.96;13;4.37;1220;Supplier_32;Germany;Shanghai;1;7;0.1;0;2012;24.8;12.54;White;Wood;4;312;1322;5309;0.24;312.23;106744.32;1280931.84;82055;31850;20636;0.11;260.88;0.84;87;268.73;506;179;1.18;55;72;68;52;3.28;26.57;0.22;0.6037633827596053;0.4770747744484676;PRODUCT_6733;12;-95.27;134541;6.6895458759247495;Standard;0.3406760013923537;401.9;4.124112133567838;0.43428547612258706
7685;Product_7685;Sports;Sports;BrandE;719.01;0.31;496.12;190;4.25;3359;Supplier_44;China;Shanghai;5;6;0.02;0;2017;43.77;98.35;White;Metal;5;538;1430;1447;0.36;424.21;207874.28;2494491.36;34864;1239;2698;0.148;117.06;0.55;65;9169.63;8128;2196;0.54;18;27;43;7;3.21;28.35;0.17;0.5850702784165153;0.5814407798252579;PRODUCT_7685;12;71.91000000000003;38801;11.0475080173674;Standard;0.489379406225548;405.1;4.222993846537073;0.4342378461837322
3348;Product_3348;Sports;Sports;BrandC;579.03;0.08;532.71;364;4.08;3160;Supplier_24;UK;New York;20;9;0.24;1;2012;10.11;7.21;Red;Fabric;2;697;1851;260;0.46;463.61;199766.25;2397195.0;44207;12130;26127;0.178;232.99;0.41;63;2985.99;759;3470;1.05;58;13;189;54;1.11;23.57;0.07;0.5833199637378866;0.5649137582992098;PRODUCT_3348;12;69.10000000000002;82464;14.477263787011887;Standard;0.550166813665055;521.2;4.306165827817461;0.43365244462250757
3393;Product_3393;Electronics;Toys;BrandC;939.84;0.2;751.87;916;4.54;3922;Supplier_50;India;Shanghai;15;1;0.04;1;2018;13.31;43.9;Green;Plastic;0;107;2284;9541;0.49;786.34;300748.0;3608976.0;47293;266;23277;0.178;167.22;0.65;70;5816.08;6844;772;0.91;24;59;51;-57;4.33;38.71;0.21;0.7114709297195893;0.7363647789800676;PRODUCT_3393;12;-34.47000000000003;70836;12.269893832619715;High_Margin;0.5607201334042448;594.0;3.6899773930550883;0.4333792118992985
1299;Product_1299;Beauty;Beauty;BrandC;178.35;0.25;133.76;69;4.56;667;Supplier_16;UK;Berlin;17;10;0.28;1;2022;31.68;14.92;White;Plastic;0;170;154;1179;0.38;104.27;18057.6;216691.2;96899;49688;23080;0.165;210.46;0.7;84;9368.51;826;4137;1.11;40;1;124;-29;3.6;32.91;0.23;0.5738486463440389;0.3750484400294008;PRODUCT_1299;12;29.489999999999995;169667;10.379537921474595;High_Margin;0.4132011571854448;285.6;3.98322169253161;0.4330734330422423
7791;Product_7791;Sports;Beauty;BrandC;657.82;0.08;605.19;64;4.32;4030;Supplier_38;USA;New York;14;3;0.05;1;2014;10.42;15.02;White;Fabric;4;266;1062;2251;0.47;409.44;57493.05;689916.6;76038;27913;19081;0.101;96.05;0.63;96;8548.56;969;1623;1.05;38;59;81;-18;2.3;15.33;0.22;0.5461841633736997;0.401904989842857;PRODUCT_7791;12;195.75000000000009;123032;12.490128993293473;High_Margin;0.439913725386525;325.4;4.036318017241054;0.43278236604231957
6992;Product_6992;Clothing;Home;BrandD;667.15;0.25;500.36;105;4.68;239;Supplier_45;India;Berlin;11;4;0.03;0;2021;16.62;1.61;White;Wood;5;338;2401;1710;0.14;336.54;141101.52;1693218.24;8305;45051;7380;0.199;82.34;0.84;97;7588.46;438;3203;0.97;51;21;194;35;3.64;46.07;0.07;0.5100215301570972;0.5003447298611575;PRODUCT_6992;12;163.82;60736;4.576817129156449;Standard;0.3829414935517134;643.1;5.287312746143028;0.4322269843357529
2455;Product_2455;Home;Toys;BrandB;954.71;0.42;553.73;132;4.22;527;Supplier_24;Germany;Mumbai;6;12;0.11;0;2019;3.34;94.55;White;Plastic;1;206;1118;6093;0.35;648.11;262468.02;3149616.24;76363;40539;20264;0.118;51.76;0.37;96;8232.29;1086;4765;0.67;10;39;190;81;2.06;28.91;0.24;0.7117305139482525;0.6801981201005185;PRODUCT_2455;12;-94.38;137166;8.805843885255996;High_Margin;0.400116362111708;312.1;3.9272619735218544;0.43216076009522775
2562;Product_2562;Home;Toys;BrandD;977.02;0.45;537.36;508;4.47;156;Supplier_32;China;Mumbai;9;8;0.02;1;2011;23.0;12.03;Green;Metal;2;115;510;3571;0.43;676.63;65020.56;780246.72;52254;18541;6189;0.147;63.78;0.8;90;3978.86;9215;4782;1.09;27;54;140;-26;3.85;45.68;0.22;0.5169584768622765;0.407680369994635;PRODUCT_2562;12;-139.26999999999998;76984;10.4799964351554;High_Margin;0.410662522673018;180.4;3.7604009786509898;0.4312311063152216
2102;Product_2102;Toys;Electronics;BrandA;983.96;0.34;649.41;589;4.83;4784;Supplier_30;USA;Shanghai;5;10;0.26;1;2017;42.61;71.68;Blue;Wood;1;22;647;8505;0.43;855.28;109100.88;1309210.56;13683;43343;5356;0.035;293.74;0.39;92;8438.04;1937;1730;0.52;2;57;188;-31;3.06;49.96;0.15;0.5057866249002771;0.4687562430384768;PRODUCT_2102;12;-205.87;62382;6.740031714860464;Premium;0.44271025885593;220.2;3.819728344852987;0.4312102295254445
1987;Product_1987;Beauty;Home;BrandD;957.43;0.44;536.16;222;4.24;940;Supplier_45;India;London;17;1;0.27;1;2019;48.95;49.34;Green;Fabric;0;51;583;3517;0.46;813.65;128142.24;1537706.88;99472;30204;27637;0.035;81.42;0.73;82;2607.25;9338;518;1.1;22;8;79;99;3.52;22.91;0.21;0.646251740160746;0.5089061079968106;PRODUCT_1987;12;-277.49;157313;7.976233449926458;High_Margin;0.3327638659201549;183.5;3.337226134690091;0.4309273576846936
1079;Product_1079;Home;Home;BrandB;231.29;0.06;217.41;486;4.75;1279;Supplier_17;UK;London;12;12;0.29;0;2015;24.47;18.97;White;Fabric;4;149;385;7106;0.17;183.81;91747.02;1100964.24;66431;30610;17657;0.18;107.87;0.77;57;2624.91;1758;4647;0.54;40;46;138;-73;3.3;5.34;0.18;0.590260482120613;0.471203239356213;PRODUCT_1079;12;33.599999999999994;114698;4.774383839979618;Budget;0.3530079400798664;312.7;3.9964098882877477;0.4308400416787531
1286;Product_1286;Beauty;Electronics;BrandB;907.99;0.04;871.67;396;4.04;2059;Supplier_26;India;New York;12;5;0.29;1;2019;17.98;68.26;Blue;Fabric;5;295;538;7097;0.26;638.57;230992.55;2771910.6;91091;14550;19223;0.177;191.45;0.13;84;3226.2;3301;3715;0.99;39;39;125;55;4.89;31.33;0.17;0.7002413946635756;0.6338293925260913;PRODUCT_1286;12;233.0999999999999;124864;7.035109752857486;High_Margin;0.3127609721024666;182.6;3.924089857631744;0.4305894631059316
177;Product_177;Sports;Toys;BrandA;723.14;0.12;636.36;363;4.05;3313;Supplier_3;China;New York;17;4;0.0;1;2024;49.84;62.33;Black;Plastic;5;667;721;8928;0.46;645.56;141271.92;1695263.04;40309;45448;26199;0.186;157.57;0.63;68;8696.19;4338;261;1.14;39;80;25;-33;3.66;28.66;0.1;0.523782865085984;0.4794665199032153;PRODUCT_177;11;-9.199999999999932;111956;14.37134179661634;Standard;0.5118599204080443;246.3;4.4472132971504;0.43049183402425495
6644;Product_6644;Beauty;Home;BrandD;533.59;0.12;469.56;760;4.03;1896;Supplier_38;India;Berlin;1;11;0.11;0;2015;28.85;4.85;Green;Fabric;5;506;246;5553;0.41;311.73;31460.52;377526.24;87088;26361;11905;0.046;89.94;0.28;75;3206.96;2718;4237;1.38;8;5;102;-58;4.6;42.32;0.16;0.5231290568516425;0.353843741861109;PRODUCT_6644;12;157.82999999999998;125354;10.764771692870465;Standard;0.3645256341308577;136.5;4.163943166823209;0.43030539241121524
4449;Product_4449;Clothing;Beauty;BrandB;360.99;0.42;209.37;722;4.65;4975;Supplier_17;Germany;Berlin;1;12;0.22;0;2016;48.81;70.79;Black;Plastic;3;62;499;6800;0.28;287.4;24077.55;288930.6;85331;25139;27638;0.142;151.41;0.71;60;7798.49;1872;60;0.71;29;71;170;-22;3.37;31.63;0.16;0.5629869993089616;0.3822220791473992;PRODUCT_4449;12;-78.02999999999997;138108;6.160360734515948;High_Margin;0.3294300826590551;260.6;3.5761750329316;0.42999348176000607
9355;Product_9355;Electronics;Toys;BrandA;223.28;0.17;185.32;183;4.78;1856;Supplier_20;UK;New York;20;6;0.02;1;2018;8.56;55.0;Black;Wood;3;182;1899;3086;0.07;133.76;32801.64;393619.68;56382;35591;11064;0.067;178.18;0.86;82;8202.88;2251;1397;1.12;3;19;169;-45;2.75;28.79;0.16;0.5228390775120398;0.3852788056370212;PRODUCT_9355;12;51.56;103037;1.8598813692123692;Budget;0.2767756386033611;570.2;4.122043973392254;0.42989909620804645
6578;Product_6578;Beauty;Clothing;BrandE;960.37;0.28;691.47;416;4.29;3412;Supplier_1;Germany;Mumbai;8;10;0.06;1;2024;37.78;91.98;Blue;Plastic;3;103;1102;9327;0.14;791.74;201909.24;2422910.88;81868;5168;20867;0.057;96.64;0.53;80;2157.05;558;2818;0.75;44;14;193;-32;4.72;26.31;0.21;0.677260874395519;0.6039281435883589;PRODUCT_6578;12;-100.26999999999998;107903;2.9484181809436936;Standard;0.2363165566238143;290.7;3.5863815612004983;0.4293304323598953
819;Product_819;Sports;Electronics;BrandA;909.47;0.17;754.86;814;4.27;353;Supplier_48;UK;Berlin;11;1;0.13;1;2022;33.14;55.74;Blue;Wood;1;217;1818;3411;0.23;602.55;314776.62;3777319.44;69099;16285;17788;0.15;40.24;0.39;80;5153.91;3796;538;1.42;18;38;22;-75;1.88;19.9;0.05;0.7453226042907148;0.7516415765203524;PRODUCT_819;11;152.31000000000006;103172;6.081329491339938;Standard;0.3669351558281902;457.4;3.908933294801159;0.4289069513014022
5807;Product_5807;Home;Beauty;BrandA;135.42;0.02;132.71;699;4.11;3179;Supplier_12;China;London;11;5;0.29;1;2014;41.14;42.2;Green;Fabric;5;570;2382;8549;0.48;92.34;55074.65;660895.8;96474;47770;23760;0.135;270.37;0.36;62;6294.6;7216;2467;1.02;34;24;56;-91;2.16;11.18;0.1;0.5682223762760521;0.397371774604956;PRODUCT_5807;12;40.370000000000005;168004;14.212616906238646;Standard;0.4755608356305861;658.4;4.2819875473696705;0.4287569430397904
9533;Product_9533;Home;Beauty;BrandB;414.25;0.14;356.25;628;4.63;3109;Supplier_25;Germany;London;9;5;0.09;0;2011;2.74;19.4;Blue;Wood;2;320;638;9680;0.2;351.22;101531.25;1218375.0;37764;269;2400;0.079;39.57;0.37;53;7315.95;2151;3427;1.22;9;81;169;21;4.15;25.61;0.2;0.5315708723326305;0.4599006285314634;PRODUCT_9533;12;5.029999999999973;40433;5.766558483939848;Standard;0.3827610508469073;251.6;4.16200108647264;0.42748044755192527
9923;Product_9923;Electronics;Home;BrandD;630.4;0.32;428.67;142;4.5;1454;Supplier_27;UK;Berlin;16;5;0.18;1;2014;6.72;87.1;Red;Plastic;4;55;2163;244;0.39;548.22;192901.5;2314818.0;85248;45579;13158;0.056;150.84;0.37;96;2310.9;2383;111;0.66;25;17;3;85;4.21;18.81;0.11;0.6932238657522828;0.6068940192480508;PRODUCT_9923;12;-119.55;143985;7.460103781405639;High_Margin;0.4012762762501586;562.2;3.517073390258024;0.4273346397350004
3241;Product_3241;Beauty;Electronics;BrandB;552.63;0.01;547.1;878;4.57;392;Supplier_41;China;London;11;6;0.2;1;2014;1.57;5.26;Black;Wood;0;272;811;7790;0.28;483.03;234705.9;2816470.8;43471;9009;17525;0.079;48.46;0.33;81;1490.31;5247;2031;1.47;46;21;11;12;1.77;14.87;0.12;0.6505193148153479;0.6443271062196319;PRODUCT_3241;12;64.07000000000005;70005;7.744932637739051;High_Margin;0.4588458116516;300.5;4.113237039943736;0.4273054264776727
7338;Product_7338;Home;Toys;BrandA;602.19;0.22;469.71;843;4.03;3972;Supplier_45;Germany;London;11;8;0.22;0;2022;31.39;81.29;Green;Plastic;3;670;165;7757;0.15;310.1;224051.67;2688620.04;51286;40909;29866;0.132;228.07;0.32;100;9924.26;9774;2449;0.54;46;45;155;-74;2.44;27.83;0.08;0.6139648236341753;0.59966911046167;PRODUCT_7338;12;159.60999999999996;122061;4.453911667814901;Standard;0.3183416589852346;105.0;4.375040470761844;0.4272058754895644
1389;Product_1389;Home;Electronics;BrandD;759.47;0.05;721.5;475;4.56;1531;Supplier_1;China;Berlin;5;12;0.3;1;2022;20.57;93.4;Black;Wood;3;177;644;35;0.48;414.91;165945.0;1991340.0;43719;11002;19138;0.013;186.47;0.82;70;2211.7;4253;706;0.97;53;39;189;42;4.8;22.41;0.19;0.5922156150734592;0.5483982003497478;PRODUCT_1389;12;306.59;73859;11.489332376732744;High_Margin;0.5123136199299301;233.1;3.9470439400280855;0.4263591403869754
7439;Product_7439;Electronics;Toys;BrandB;813.34;0.41;479.87;547;4.09;4270;Supplier_30;Germany;Mumbai;8;12;0.12;1;2016;9.44;94.43;Green;Fabric;0;334;2016;824;0.16;623.26;43668.17;524018.04;82206;14404;16041;0.162;63.79;0.64;87;5213.13;1358;1513;0.68;34;56;177;-53;3.69;33.66;0.07;0.5284607368182658;0.3716978943460439;PRODUCT_7439;12;-143.39;112651;4.421139277270587;Standard;0.1967307715211868;496.9;3.9966958835083157;0.42555084033298696
6108;Product_6108;Sports;Beauty;BrandA;185.49;0.34;122.42;933;4.89;3049;Supplier_38;Germany;Berlin;16;4;0.12;1;2019;9.81;38.7;White;Fabric;1;90;1450;4309;0.21;166.91;2203.56;26442.72;56756;46550;21212;0.159;228.5;0.62;69;2441.84;9448;83;1.2;60;16;145;42;1.35;20.49;0.07;0.5065777292721744;0.3500741726919075;PRODUCT_6108;12;-44.49;124518;5.368721685973656;Budget;0.3592490264601612;581.7;3.924379323080346;0.4253832111155664
2515;Product_2515;Toys;Home;BrandE;619.82;0.28;446.27;798;4.38;2234;Supplier_20;India;New York;4;14;0.24;1;2017;33.79;75.38;White;Plastic;1;316;2573;1299;0.34;438.3;157533.31;1890399.72;57745;10499;3140;0.107;193.57;0.73;71;7327.99;7446;2737;1.17;26;38;198;-61;1.39;2.6;0.12;0.5987765684943114;0.5336199308801899;PRODUCT_2515;12;7.96999999999997;71384;9.493805269475455;Standard;0.4294975212534849;652.8;4.091924031050609;0.4252256971973345
8378;Product_8378;Home;Sports;BrandC;418.49;0.14;359.9;311;4.06;4396;Supplier_26;USA;London;2;11;0.29;1;2025;21.87;85.99;Black;Metal;2;561;1454;7873;0.44;304.26;159435.7;1913228.4;80114;8990;14835;0.087;126.54;0.74;89;4516.74;622;1750;0.81;50;8;30;-37;4.18;34.97;0.13;0.6195259449211485;0.5292037952841847;PRODUCT_8378;12;55.63999999999999;103939;12.294616661354643;Standard;0.463881242411896;416.7;4.1790437586558316;0.42521404517632333
3784;Product_3784;Beauty;Clothing;BrandD;690.87;0.47;366.16;998;4.96;781;Supplier_42;Germany;New York;14;14;0.08;1;2016;18.22;7.17;Red;Metal;1;42;1068;9364;0.15;588.95;107651.04;1291812.48;12195;42909;749;0.1;74.54;0.65;89;9481.7;3981;3320;1.11;11;81;188;-98;3.81;49.7;0.17;0.5119872393420786;0.474170981804187;PRODUCT_3784;12;-222.79;55853;3.078166174683612;Standard;0.3603068412929604;352.7;4.192194683423796;0.42520651153829514
475;Product_475;Sports;Sports;BrandB;707.51;0.44;396.21;822;4.24;3109;Supplier_7;Germany;London;16;12;0.13;1;2023;0.84;83.57;White;Fabric;2;558;1062;9640;0.27;501.38;133918.98;1607027.76;29320;48648;2644;0.158;273.24;0.76;57;2296.5;8566;4602;0.85;26;89;33;84;3.34;30.31;0.07;0.5107993678131492;0.4748265067762614;PRODUCT_475;11;-105.17000000000002;80612;8.386439711733095;Standard;0.400646296731279;342.7;4.558301535510335;0.4251078811752602
9143;Product_9143;Clothing;Sports;BrandB;623.78;0.28;449.12;162;4.44;4622;Supplier_18;Germany;Mumbai;20;1;0.23;0;2017;34.98;2.71;White;Plastic;0;141;388;1657;0.35;377.85;121262.4;1455148.8;78601;20464;16661;0.104;65.76;0.29;100;7856.37;7033;596;0.83;33;68;140;-36;1.97;45.95;0.23;0.6147003373835591;0.4996326516366297;PRODUCT_9143;12;71.26999999999998;115726;8.502296193253645;High_Margin;0.3822347670497821;179.4;3.8104014073842154;0.42477698955259036
8978;Product_8978;Electronics;Clothing;BrandB;576.68;0.04;553.61;824;4.41;3303;Supplier_23;UK;Mumbai;16;14;0.13;1;2020;35.11;81.71;Green;Fabric;2;306;1716;6670;0.36;512.52;147260.26;1767123.12;58317;9175;10927;0.153;138.61;0.7;70;8618.0;9078;4975;1.1;26;60;62;-93;3.63;37.89;0.16;0.5936554291677119;0.521624547684314;PRODUCT_8978;12;41.09000000000003;78419;10.483010837132058;Standard;0.4507069374142979;522.0;4.086205052358953;0.42469310882532557
7334;Product_7334;Toys;Clothing;BrandD;225.16;0.05;213.9;813;4.62;4596;Supplier_29;Germany;Mumbai;7;11;0.29;0;2015;9.89;4.37;Red;Plastic;2;200;92;4653;0.26;156.68;86415.6;1036987.2;74535;43514;397;0.055;241.62;0.29;89;8752.77;7128;1720;1.3;1;16;166;-40;2.17;23.37;0.09;0.5915738644042148;0.4603465440292162;PRODUCT_7334;12;57.22;118446;6.7206979976163925;High_Margin;0.3782840700146448;194.6;4.0860832163262;0.4246056659372637
7716;Product_7716;Electronics;Beauty;BrandE;383.45;0.12;337.44;73;4.36;1906;Supplier_42;UK;Shanghai;11;9;0.25;0;2011;6.63;71.39;Black;Plastic;5;267;1061;2722;0.23;254.0;46904.16;562849.92;88651;7213;25407;0.11;104.72;0.7;68;5977.61;9347;4983;1.41;41;9;51;73;3.05;40.1;0.09;0.5656822260557112;0.3973369156081228;PRODUCT_7716;12;83.44;121271;6.22337233590248;Standard;0.2961104443581406;345.4;3.9966675922855606;0.4244106264707824
829;Product_829;Beauty;Clothing;BrandE;990.37;0.25;742.78;39;4.21;2527;Supplier_36;USA;Mumbai;11;5;0.23;0;2011;41.2;51.06;White;Wood;4;345;31;1163;0.09;497.49;160440.48;1925285.76;46763;15887;3949;0.109;132.92;0.74;69;5734.37;8893;2963;0.53;38;23;186;-92;4.28;22.67;0.18;0.565661469392603;0.520184792798771;PRODUCT_829;11;245.29;66599;2.456674157923133;Standard;0.2295013824855989;70.2;4.090522391104287;0.4242129531605746
7905;Product_7905;Sports;Home;BrandA;327.99;0.04;314.87;776;4.53;2859;Supplier_12;UK;Berlin;6;1;0.24;0;2021;46.14;23.49;Green;Metal;2;176;2641;2788;0.47;250.38;14798.89;177586.68;83396;49313;27074;0.164;171.72;0.46;58;8508.65;7059;1395;1.31;47;36;18;-57;2.54;4.7;0.23;0.5416898750838038;0.3605024488853662;PRODUCT_7905;12;64.49000000000001;159783;12.8279090205051;High_Margin;0.4632773829743508;752.4;4.0007221598049165;0.42410891545909657
7683;Product_7683;Sports;Electronics;BrandB;989.94;0.1;890.95;890;4.01;3138;Supplier_21;USA;Shanghai;3;2;0.12;1;2014;29.7;83.34;White;Fabric;0;683;2242;9834;0.25;820.28;195118.05;2341416.6;17579;8051;19395;0.032;37.34;0.77;67;4077.71;2508;1217;0.69;11;64;112;90;2.26;13.54;0.06;0.5205352204812165;0.5380030221264488;PRODUCT_7683;12;70.67000000000007;45025;6.753694702413938;Standard;0.3621405391309427;527.3;4.306781096396538;0.4231633035543081
5215;Product_5215;Electronics;Toys;BrandC;901.5;0.13;784.3;998;4.09;1261;Supplier_40;India;New York;1;9;0.16;0;2024;1.33;89.67;Blue;Fabric;5;197;193;7165;0.16;708.37;28234.8;338817.6;97463;11160;6340;0.05;280.65;0.59;55;1031.29;7109;3343;1.39;42;9;152;10;2.68;11.25;0.21;0.5459612771094899;0.3594324890275243;PRODUCT_5215;12;75.92999999999995;114963;3.6336740421308287;Standard;0.151073152511707;83.4;3.7742078106053847;0.4231486370438836
1672;Product_1672;Sports;Home;BrandC;744.96;0.41;439.53;872;4.2;3070;Supplier_49;USA;Mumbai;4;6;0.28;1;2013;41.55;23.78;Blue;Fabric;1;223;22;9757;0.29;477.49;62852.79;754233.48;89349;9683;26400;0.152;268.54;0.86;60;7183.46;3336;1778;0.76;25;40;184;77;3.95;21.21;0.22;0.5677310944553849;0.4096519199801163;PRODUCT_1672;12;-37.96000000000004;125432;7.593275394615673;High_Margin;0.2876417734721195;117.4;3.8663329778159623;0.42285740730503235
8447;Product_8447;Toys;Clothing;BrandA;627.45;0.32;426.67;21;4.29;2421;Supplier_17;USA;London;14;7;0.28;1;2020;31.97;33.31;Red;Metal;3;373;1123;5816;0.28;360.5;194988.19;2339858.28;59506;3753;10058;0.132;99.55;0.48;92;2329.77;7310;1312;1.07;45;5;133;-44;3.84;8.2;0.09;0.6266922636431946;0.5809027549770256;PRODUCT_8447;12;66.17000000000002;73317;8.05555658428311;Standard;0.3974668214815698;338.6;4.098316173030949;0.4227565899048074
1891;Product_1891;Electronics;Sports;BrandD;762.83;0.39;465.33;84;4.68;1825;Supplier_20;Germany;New York;13;12;0.09;0;2022;25.8;44.24;Green;Metal;5;243;2237;3388;0.27;456.19;188458.65;2261503.8;11928;24322;8486;0.192;125.76;0.57;97;8426.52;8742;3762;0.5;8;54;146;-71;1.13;49.59;0.06;0.557214325384777;0.5682488987944012;PRODUCT_1891;12;9.139999999999986;44736;8.279896349220744;High_Margin;0.4685834706227335;619.8;4.478680838071674;0.422371131209047
2461;Product_2461;Clothing;Sports;BrandE;920.98;0.07;856.51;868;4.29;115;Supplier_13;India;London;1;11;0.04;1;2014;23.03;79.15;White;Plastic;5;61;1585;5990;0.08;542.68;194427.77;2333133.24;88889;18333;2684;0.09;61.38;0.43;71;7380.6;6415;4197;1.16;38;81;160;44;4.8;14.69;0.25;0.6849943659623654;0.5977573564526125;PRODUCT_2461;12;313.83000000000004;109906;1.5439114478327485;Standard;0.1899733018340099;406.9;3.4081029524565394;0.4221190203867705
9749;Product_9749;Beauty;Sports;BrandD;771.4;0.02;755.97;255;4.81;3532;Supplier_40;Germany;New York;8;9;0.3;0;2021;49.76;36.5;Red;Metal;3;119;611;4714;0.3;663.5;112639.53;1351674.36;12859;651;14627;0.11;259.32;0.6;62;7944.72;5859;773;0.73;22;63;122;18;3.56;11.65;0.06;0.5055232266225084;0.4718932915040674;PRODUCT_9749;12;92.47000000000004;28137;7.668269149166286;High_Margin;0.4438944017562321;265.8;3.8491219012499984;0.4216417479932679
253;Product_253;Toys;Beauty;BrandD;618.97;0.13;538.5;581;4.32;491;Supplier_22;USA;London;4;11;0.05;0;2012;40.09;79.05;White;Wood;5;145;2674;3389;0.49;418.27;40387.5;484650.0;94625;47155;13446;0.017;29.85;0.89;80;1454.09;6762;4716;0.67;46;92;172;69;3.14;22.98;0.14;0.5689352200790665;0.3893169568188125;PRODUCT_253;11;120.23000000000002;155226;10.728636571278352;High_Margin;0.386230718978976;657.3;3.8211097556846556;0.4212833602362507
4207;Product_4207;Home;Sports;BrandC;702.94;0.27;513.15;235;4.51;3195;Supplier_42;UK;London;20;12;0.25;0;2022;37.43;98.09;Red;Metal;5;71;2814;6760;0.07;399.57;217575.6;2610907.2;71684;30168;29806;0.165;24.41;0.41;62;8113.2;8974;2390;1.49;20;48;84;-29;4.78;33.17;0.1;0.6877043831451459;0.6336411875297833;PRODUCT_4207;12;113.57999999999998;131658;1.5729171702459743;Standard;0.2548940641892488;732.6;3.598835857795586;0.42087494900929323
9426;Product_9426;Clothing;Electronics;BrandB;751.13;0.35;488.23;945;4.7;1658;Supplier_14;India;Berlin;7;3;0.0;1;2024;25.98;15.04;Blue;Metal;0;237;733;4380;0.45;512.36;176739.26;2120871.12;10182;17172;10135;0.151;116.08;0.52;68;8429.41;397;4626;0.92;10;55;152;-29;1.23;48.05;0.12;0.5454365037103329;0.5522150375308151;PRODUCT_9426;12;-24.129999999999995;37489;13.321504198512262;High_Margin;0.5855135376520577;294.0;4.406209389091454;0.4208401081482084
6458;Product_6458;Electronics;Toys;BrandC;963.77;0.42;558.99;422;4.61;445;Supplier_23;China;Berlin;3;12;0.06;0;2023;45.29;3.64;White;Wood;0;189;2267;3843;0.5;505.14;219124.08;2629488.96;14138;42037;24963;0.029;51.88;0.6;54;6022.6;7419;315;1.09;43;35;128;91;4.79;41.65;0.2;0.5819012586218661;0.6076576437826634;PRODUCT_6458;12;53.85000000000002;81138;12.445127810433489;High_Margin;0.5675127717576621;559.8;4.5374764841478274;0.4205651466156809
5753;Product_5753;Clothing;Clothing;BrandC;927.49;0.26;686.34;943;4.42;590;Supplier_20;China;Mumbai;15;7;0.22;0;2022;12.13;15.65;Black;Metal;5;77;1906;732;0.5;650.79;251886.78;3022641.36;65229;18809;29938;0.133;118.41;0.9;97;1531.38;4958;1812;1.23;10;11;9;78;1.27;24.8;0.19;0.6965339042314825;0.6716303262480275;PRODUCT_5753;12;35.55000000000007;113976;10.90889393241287;High_Margin;0.4863663896021286;482.8;3.5683541986302743;0.42055424346223064
7595;Product_7595;Sports;Sports;BrandD;746.21;0.09;679.05;459;4.79;1141;Supplier_18;Germany;Mumbai;18;10;0.03;0;2025;31.52;62.46;Blue;Metal;4;21;1961;7771;0.11;633.26;76732.65;920791.8;34125;31582;4454;0.196;23.36;0.9;64;2362.26;5660;1751;0.8;53;85;61;38;4.18;8.56;0.23;0.5161741775969886;0.4335373100947712;PRODUCT_7595;12;45.78999999999997;70161;1.9478896413346984;Standard;0.2746572271875671;547.7;3.3375129520392974;0.4198396008734292
2781;Product_2781;Clothing;Electronics;BrandA;510.19;0.09;464.27;606;4.66;1592;Supplier_39;USA;London;11;13;0.14;0;2018;25.95;16.86;Blue;Wood;4;21;956;5599;0.29;325.8;209385.77;2512629.24;73274;10315;9405;0.024;294.65;0.15;61;3847.34;7664;4711;0.77;29;27;89;-64;3.78;47.2;0.2;0.6959767439711095;0.6328281325853625;PRODUCT_2781;12;138.46999999999997;92994;4.277488405983671;High_Margin;0.3701046607454761;331.9;3.1285715791542827;0.4195224229319997
9902;Product_9902;Clothing;Toys;BrandE;351.24;0.16;295.04;107;4.2;196;Supplier_41;Germany;Shanghai;6;12;0.22;0;2015;42.05;4.33;Red;Metal;2;344;15;1617;0.42;180.66;25078.4;300940.8;99501;7939;24494;0.061;262.57;0.41;91;6390.01;5632;690;0.98;28;5;131;99;3.46;44.59;0.2;0.5561754672667536;0.3633144994908438;PRODUCT_9902;12;114.38000000000002;131934;10.93680110509356;Standard;0.3773766940493644;107.2;4.033375395379092;0.41932971897583415
5117;Product_5117;Electronics;Clothing;BrandD;811.59;0.22;633.04;621;4.67;131;Supplier_26;UK;Berlin;4;13;0.09;1;2023;23.18;50.8;Black;Wood;4;212;1828;7238;0.29;473.02;269675.04;3236100.48;12977;13417;17738;0.169;108.78;0.18;57;1146.86;157;4789;0.84;6;68;99;-41;1.5;2.72;0.08;0.6270186119491997;0.6809639066085228;PRODUCT_5117;12;160.01999999999998;44132;8.487872838643701;High_Margin;0.4995648428850321;495.2;4.219298094610811;0.41881275669235973
7382;Product_7382;Clothing;Toys;BrandC;832.32;0.37;524.36;533;4.7;2568;Supplier_19;Germany;Mumbai;7;2;0.04;0;2014;45.7;4.61;Black;Plastic;3;84;1759;7813;0.14;649.88;257985.12;3095821.44;28829;39961;2644;0.176;248.99;0.41;58;7047.92;2335;439;1.44;24;33;54;-27;1.93;25.46;0.16;0.6512669283924993;0.6761713327335062;PRODUCT_7382;12;-125.51999999999998;71434;3.43775908348226;Standard;0.3657281915475677;471.2;3.934288294056115;0.4184863064542761
7702;Product_7702;Clothing;Toys;BrandC;164.68;0.34;108.69;261;4.6;54;Supplier_38;Germany;Berlin;20;2;0.07;0;2016;29.77;95.23;Green;Plastic;1;250;1576;6707;0.21;129.93;33041.76;396501.12;70756;45748;10051;0.189;239.52;0.43;78;1528.14;2971;2859;0.5;37;66;130;-11;3.87;8.08;0.12;0.5373939314218329;0.3827177776665414;PRODUCT_7702;12;-21.24000000000001;126555;6.346391584110349;Standard;0.3452921474134057;570.8;4.179493177461747;0.41825467706936426
7833;Product_7833;Clothing;Clothing;BrandD;605.39;0.04;581.17;736;4.26;3433;Supplier_22;Germany;Shanghai;8;12;0.15;0;2024;8.97;37.41;Green;Plastic;0;454;1214;2596;0.34;447.2;167376.96;2008523.52;49267;26125;10798;0.178;115.67;0.78;93;1014.89;8137;543;1.3;50;13;146;72;4.85;15.15;0.23;0.5805211370460859;0.5345150102231933;PRODUCT_7833;12;133.96999999999997;86190;10.44254448473488;Standard;0.4453313372480719;375.6;4.258173730403365;0.4176994427832095
8191;Product_8191;Clothing;Electronics;BrandB;544.0;0.01;538.56;350;4.6;4420;Supplier_50;USA;New York;18;14;0.16;1;2019;14.86;36.17;Black;Fabric;4;441;2928;8511;0.1;330.12;241274.88;2895298.56;5195;36128;1695;0.039;297.78;0.16;80;8000.94;6480;4453;0.87;29;98;53;-13;1.82;10.11;0.21;0.5818967606239464;0.6323955757258795;PRODUCT_8191;12;208.43999999999997;43018;2.9112806450402147;Standard;0.3883466164511611;747.8;5.6673997949869985;0.4170459147807462
7366;Product_7366;Sports;Electronics;BrandC;531.45;0.21;419.85;620;4.18;2737;Supplier_32;China;Berlin;7;9;0.15;0;2017;9.6;50.4;Red;Wood;2;320;2784;4793;0.32;414.4;63817.2;765806.4;90460;30183;3689;0.185;254.59;0.67;79;7752.69;6012;4215;1.36;43;25;33;-93;3.82;17.3;0.25;0.56916690700928;0.410377187389657;PRODUCT_7366;12;5.4500000000000455;124332;9.14805738086397;Standard;0.3330222714149556;723.3;4.047308706603322;0.4170267293497084
8993;Product_8993;Sports;Beauty;BrandA;923.37;0.48;480.15;210;4.53;2038;Supplier_32;UK;Mumbai;10;13;0.03;1;2011;13.18;6.89;Black;Wood;5;221;1901;3630;0.09;733.18;137803.05;1653636.6;22150;28570;3099;0.183;286.67;0.81;59;4867.55;44;3713;0.79;46;91;105;15;3.1;41.19;0.08;0.5229334269937257;0.494474814914724;PRODUCT_8993;12;-253.03;53819;2.6057604656411755;Standard;0.2788456785182363;502.0;4.231039350040109;0.4168632907790739
3654;Product_3654;Home;Sports;BrandA;149.23;0.14;128.34;876;4.02;4407;Supplier_47;China;New York;13;7;0.22;1;2010;12.71;28.3;White;Metal;3;729;2487;8584;0.4;95.02;49282.56;591390.72;75129;45744;11774;0.184;151.21;0.26;89;7279.43;5963;221;1.27;3;59;188;-75;4.51;26.21;0.24;0.5134403476907111;0.3707636345961046;PRODUCT_3654;12;33.32000000000001;132647;12.552312883306827;Standard;0.4390103834877019;707.0;4.366992361434797;0.4165196220754557
7649;Product_7649;Clothing;Toys;BrandE;790.95;0.07;735.58;302;4.45;1588;Supplier_42;UK;London;7;6;0.15;1;2021;13.35;97.93;White;Fabric;3;381;2042;1235;0.13;410.59;159620.86;1915450.32;17265;15890;24557;0.037;261.81;0.43;65;4934.3;1423;3804;0.53;42;39;75;89;1.44;18.33;0.09;0.5251652697313509;0.5167057336401422;PRODUCT_7649;12;324.99000000000007;57712;3.566684577495823;Standard;0.3229887938108306;513.3;4.342240065047032;0.416513878628378
4247;Product_4247;Sports;Toys;BrandA;556.79;0.47;295.1;785;4.44;4264;Supplier_21;UK;New York;3;9;0.24;0;2010;5.78;94.27;Green;Plastic;1;51;2204;1503;0.44;345.6;56659.2;679910.4;95598;24103;9489;0.013;177.21;0.3;67;7263.99;8155;3023;0.58;16;74;6;62;3.39;21.59;0.25;0.5942066803247009;0.4201653958234966;PRODUCT_4247;12;-50.5;129190;7.8194986750927455;High_Margin;0.3481884400106088;581.5;3.4069232285568627;0.4161922243923484
285;Product_285;Electronics;Toys;BrandC;912.35;0.23;702.51;941;4.12;937;Supplier_35;Germany;Berlin;10;11;0.17;1;2011;18.34;80.6;Black;Metal;4;421;2011;2384;0.28;599.78;117319.17;1407830.04;49533;8479;21781;0.073;29.62;0.75;98;6105.3;6017;682;1.22;44;95;172;-22;3.79;21.13;0.13;0.5276295037507421;0.4562361695746415;PRODUCT_285;11;102.73000000000002;79793;7.482584953781796;Standard;0.3246534432682536;481.5;4.100237887631646;0.41599476595554685
4138;Product_4138;Beauty;Toys;BrandB;137.18;0.26;101.51;473;4.68;3213;Supplier_17;Germany;Mumbai;9;12;0.04;0;2024;44.51;25.2;White;Metal;3;82;1752;4761;0.39;69.5;48318.76;579825.12;89119;5702;13317;0.165;47.42;0.86;81;7747.43;4744;4767;0.67;19;64;146;-98;3.95;12.3;0.13;0.5934115806510638;0.4200611731391579;PRODUCT_4138;12;32.010000000000005;108138;9.39603707711316;High_Margin;0.4248964579004263;631.9;3.6523326165070302;0.4159937015612417
4461;Product_4461;Electronics;Sports;BrandE;952.71;0.27;695.48;43;4.31;2927;Supplier_30;UK;Mumbai;14;13;0.04;1;2019;27.67;84.59;Red;Plastic;1;132;1289;5681;0.05;638.1;202384.68;2428616.16;67632;31205;20191;0.093;28.55;0.16;73;7675.19;3813;3375;1.22;16;9;197;-62;1.98;15.19;0.12;0.6507856362836761;0.5973251562746357;PRODUCT_4461;12;57.38;119028;1.151880169185044;Standard;0.1996701410853593;342.8;3.7724184542222243;0.4155823079539014
3242;Product_3242;Beauty;Home;BrandC;414.69;0.35;269.55;848;4.93;2852;Supplier_11;USA;London;5;12;0.15;0;2013;27.79;48.13;White;Plastic;5;117;103;3248;0.32;296.72;123453.9;1481446.8;21743;5162;9919;0.184;215.65;0.79;69;1103.13;443;812;0.7;45;86;178;-65;1.62;35.21;0.09;0.5420158062404534;0.4999144591256991;PRODUCT_3242;12;-27.170000000000016;36824;8.911058763251527;High_Margin;0.5016661790896167;232.5;3.927755797999484;0.41506918934772713
1708;Product_1708;Home;Toys;BrandD;679.06;0.41;400.65;902;4.71;3306;Supplier_31;UK;London;18;9;0.11;0;2013;43.01;60.87;Blue;Wood;5;7;464;9989;0.37;344.36;139826.85;1677922.2;51419;28716;1541;0.098;85.06;0.56;80;5447.93;9563;4626;0.84;46;62;157;100;3.32;42.99;0.24;0.597587282986659;0.5263678132524643;PRODUCT_1708;12;56.28999999999997;81676;3.978979366604624;High_Margin;0.3656442782252345;214.9;2.8274707375222037;0.41421035609377416
6007;Product_6007;Beauty;Electronics;BrandB;158.24;0.36;101.27;472;4.77;2102;Supplier_44;Germany;Berlin;17;7;0.26;1;2023;20.15;25.99;Red;Plastic;4;55;880;3774;0.33;112.48;13367.64;160411.68;77330;46756;5725;0.043;224.85;0.65;87;804.61;995;1691;0.83;54;9;127;89;1.43;2.19;0.2;0.5475487965723991;0.3702357778401347;PRODUCT_6007;12;-11.210000000000008;129811;6.608767258530804;High_Margin;0.3721261236708772;365.3;3.639066578272593;0.41360884965522754
1276;Product_1276;Electronics;Home;BrandB;694.84;0.28;500.28;937;4.21;617;Supplier_37;Germany;Berlin;10;9;0.15;0;2014;40.36;89.48;Green;Fabric;4;201;255;6518;0.4;410.63;161090.16;1933081.92;91264;39090;13100;0.018;81.79;0.34;66;2524.3;5423;2187;0.84;3;22;124;5;1.27;39.86;0.1;0.6552248263502995;0.5477911316439693;PRODUCT_1276;12;89.64999999999998;143454;9.100027012867256;High_Margin;0.3722133325347568;133.2;3.892970648385447;0.41358876416718465
3155;Product_3155;Clothing;Electronics;BrandC;353.37;0.17;293.3;18;4.14;475;Supplier_29;India;Shanghai;6;5;0.18;1;2014;10.97;71.06;Red;Wood;0;493;1950;427;0.45;218.94;79484.3;953811.6;79259;11820;23252;0.031;53.3;0.76;54;2052.2;7853;1307;1.01;29;90;164;-55;4.86;49.85;0.25;0.5567767348026509;0.4228409668815103;PRODUCT_3155;12;74.36000000000001;114331;11.913538702245251;Standard;0.4352548307183271;505.7;4.16684047266202;0.4129327977505646
8045;Product_8045;Home;Electronics;BrandD;534.07;0.41;315.1;420;4.02;3520;Supplier_27;Germany;Shanghai;8;8;0.09;0;2021;27.53;52.04;Black;Fabric;3;402;214;9344;0.3;280.86;46004.6;552055.2;97705;38670;25605;0.196;244.42;0.75;95;1918.76;367;3871;1.48;58;3;2;-12;1.83;27.32;0.12;0.5558341643918719;0.3797615727213849;PRODUCT_8045;12;34.24000000000001;161980;8.652722122474406;Standard;0.2899233946892196;166.5;4.086731269781488;0.41230691544757103
5638;Product_5638;Toys;Electronics;BrandB;347.27;0.46;187.53;771;4.43;2954;Supplier_8;USA;Shanghai;19;9;0.19;1;2013;49.43;29.81;Green;Wood;3;379;1196;3641;0.07;290.77;86076.27;1032915.24;55540;4911;22822;0.194;253.51;0.39;74;3778.15;2342;1296;0.6;60;80;151;-8;2.85;15.29;0.06;0.5380919404163681;0.4363168560315376;PRODUCT_5638;12;-103.23999999999998;83273;2.199404243929515;Standard;0.2540962637986382;395.6;4.165753052762642;0.4120627612551346
7499;Product_7499;Toys;Home;BrandE;863.1;0.24;655.96;317;4.5;1758;Supplier_22;Germany;New York;19;7;0.27;0;2016;21.08;59.39;White;Plastic;0;249;769;3805;0.42;573.47;164645.96;1975751.52;24306;49483;6343;0.124;275.15;0.54;74;3022.33;3488;3073;1.04;20;49;29;-63;1.88;19.98;0.05;0.5474880509098314;0.5311056307577697;PRODUCT_7499;12;82.49000000000001;80132;11.729570715469842;High_Margin;0.5014331923018132;250.5;4.415751321806299;0.41176541411381323
49;Product_49;Beauty;Beauty;BrandE;698.24;0.27;509.72;224;4.26;1880;Supplier_40;UK;Mumbai;10;10;0.06;0;2018;11.42;87.88;White;Metal;2;383;123;4545;0.33;491.78;150367.4;1804408.8;50671;34344;4476;0.199;151.85;0.25;90;343.5;9606;800;0.73;8;63;188;62;3.12;33.15;0.22;0.5689820055802861;0.5117488612653456;PRODUCT_49;10;17.940000000000055;89491;10.030130547212964;Standard;0.415823202447381;139.3;4.219813848411697;0.41130488513503066
8835;Product_8835;Beauty;Electronics;BrandA;862.39;0.08;793.4;682;4.5;2266;Supplier_34;China;Berlin;8;2;0.29;1;2025;9.87;63.69;Black;Fabric;0;312;2515;5723;0.11;553.51;357823.4;4293880.8;12965;35847;25760;0.175;182.87;0.25;97;3151.51;4164;717;1.42;11;18;163;-89;2.56;14.85;0.11;0.6877476923246079;0.7924235512264133;PRODUCT_8835;12;239.89;74572;3.3421354306979163;Standard;0.3921426474898557;635.0;4.6514623791855945;0.41087199466737834
6778;Product_6778;Beauty;Sports;BrandD;467.38;0.08;429.99;827;4.98;666;Supplier_6;USA;New York;9;7;0.11;1;2020;28.77;53.69;White;Metal;0;64;1357;4060;0.33;287.31;89867.91;1078414.92;16919;4766;12381;0.15;101.71;0.17;80;6856.41;6514;174;0.52;12;30;117;-71;1.72;16.9;0.24;0.5080365982369234;0.4536034435428371;PRODUCT_6778;12;142.68;34066;7.889216245248463;High_Margin;0.4768950201516032;471.9;3.7180939350875177;0.41081659166446066
7563;Product_7563;Home;Beauty;BrandB;487.13;0.24;370.22;794;4.79;337;Supplier_27;Germany;Berlin;16;1;0.22;1;2014;27.22;32.78;Blue;Metal;5;126;376;548;0.22;398.63;156973.28;1883679.36;33043;14109;3153;0.077;109.43;0.14;61;9069.16;6439;4940;0.66;37;60;174;60;1.56;42.13;0.15;0.5816927718440367;0.5442592052819016;PRODUCT_7563;12;-28.409999999999968;50305;5.497874286791738;Standard;0.4065169474951196;194.9;3.9390726495518114;0.41077276806086094
2439;Product_2439;Clothing;Clothing;BrandC;370.76;0.12;326.27;307;4.06;891;Supplier_19;India;New York;18;11;0.17;1;2010;49.46;11.73;Blue;Metal;4;776;384;8671;0.14;322.56;132465.62;1589587.44;39508;33107;8966;0.107;296.49;0.57;62;2961.82;3953;440;0.78;52;53;112;-15;1.83;24.64;0.22;0.5155525164627528;0.4674030109025332;PRODUCT_2439;12;3.70999999999998;81581;4.187728190729911;Standard;0.3046571131561144;175.6;4.453772576311886;0.41069486779419273
1088;Product_1088;Toys;Clothing;BrandE;478.09;0.19;387.25;574;4.65;798;Supplier_10;India;New York;5;6;0.26;0;2015;15.7;32.76;Green;Fabric;3;77;20;3773;0.25;260.17;22847.75;274173.0;63289;34593;3551;0.08;272.01;0.72;50;6977.4;6536;304;1.4;25;14;134;71;3.21;20.05;0.09;0.5178590502217005;0.3672879756121883;PRODUCT_1088;12;127.07999999999998;101433;5.469847931908784;Standard;0.314637895203242;117.7;3.71200110560987;0.4105863150267751
9626;Product_9626;Beauty;Beauty;BrandB;263.1;0.16;221.0;779;4.23;3996;Supplier_30;UK;London;11;1;0.07;1;2010;22.02;51.6;Black;Metal;2;343;777;9504;0.21;165.15;55471.0;665652.0;97912;1237;15607;0.145;163.57;0.41;77;5893.47;5827;2549;1.21;3;17;44;68;4.23;29.14;0.2;0.5810331287064014;0.4064648240045439;PRODUCT_9626;12;55.85;114756;5.940537071960285;Standard;0.2730755699686842;330.0;4.030783421671478;0.41001126905768437
3188;Product_3188;Home;Beauty;BrandA;938.36;0.25;703.77;372;4.2;1871;Supplier_32;Germany;Berlin;7;2;0.28;0;2024;36.67;94.93;Black;Wood;5;153;2337;7656;0.24;488.6;26743.26;320919.12;78918;38779;13919;0.101;115.29;0.65;65;5053.86;8876;3671;0.66;3;21;32;46;3.22;16.4;0.1;0.5164075997608997;0.3532736142890194;PRODUCT_3188;12;215.17;131616;5.590050293779465;Standard;0.2173851079603632;569.9;3.7930577332283075;0.4099223139759186
8441;Product_8441;Beauty;Sports;BrandB;494.86;0.27;361.25;893;4.5;3976;Supplier_14;Germany;Berlin;20;1;0.09;0;2023;48.35;10.86;Green;Plastic;3;190;2420;2297;0.16;263.25;136552.5;1638630.0;64123;21609;18275;0.138;162.43;0.7;77;6845.91;710;1207;1.25;18;42;23;-70;2.42;14.69;0.2;0.6034371826761507;0.5160066733183978;PRODUCT_8441;12;98.0;104007;4.303502756004286;Standard;0.306293237490693;662.9;3.9683079645470984;0.4092283806981145
2768;Product_2768;Toys;Clothing;BrandE;985.78;0.44;552.04;691;4.65;3323;Supplier_38;China;Berlin;4;7;0.28;1;2024;1.01;76.46;Black;Plastic;3;45;1472;3800;0.41;724.38;255594.52;3067134.24;25598;25575;2444;0.026;286.5;0.68;67;9084.79;814;620;1.08;10;64;67;-1;2.13;42.59;0.16;0.6387874894114848;0.6677143725753267;PRODUCT_2768;12;-172.34000000000003;53617;7.489086747789028;High_Margin;0.4667943275796277;387.5;3.5912768570564557;0.40903173161359696
7047;Product_7047;Clothing;Beauty;BrandB;913.58;0.22;712.59;708;4.47;397;Supplier_47;India;Shanghai;8;6;0.01;1;2014;2.54;17.26;Red;Wood;3;60;863;7949;0.3;692.2;174584.55;2095014.6;56035;3095;20431;0.021;262.71;0.75;78;5721.08;3254;1232;0.77;24;62;142;81;3.7;3.97;0.15;0.6169387651990639;0.5620203026785153;PRODUCT_7047;12;20.389999999999983;79561;5.628448170745394;High_Margin;0.3392386135970154;244.2;3.4433962129308577;0.4088841528281143
5922;Product_5922;Home;Clothing;BrandE;777.51;0.49;396.53;62;4.18;4457;Supplier_16;USA;Berlin;5;7;0.09;0;2019;16.47;9.34;White;Wood;2;322;914;3362;0.32;471.0;103097.8;1237173.6;65296;21418;11505;0.025;116.35;0.51;87;1916.94;1837;162;0.96;58;9;10;38;3.41;29.13;0.06;0.5519645170716101;0.449796623482097;PRODUCT_5922;12;-74.47000000000003;98219;7.921392441231189;Standard;0.3300231139390067;260.4;4.048663722722044;0.40851513853887733
635;Product_635;Clothing;Sports;BrandD;499.04;0.11;444.15;962;4.48;838;Supplier_31;USA;Berlin;12;1;0.11;1;2021;35.15;72.99;Blue;Wood;1;539;1272;9526;0.43;287.7;205641.45;2467697.4;5595;33647;5167;0.047;259.08;0.29;89;2249.59;7941;3505;1.46;13;19;83;9;4.71;30.18;0.21;0.5430401057553708;0.5754976551464688;PRODUCT_635;11;156.45;44409;12.68972249359607;Standard;0.5876462883582851;379.6;5.511380113374714;0.40824333094540743
6664;Product_6664;Toys;Clothing;BrandE;315.34;0.47;167.13;488;4.77;553;Supplier_9;USA;Shanghai;5;7;0.22;0;2022;0.95;92.94;Red;Plastic;2;37;1450;2870;0.25;189.52;25069.5;300834.0;64571;26975;2703;0.189;45.12;0.72;72;8238.14;8233;203;1.1;7;54;86;3;3.43;18.82;0.11;0.5318974795504919;0.3788210024299899;PRODUCT_6664;12;-22.39000000000001;94249;5.157669758118247;Standard;0.3329983567815621;478.0;3.446585903391259;0.4080831361891123
7079;Product_7079;Sports;Sports;BrandD;701.51;0.23;540.16;394;4.63;1546;Supplier_12;China;Mumbai;18;6;0.28;1;2013;38.47;56.35;Black;Wood;1;100;2332;7221;0.26;536.41;172311.04;2067732.48;42343;5778;26260;0.085;182.19;0.76;97;8251.66;4055;1370;1.49;42;56;27;17;1.39;9.48;0.16;0.6004329527856103;0.5608883177205195;PRODUCT_7079;12;3.75;74381;6.027915054818257;High_Margin;0.3840212992712757;619.6;3.7253396126359446;0.40805189709404005
1293;Product_1293;Electronics;Home;BrandC;744.82;0.14;640.55;120;4.3;349;Supplier_2;UK;London;3;8;0.28;0;2021;36.84;14.74;White;Metal;5;493;1585;4445;0.16;499.3;297855.75;3574269.0;19923;26072;15336;0.19;48.92;0.56;51;7386.74;3057;960;1.33;31;12;190;-49;4.77;8.97;0.21;0.6350831065054352;0.7005659733026773;PRODUCT_1293;12;141.24999999999994;61331;5.078139878632096;Standard;0.3920681771101567;445.8;4.462741858333283;0.40787667330995325
9956;Product_9956;Clothing;Toys;BrandA;679.36;0.44;380.44;962;4.18;2464;Supplier_22;Germany;London;4;12;0.22;0;2019;27.74;67.77;Black;Plastic;4;234;2664;9802;0.48;377.15;117936.4;1415236.8;88035;35270;18978;0.064;10.54;0.8;85;9777.27;9761;2764;1.44;49;82;13;-41;4.5;36.67;0.08;0.6099656891846783;0.4840375289619366;PRODUCT_9956;12;3.2900000000000205;142283;11.655175567615888;High_Margin;0.4113686618085707;639.6;3.935961427785227;0.40694526243663276
3459;Product_3459;Sports;Home;BrandC;833.1;0.35;541.51;732;4.02;427;Supplier_46;China;Shanghai;20;5;0.12;0;2023;8.05;2.83;Black;Metal;3;400;346;4717;0.11;738.22;177073.77;2124885.24;70080;15515;3231;0.146;203.3;0.13;99;7595.02;8363;4850;1.35;8;92;16;-32;4.19;23.81;0.09;0.6111326347722447;0.5451035173590727;PRODUCT_3459;12;-196.71000000000004;88826;3.037507085655589;Standard;0.2124960712490954;125.8;4.049862538959157;0.40636570964898633
9632;Product_9632;Clothing;Sports;BrandA;290.66;0.04;279.03;197;4.01;2025;Supplier_40;China;Mumbai;3;1;0.01;1;2014;6.63;89.43;Blue;Wood;2;652;2048;245;0.07;168.51;70873.62;850483.44;72942;3837;22476;0.042;289.38;0.28;83;7930.56;4754;979;1.35;38;40;29;15;2.44;31.41;0.18;0.5264777364731492;0.3987788750956529;PRODUCT_9632;12;110.51999999999998;99255;1.8957926055957857;Standard;0.1920089433195798;549.6;4.207151539380228;0.4059480873407668
2791;Product_2791;Beauty;Sports;BrandD;444.02;0.45;244.21;412;4.62;1065;Supplier_22;UK;Berlin;8;1;0.04;0;2011;42.7;69.26;Blue;Fabric;2;169;859;9496;0.22;257.8;90113.49;1081361.88;52348;3994;6275;0.052;289.08;0.36;100;510.3;5569;2605;0.5;46;51;178;-23;4.33;42.71;0.2;0.5503123751007606;0.452164889095989;PRODUCT_2791;12;-13.590000000000003;62617;5.4914668590516165;Standard;0.3457024363007247;299.5;3.917578792562903;0.4059443160684195
902;Product_902;Beauty;Home;BrandE;342.97;0.1;308.67;571;4.41;2477;Supplier_37;Germany;New York;3;5;0.02;1;2015;14.71;73.64;White;Wood;2;354;922;6980;0.13;205.75;135814.8;1629777.6;59975;9902;3572;0.119;152.52;0.25;72;5782.23;7321;261;1.09;28;67;46;-36;2.58;37.08;0.15;0.5873176886222116;0.5067335981015466;PRODUCT_902;11;102.92000000000002;73449;3.767096859022301;Standard;0.3011731620286593;315.3;4.145867540967324;0.4054525880855707
4088;Product_4088;Clothing;Toys;BrandA;774.57;0.25;580.93;513;4.49;4588;Supplier_48;UK;New York;10;9;0.18;1;2012;20.72;82.02;Blue;Wood;2;274;1168;4852;0.45;508.34;282912.91;3394954.92;25610;2813;13373;0.122;62.02;0.74;88;9236.87;7641;3009;0.8;48;38;66;-98;4.28;42.71;0.05;0.6490545370999433;0.6953985450665192;PRODUCT_4088;12;72.58999999999997;41796;12.733225695181217;High_Margin;0.5727388682120375;348.4;4.064676420323951;0.405196902784821
82;Product_82;Electronics;Clothing;BrandB;315.46;0.28;227.13;79;4.21;1600;Supplier_8;Germany;Shanghai;12;11;0.16;1;2010;48.16;52.46;Black;Plastic;2;328;1709;4879;0.34;168.4;49060.08;588720.96;96599;45073;14996;0.164;34.1;0.81;88;2893.83;595;3564;0.65;30;100;25;-69;1.73;38.69;0.08;0.5713991279225965;0.395498772714594;PRODUCT_82;10;58.72999999999999;156668;9.657099303014624;Standard;0.3486641950901469;520.4;4.095742906929407;0.40487694560003984
4474;Product_4474;Home;Home;BrandB;469.01;0.14;403.35;292;4.79;1109;Supplier_17;China;Mumbai;16;6;0.17;0;2020;27.08;34.12;White;Metal;1;297;2520;3109;0.06;372.01;194818.05;2337816.6;1868;19702;9888;0.163;143.32;0.2;61;6553.23;4850;681;0.92;30;98;105;-64;2.19;30.85;0.13;0.5512554566704346;0.5780786183997781;PRODUCT_4474;12;31.340000000000032;31458;1.9042318489091827;Standard;0.364746501290699;709.8;6.304259236143919;0.4048278503056146
458;Product_458;Electronics;Beauty;BrandD;189.78;0.0;189.78;458;4.37;1733;Supplier_36;Germany;New York;11;1;0.24;1;2013;11.4;6.42;Blue;Wood;3;335;2456;1828;0.4;119.95;12145.92;145751.04;81725;3487;11710;0.047;286.82;0.53;95;1669.69;1072;596;1.44;43;14;12;88;1.54;36.54;0.07;0.523309595249694;0.3455774687497378;PRODUCT_458;11;69.83;96922;10.646220892073618;Standard;0.40447545078812;677.7;4.083377960467386;0.40466511043990067
9034;Product_9034;Toys;Electronics;BrandB;539.45;0.48;280.51;476;4.39;1189;Supplier_28;Germany;New York;5;8;0.08;1;2011;10.74;11.17;Black;Wood;1;224;1716;6951;0.46;443.46;117533.69;1410404.28;68736;16377;978;0.082;189.25;0.12;69;806.44;6452;3006;1.27;2;80;42;-88;1.74;31.75;0.05;0.5878222129946253;0.4853374443732688;PRODUCT_9034;12;-162.95;86091;11.83412955069296;High_Margin;0.460551791263931;498.8;3.9700920463566285;0.40461627449951404
1448;Product_1448;Sports;Electronics;BrandB;577.9;0.04;554.78;984;4.59;1931;Supplier_1;India;Berlin;20;4;0.05;0;2018;38.23;57.65;Blue;Wood;3;13;2998;4500;0.22;408.29;223021.56;2676258.72;72111;15761;9488;0.09;109.19;0.69;71;5439.8;9574;1595;1.48;52;99;138;28;2.58;2.22;0.08;0.699552174960542;0.6465762282824353;PRODUCT_1448;12;146.48999999999995;97360;2.9047628996755823;Standard;0.3194957961125604;788.2;2.935336096273167;0.40457880471465935
598;Product_598;Toys;Sports;BrandB;798.97;0.43;455.41;553;4.46;2723;Supplier_32;India;Shanghai;1;1;0.07;1;2019;25.7;56.35;White;Fabric;1;365;2022;8326;0.07;607.98;163492.19;1961906.28;11870;32504;14342;0.144;249.96;0.46;88;1818.42;1139;828;1.26;35;30;134;-48;3.51;39.37;0.21;0.5184391153101515;0.5194815188774288;PRODUCT_598;11;-152.57;58716;2.108165632930965;Standard;0.2880253806152412;524.7;4.6927197192072185;0.40442261156436865
7013;Product_7013;Toys;Clothing;BrandA;921.73;0.41;543.82;445;4.6;3970;Supplier_5;China;Mumbai;2;12;0.01;1;2011;49.8;0.2;White;Metal;4;72;2750;8482;0.13;627.13;171847.12;2062165.44;31232;22317;9509;0.048;221.07;0.48;71;8875.72;1524;2405;1.28;58;83;138;-85;3.19;11.15;0.13;0.5754163027691284;0.5516568128197492;PRODUCT_7013;12;-83.30999999999995;63058;2.6888480936054613;Standard;0.2903021518781172;658.2;3.699094893262635;0.40389192585830314
2089;Product_2089;Electronics;Clothing;BrandC;964.35;0.13;838.98;659;4.54;4097;Supplier_45;India;New York;5;14;0.03;0;2016;48.89;7.48;Green;Plastic;3;112;2945;6358;0.15;483.7;390964.68;4691576.16;29573;25552;12389;0.159;291.25;0.45;95;6419.98;8236;3129;0.91;7;47;85;-26;4.3;43.55;0.11;0.7521233234645146;0.8509487855768553;PRODUCT_2089;12;355.28000000000003;67514;3.7312279301654576;Standard;0.3859932365146348;728.2;3.8797614034799315;0.4035667573414816
780;Product_780;Clothing;Toys;BrandB;297.82;0.16;250.17;704;4.43;1947;Supplier_7;Germany;Shanghai;6;8;0.1;1;2024;45.01;63.12;Green;Wood;1;204;2526;8277;0.28;261.11;71048.28;852579.36;85863;27991;365;0.142;273.37;0.59;61;7485.19;3318;1892;1.01;3;75;170;98;1.39;25.84;0.06;0.5860709389503844;0.4336550601413;PRODUCT_780;11;-10.940000000000026;114219;7.540239522216787;High_Margin;0.3421145374642561;725.2;3.966403204354664;0.40349946831073935
7398;Product_7398;Home;Clothing;BrandA;236.8;0.31;163.39;492;4.92;4998;Supplier_47;USA;Mumbai;6;12;0.13;1;2015;0.63;40.81;White;Wood;1;114;3;4669;0.38;142.23;60127.52;721530.24;32304;42169;16238;0.106;167.39;0.4;52;1438.81;9356;3551;1.24;47;1;108;76;4.01;31.31;0.14;0.5089252149263842;0.4177172055614125;PRODUCT_7398;12;21.16;90711;9.811464368549856;High_Margin;0.5007516621991425;249.7;4.127048879081803;0.40227485488015513
8653;Product_8653;Electronics;Clothing;BrandD;363.58;0.25;272.69;285;4.44;18;Supplier_35;China;Mumbai;2;2;0.27;0;2016;38.58;3.62;Black;Plastic;3;361;1838;8772;0.29;259.71;84261.21;1011134.52;50626;27317;3123;0.034;254.43;0.13;68;3470.26;6521;3138;1.28;6;28;184;93;1.61;17.94;0.19;0.5275314640729755;0.4314887738038144;PRODUCT_8653;12;12.980000000000018;81066;7.844007844109858;Standard;0.3881917213903447;502.2;4.240574565384518;0.40163721417519527
5269;Product_5269;Electronics;Home;BrandE;386.48;0.22;301.45;392;4.79;2002;Supplier_20;China;New York;16;10;0.17;0;2011;7.54;43.81;Red;Fabric;3;74;1776;7042;0.1;315.48;129623.5;1555482.0;45969;38242;8173;0.123;174.4;0.7;70;373.04;7462;601;0.94;57;27;127;-6;2.2;40.93;0.23;0.5844791286934172;0.5140554291614807;PRODUCT_5269;12;-14.03000000000003;92384;2.3224502535691114;Standard;0.3096991741314046;523.4;3.809376937424357;0.40162633646009993
5833;Product_5833;Home;Beauty;BrandC;562.03;0.47;297.88;590;4.57;2853;Supplier_15;China;New York;13;12;0.25;1;2023;33.74;31.62;Red;Wood;4;332;1898;4902;0.48;317.55;142684.52;1712214.24;19454;13614;28647;0.049;47.64;0.73;97;3389.88;5890;4719;0.73;24;39;79;-87;2.61;32.95;0.23;0.5248581348229665;0.5021922821461832;PRODUCT_5833;12;-19.670000000000016;61715;13.365037692956134;Standard;0.565597719778987;536.0;4.291217929476294;0.4015301462959738
443;Product_443;Toys;Home;BrandC;100.83;0.02;98.81;612;4.3;1601;Supplier_16;India;London;7;1;0.15;0;2024;48.52;41.56;Red;Wood;2;485;2834;521;0.3;74.34;36658.51;439902.12;71974;33907;24114;0.143;69.9;0.35;87;5615.52;8478;121;1.22;49;90;137;82;1.29;47.94;0.17;0.5188810231348596;0.3692686100125918;PRODUCT_443;11;24.47;129995;9.12137902968256;Standard;0.3807809185739456;791.9;4.288703584608966;0.4013681003432522
7788;Product_7788;Clothing;Toys;BrandC;318.55;0.02;312.18;648;4.9;678;Supplier_49;India;Shanghai;2;8;0.05;0;2024;1.17;28.15;Red;Plastic;5;216;152;4867;0.07;233.41;148597.68;1783172.16;10250;38209;16904;0.104;233.69;0.41;75;8911.07;3556;578;0.8;33;33;115;-68;2.62;5.09;0.17;0.5378351197991682;0.5259963132650148;PRODUCT_7788;12;78.77000000000001;65363;2.037216490659873;Standard;0.3623330172959954;194.6;4.857500404830819;0.4013043202096788
9293;Product_9293;Sports;Toys;BrandD;984.96;0.16;827.37;203;4.14;3671;Supplier_43;Germany;Shanghai;11;11;0.01;0;2015;5.61;26.63;Blue;Fabric;1;151;744;6456;0.45;856.99;91838.07;1102056.84;80102;28237;3407;0.018;30.69;0.31;78;3491.59;2570;471;0.74;43;66;199;96;1.52;33.03;0.19;0.5688833846513174;0.4404934441514971;PRODUCT_9293;12;-29.620000000000005;111746;9.527960219722672;High_Margin;0.334893985527335;206.9;3.736054817511815;0.40128041584457985
2879;Product_2879;Clothing;Toys;BrandD;444.1;0.3;310.87;530;4.26;209;Supplier_19;China;London;5;2;0.2;0;2016;20.76;44.94;Red;Fabric;2;464;2994;1993;0.17;285.99;119684.95;1436219.4;52725;18226;16490;0.11;39.88;0.88;59;5049.37;1070;511;0.88;13;88;102;56;4.36;19.11;0.18;0.5472099953762435;0.4703952769289638;PRODUCT_2879;12;24.879999999999995;87441;4.937350472930264;Standard;0.3058748716945522;764.2;4.229951045686816;0.40097969142362355
7632;Product_7632;Beauty;Sports;BrandC;182.92;0.45;100.61;491;4.55;1582;Supplier_33;Germany;New York;18;1;0.01;1;2025;23.19;92.75;White;Metal;0;153;2470;9689;0.49;104.35;48091.58;577098.96;84611;21977;1517;0.117;216.3;0.58;68;5605.86;4365;1710;1.09;3;45;91;-3;3.94;11.88;0.1;0.5738026018668394;0.4087206494510071;PRODUCT_7632;12;-3.739999999999995;108105;12.543782468849685;High_Margin;0.4769317928081588;748.6;3.8867293691970057;0.4001040719399228
106;Product_106;Sports;Home;BrandC;198.25;0.11;176.44;844;4.01;1960;Supplier_27;Germany;New York;20;9;0.21;0;2015;46.86;12.69;Blue;Metal;1;581;2527;7269;0.19;152.92;54167.08;650004.96;89985;9922;4841;0.047;22.11;0.43;64;9825.78;9076;235;0.83;5;52;141;41;3.48;24.09;0.12;0.5464768945829146;0.3858181150380509;PRODUCT_106;11;23.52000000000001;104748;5.078592684330532;Standard;0.2469231211900002;653.4;4.17264074340885;0.3998275078843979
5265;Product_5265;Sports;Electronics;BrandD;186.47;0.5;93.23;671;4.65;1621;Supplier_48;China;Shanghai;3;6;0.25;0;2021;26.76;23.36;Green;Wood;1;135;2820;6435;0.08;126.91;34401.87;412822.44;72094;4418;10438;0.131;153.98;0.77;87;189.63;6794;3736;0.95;3;40;174;-90;1.35;1.43;0.05;0.5452175847769997;0.3886084832920159;PRODUCT_5265;12;-33.67999999999999;86950;2.066911115385501;Budget;0.2405829046739902;805.0;3.8373181753391683;0.39948444139618844
7388;Product_7388;Sports;Home;BrandE;486.31;0.21;384.18;918;4.25;4838;Supplier_27;USA;Mumbai;16;4;0.16;0;2011;28.34;50.33;Red;Wood;1;403;2040;2853;0.28;325.91;149061.84;1788742.08;60377;23185;9626;0.067;287.08;0.85;55;9965.0;5506;1707;1.13;41;61;118;-47;4.15;2.51;0.14;0.5864956788114766;0.5151212632441997;PRODUCT_7388;12;58.26999999999998;93188;7.620176512993613;Standard;0.3685302975861415;546.0;4.177366719689023;0.3991080215767454
5920;Product_5920;Beauty;Clothing;BrandE;633.83;0.01;627.49;786;4.15;4902;Supplier_27;Germany;Mumbai;8;9;0.13;0;2019;31.71;67.22;Black;Plastic;5;443;1845;4304;0.33;345.74;226523.89;2718286.68;56113;10583;12029;0.176;65.82;0.7;84;1915.32;7684;4191;1.23;27;29;31;-92;3.31;8.84;0.16;0.6353055879036087;0.6136770999913752;PRODUCT_5920;12;281.75;78725;9.817520524183095;Standard;0.4268456746316671;489.8;4.136050139338544;0.39909736317857425
5968;Product_5968;Electronics;Sports;BrandD;411.0;0.33;275.37;61;4.17;3421;Supplier_3;USA;Berlin;10;1;0.12;1;2022;31.06;22.41;Red;Wood;4;374;1817;7010;0.38;259.97;67465.65;809587.8;83489;15245;9019;0.177;235.19;0.43;73;8497.55;1885;4528;1.16;41;63;131;43;4.57;42.69;0.15;0.5575002805830019;0.4106178811082324;PRODUCT_5968;12;15.399999999999975;107753;11.054156816345944;Standard;0.3854606220857901;513.8;4.075290191437165;0.39856799538315685
46;Product_46;Sports;Home;BrandB;250.6;0.5;125.3;375;4.44;3808;Supplier_39;India;Berlin;7;6;0.14;1;2013;24.55;43.26;Black;Metal;3;247;46;2363;0.15;213.91;49994.7;599936.4;78349;11335;118;0.14;261.14;0.17;78;3406.17;8130;3254;0.54;18;54;32;79;2.58;4.44;0.1;0.5540820034596106;0.4005643498929352;PRODUCT_46;10;-88.61;89802;4.186015641238302;Standard;0.264348562313874;171.7;4.010306137070187;0.39849827242155256
596;Product_596;Beauty;Toys;BrandE;935.63;0.24;711.08;171;4.13;1551;Supplier_1;China;London;8;11;0.12;0;2023;17.24;6.6;White;Wood;1;86;1196;2641;0.15;796.08;220434.8;2645217.6;95390;5836;22022;0.103;60.6;0.31;80;1303.27;9835;1616;1.36;10;52;176;-86;3.18;35.01;0.19;0.7071352293410231;0.6275153911517486;PRODUCT_596;11;-85.0;123248;3.051592977695685;Standard;0.2036351550238079;310.0;3.4505993309087364;0.39795842828467
1158;Product_1158;Beauty;Electronics;BrandD;257.22;0.13;223.78;647;4.06;3801;Supplier_10;China;Mumbai;16;2;0.06;0;2017;18.47;10.42;Green;Plastic;1;585;2983;2109;0.27;129.22;72728.5;872742.0;75720;48924;10290;0.177;278.3;0.64;83;7773.3;2069;957;1.21;8;18;91;24;3.08;22.62;0.15;0.5375991600643495;0.4062204338240932;PRODUCT_1158;12;94.56;134934;8.223031821474496;Standard;0.3339215921183325;814.5;4.302551370664402;0.3975851593535794
3544;Product_3544;Clothing;Clothing;BrandB;419.83;0.47;222.51;739;4.57;3508;Supplier_5;UK;Mumbai;7;1;0.26;1;2010;47.03;61.13;Black;Wood;3;79;1986;89;0.48;236.26;24476.1;293713.2;73048;30133;4835;0.145;215.03;0.71;87;9769.42;9309;1244;0.68;26;37;54;32;2.29;30.03;0.08;0.5323534905203335;0.3702843469949057;PRODUCT_3544;12;-13.75;108016;11.006213601564616;High_Margin;0.4319234097490719;582.8;3.663312570417576;0.3968824609867829
8152;Product_8152;Clothing;Toys;BrandA;275.38;0.49;140.44;455;4.26;2697;Supplier_47;UK;Berlin;20;7;0.18;1;2024;26.99;94.56;Blue;Metal;0;464;1043;9605;0.22;149.37;68534.72;822416.64;64411;35451;18597;0.093;144.85;0.49;86;7510.12;6512;1826;1.22;25;34;134;89;1.79;16.39;0.24;0.5274403161697666;0.4064131956606421;PRODUCT_8152;12;-8.930000000000007;118459;6.291654979972501;Standard;0.3176669554751885;387.7;4.2708924334743275;0.39607877795070656
587;Product_587;Toys;Clothing;BrandD;333.46;0.15;283.44;984;4.66;523;Supplier_42;USA;Mumbai;10;11;0.08;1;2016;35.23;98.42;Black;Plastic;2;109;1846;6794;0.45;284.99;115643.52;1387722.24;60996;36249;504;0.124;223.67;0.18;53;4966.64;3026;4237;0.97;44;71;83;4;3.28;40.94;0.14;0.5923455334881954;0.4953492577100948;PRODUCT_587;11;-1.5500000000000114;97749;11.079163835622968;High_Margin;0.4911057114580016;552.4;3.8630491205447846;0.39582794202477833
5572;Product_5572;Clothing;Sports;BrandC;286.98;0.36;183.67;864;4.35;2568;Supplier_15;India;London;15;13;0.06;0;2025;30.76;15.25;White;Fabric;1;479;1188;2528;0.37;217.01;72549.65;870595.8;47089;16102;697;0.041;113.94;0.62;60;9709.66;3710;2732;1.29;30;44;88;13;2.99;36.11;0.14;0.5033777096178002;0.4073510190926365;PRODUCT_5572;12;-33.34;63888;10.344113792333602;Standard;0.4407769961136132;402.9;4.277904086700829;0.3956680203515606
8968;Product_8968;Clothing;Electronics;BrandD;294.24;0.46;158.89;268;4.64;574;Supplier_10;India;New York;6;14;0.14;0;2020;45.66;13.54;Green;Fabric;3;12;1433;4716;0.42;190.77;27011.3;324135.6;84031;30238;17091;0.048;149.95;0.42;65;2069.32;2704;3414;0.57;55;89;68;79;2.82;25.12;0.13;0.5620612254556145;0.3848739046885812;PRODUCT_8968;12;-31.880000000000024;131360;5.238504826596453;High_Margin;0.3349553631969508;485.1;2.9539484212105074;0.39557461137171057
8832;Product_8832;Toys;Electronics;BrandC;471.76;0.24;358.54;101;4.25;3371;Supplier_39;USA;Shanghai;4;6;0.23;1;2010;47.21;29.83;Black;Wood;2;251;1528;2174;0.23;355.6;164569.86;1974838.32;86091;7759;18868;0.036;233.88;0.67;50;394.76;2840;2845;1.2;17;74;46;65;4.94;40.32;0.16;0.6510123988903732;0.5520765680992674;PRODUCT_8832;12;2.9399999999999977;112718;5.599597542631944;Standard;0.3019674366782141;425.6;3.9297967479664355;0.39520142733360025
8712;Product_8712;Electronics;Home;BrandB;448.75;0.22;350.03;565;4.84;1128;Supplier_22;China;Berlin;3;6;0.02;1;2017;33.03;24.8;Blue;Fabric;5;69;450;7438;0.22;284.15;168714.46;2024573.52;30437;16558;12413;0.157;201.71;0.38;58;4693.22;1084;4318;0.8;11;7;16;45;2.73;47.18;0.07;0.5903836675733523;0.5621917185658594;PRODUCT_8712;12;65.88;59408;5.234033977930421;Standard;0.408300383138007;288.6;3.7441998841180975;0.39423482694399115
280;Product_280;Electronics;Home;BrandB;589.21;0.12;518.5;322;4.64;1407;Supplier_8;India;Mumbai;10;11;0.25;1;2013;12.33;90.74;Green;Fabric;4;108;606;5350;0.45;407.88;135847.0;1630164.0;41895;31591;22058;0.144;199.47;0.66;60;6608.69;3330;2885;1.1;52;25;163;43;3.23;40.35;0.22;0.5695794244874178;0.5106486631330639;PRODUCT_280;11;110.62;95544;11.206091328540053;High_Margin;0.4957873447827495;283.8;3.8833495121230697;0.39405174147484434
8536;Product_8536;Beauty;Toys;BrandC;144.65;0.05;137.42;429;4.62;3495;Supplier_1;Germany;Berlin;3;4;0.24;1;2019;43.83;38.31;White;Fabric;3;149;2613;102;0.47;114.03;1099.36;13192.32;74862;27219;18216;0.159;37.02;0.89;69;9156.56;9914;764;1.42;28;41;172;-78;1.9;28.84;0.21;0.5202637699096522;0.3421268114330502;PRODUCT_8536;12;23.389999999999983;120297;12.610028340539106;High_Margin;0.4718326758649782;818.4;3.924971918391889;0.39382467817276806
6015;Product_6015;Clothing;Toys;BrandD;173.88;0.11;154.75;559;4.29;2002;Supplier_41;China;London;7;3;0.15;1;2010;2.43;23.31;Black;Fabric;0;389;2997;2237;0.35;134.41;45187.0;542244.0;80265;40376;9903;0.136;75.73;0.69;90;254.82;4863;4986;1.08;26;11;129;-86;1.26;17.64;0.06;0.5418592865419894;0.3854412026350288;PRODUCT_6015;12;20.340000000000003;130544;10.17648035751024;Standard;0.3897769563676347;827.2;4.203065435822653;0.3937202007531999
3746;Product_3746;Beauty;Electronics;BrandA;860.83;0.47;456.24;316;4.14;2738;Supplier_37;UK;London;16;9;0.1;1;2017;15.62;96.11;Green;Plastic;3;179;2143;6437;0.19;666.02;21443.28;257319.36;81727;47303;24370;0.148;219.16;0.24;86;8104.99;5937;2146;0.93;28;10;171;40;4.78;28.52;0.18;0.5127559129256164;0.3437630799627011;PRODUCT_3746;12;-209.78;153400;4.689327278028954;Standard;0.1803523130945862;515.1;3.8489413023980044;0.39343868260004733
7799;Product_7799;Toys;Home;BrandA;493.99;0.46;266.75;951;4.03;750;Supplier_5;Germany;Shanghai;8;3;0.02;0;2015;10.48;49.13;White;Metal;2;403;1547;3488;0.14;337.04;126706.25;1520475.0;89964;29809;10514;0.15;54.19;0.25;51;6265.07;1129;4069;1.2;56;61;180;-2;2.32;37.06;0.17;0.6092216307075299;0.4877673481706173;PRODUCT_7799;12;-70.29000000000002;130287;3.893898015267533;Standard;0.2156041161705718;427.6;4.078834680898568;0.3933373400990561
1841;Product_1841;Clothing;Home;BrandC;953.95;0.49;486.51;478;4.18;3169;Supplier_36;Germany;Shanghai;13;2;0.06;1;2016;42.87;93.92;White;Plastic;1;132;2549;909;0.23;634.26;112870.32;1354443.84;75949;49852;1678;0.196;271.4;0.67;80;5867.43;3278;1917;1.26;53;12;102;-51;3.17;23.62;0.23;0.581516827675956;0.4697532989171391;PRODUCT_1841;12;-147.75;127479;5.623091655639382;Standard;0.2404188968432366;612.3;3.7594172191302793;0.3931515266442091
6562;Product_6562;Toys;Clothing;BrandD;971.87;0.26;719.18;660;4.07;4295;Supplier_20;UK;New York;20;14;0.09;1;2011;25.18;93.76;White;Plastic;4;538;453;5419;0.43;735.31;336576.24;4038914.88;20257;1034;12739;0.015;145.35;0.84;57;9660.66;8849;3049;1.17;17;59;97;100;1.79;49.97;0.09;0.6500119146968819;0.7397890914374242;PRODUCT_6562;12;-16.129999999999995;34030;11.172745688957551;Standard;0.5122199988743992;143.9;4.154095045068936;0.3928928797870105
3455;Product_3455;Clothing;Beauty;BrandD;573.25;0.36;366.88;15;4.38;4762;Supplier_35;China;New York;20;3;0.2;1;2015;12.74;58.38;Red;Plastic;5;223;89;1083;0.4;509.8;152988.96;1835867.52;61533;1537;7626;0.124;28.34;0.57;82;6383.2;8177;4329;1.22;18;80;34;-16;2.81;14.22;0.24;0.6025205488136076;0.5295856727318518;PRODUCT_3455;12;-142.92000000000002;70696;10.656873164323432;High_Margin;0.4403448189513638;146.3;3.9216541141098027;0.3924233644469638
9996;Product_9996;Electronics;Sports;BrandB;764.68;0.45;420.57;587;4.36;30;Supplier_14;Germany;London;5;12;0.26;0;2016;26.48;58.89;Blue;Plastic;1;253;964;569;0.35;534.08;127432.71;1529192.52;43010;40174;29468;0.158;273.06;0.21;94;1105.43;45;380;0.82;36;99;183;-20;4.03;35.25;0.12;0.5423123109288894;0.4817190227899687;PRODUCT_9996;12;-113.51000000000003;112652;9.785067681922593;High_Margin;0.4066627283196146;321.5;4.145746076023876;0.39182973324064435
5484;Product_5484;Clothing;Sports;BrandA;667.88;0.27;487.55;447;4.2;263;Supplier_24;India;New York;14;7;0.22;0;2015;12.52;80.57;Red;Metal;1;301;597;1898;0.41;561.88;159428.85;1913146.2;66721;46886;23473;0.128;64.4;0.59;97;9127.87;3451;3915;1.38;35;27;57;-42;1.28;6.5;0.17;0.6039301484478559;0.5301172821725418;PRODUCT_5484;12;-74.32999999999998;137080;11.092024805381223;Standard;0.421977551183696;224.6;4.104714264032426;0.39160826950680006
2576;Product_2576;Beauty;Home;BrandD;105.69;0.27;77.15;610;4.3;2825;Supplier_17;India;Shanghai;3;12;0.15;0;2012;5.36;99.52;Red;Plastic;0;461;172;3646;0.22;52.91;20367.6;244411.2;70821;14702;18035;0.081;213.55;0.31;75;6831.25;6124;2792;1.26;30;16;157;-45;4.91;33.2;0.13;0.5028333052586949;0.345965491996256;PRODUCT_2576;12;24.24000000000001;103558;6.274388182307353;Standard;0.3078856972632099;199.0;4.21574471499301;0.39145630514365215
9746;Product_9746;Clothing;Clothing;BrandA;633.99;0.17;526.21;228;4.54;4858;Supplier_33;USA;Mumbai;13;4;0.19;1;2020;34.35;6.36;Red;Fabric;4;38;962;3099;0.36;558.18;209431.58;2513178.96;63930;19112;7383;0.089;252.62;0.46;86;7405.14;7768;3163;1.21;21;87;131;-77;3.02;5.49;0.1;0.6677245810555885;0.6196044741795969;PRODUCT_9746;12;-31.969999999999917;90425;6.520632693178945;High_Margin;0.3933527334902362;322.8;3.341215054197205;0.3911611665206135
6807;Product_6807;Clothing;Sports;BrandB;749.84;0.21;592.37;663;4.56;2721;Supplier_37;China;New York;19;14;0.25;0;2017;9.45;53.59;Red;Plastic;4;280;2054;9953;0.36;668.48;232209.04;2786508.48;9126;49178;68;0.196;53.38;0.41;64;172.97;9560;3741;0.95;42;97;40;4;1.27;49.66;0.15;0.5789129099935294;0.6196114602117583;PRODUCT_6807;12;-76.11000000000001;58372;11.070083938113216;High_Margin;0.5259654850160517;580.2;5.157097730104746;0.39113621872724946
189;Product_189;Sports;Electronics;BrandD;628.08;0.12;552.71;176;4.13;3822;Supplier_42;China;Shanghai;14;3;0.16;1;2015;34.23;55.54;Green;Metal;4;276;1490;6983;0.43;473.03;86775.47;1041305.64;84363;44858;890;0.105;225.3;0.8;84;8696.54;1737;229;1.33;49;3;176;-63;2.85;7.49;0.22;0.5723363633560432;0.435383715675902;PRODUCT_189;11;79.68000000000006;130111;11.036400421608096;High_Margin;0.3742005973226919;399.1;4.007952201199495;0.39046698224535276
5410;Product_5410;Toys;Toys;BrandE;674.04;0.32;458.35;194;4.48;2283;Supplier_44;UK;Shanghai;17;13;0.1;0;2022;40.21;79.06;Black;Wood;5;8;297;8190;0.43;582.06;223674.8;2684097.6;74310;35391;27263;0.113;226.76;0.35;90;4398.7;5193;3235;1.19;42;40;29;28;4.26;21.85;0.23;0.6957018422720335;0.6417625005321622;PRODUCT_5410;12;-123.70999999999992;136964;4.71103230289369;High_Margin;0.3654819853524333;159.6;2.7661421522909677;0.3901301259117142
8531;Product_8531;Beauty;Sports;BrandC;725.34;0.01;718.09;819;4.4;3516;Supplier_38;Germany;Shanghai;1;1;0.27;0;2024;26.3;50.77;Black;Fabric;4;222;950;9348;0.07;508.34;124947.66;1499371.92;44711;49623;13;0.074;200.06;0.34;81;7669.02;7303;4640;1.32;41;94;164;-5;2.16;9.52;0.11;0.5468186832566561;0.4818506132764053;PRODUCT_8531;12;209.75000000000009;94347;1.788649164624836;Standard;0.2241037599123257;276.7;4.144840930184996;0.3898849761707157
5404;Product_5404;Toys;Beauty;BrandE;625.08;0.11;556.32;917;4.65;3260;Supplier_50;China;Mumbai;16;5;0.18;1;2020;1.63;44.68;Green;Fabric;5;219;2313;3061;0.36;416.55;116827.2;1401926.4;15793;40971;21257;0.081;81.13;0.61;75;4774.61;7702;2776;0.51;5;76;115;-28;1.41;3.75;0.17;0.5021244038591582;0.4692262953377893;PRODUCT_5404;12;139.77000000000004;78021;9.760276046113956;High_Margin;0.4707414795287136;615.5;4.53630114201337;0.3894366547751187
5052;Product_5052;Sports;Toys;BrandE;156.75;0.39;95.62;958;4.4;4351;Supplier_44;India;Mumbai;11;2;0.01;0;2012;8.79;48.02;Red;Wood;0;192;1700;5667;0.25;90.39;47523.14;570277.68;97091;11536;7238;0.141;280.28;0.31;55;8773.44;5179;3839;0.5;21;70;196;-57;3.38;38.75;0.16;0.5862868676605093;0.4058207979484133;PRODUCT_5052;12;5.230000000000004;115865;6.605202456094522;Budget;0.3017704749778778;530.0;3.8888393491918483;0.38904188038928
6568;Product_6568;Clothing;Clothing;BrandD;233.5;0.13;203.15;764;4.66;1234;Supplier_42;Germany;Shanghai;3;6;0.23;1;2019;20.36;74.73;Green;Metal;1;88;1319;9550;0.42;161.9;40630.0;487560.0;69170;31492;7494;0.032;75.1;0.37;58;7814.76;9547;1842;0.94;56;22;10;-69;4.95;37.78;0.24;0.5454221310247283;0.3961382470574552;PRODUCT_6568;12;41.25;108156;9.066284194130615;High_Margin;0.4195958824472531;460.4;3.7505113644318175;0.38808605111940486
2656;Product_2656;Beauty;Clothing;BrandE;119.25;0.01;118.06;55;4.6;2;Supplier_40;China;London;4;9;0.26;0;2024;37.12;22.27;Red;Fabric;3;117;1082;3179;0.31;91.7;26327.38;315928.56;82252;30632;10299;0.025;80.47;0.62;63;4029.27;1664;3523;1.03;47;0;185;-8;3.34;37.83;0.19;0.5547258056031029;0.3802970874758155;PRODUCT_2656;12;26.36;123183;6.973071181350238;High_Margin;0.3478961696320746;409.1;3.8227571450252875;0.3871578349228417
3996;Product_3996;Toys;Toys;BrandB;893.03;0.14;768.01;255;4.12;1444;Supplier_37;USA;London;4;11;0.21;1;2020;1.86;82.56;Green;Fabric;4;196;1922;1158;0.07;566.78;376324.9;4515898.8;75928;48193;14577;0.119;297.18;0.82;84;4786.03;1994;4781;1.34;7;69;9;61;3.78;45.23;0.07;0.7988985872010356;0.8315664547074884;PRODUCT_3996;12;201.23;138698;1.7049933940568325;Standard;0.2461413882026609;467.3;3.888225438392256;0.38708033717187396
3944;Product_3944;Sports;Clothing;BrandA;264.06;0.43;150.51;794;4.67;4287;Supplier_41;USA;Shanghai;1;5;0.16;0;2022;42.25;19.31;Red;Fabric;2;247;2627;957;0.06;204.09;66675.93;800111.16;36301;44190;11468;0.082;263.13;0.2;100;4142.2;1616;2796;1.21;60;10;169;-28;4.96;49.45;0.11;0.502443993756014;0.4132047297666986;PRODUCT_3944;12;-53.58000000000001;91959;1.6715414789188132;Standard;0.2702587021941935;763.2;4.316835865838792;0.385760917008239
183;Product_183;Clothing;Clothing;BrandB;210.52;0.29;149.47;114;4.65;1455;Supplier_38;USA;Mumbai;18;13;0.14;0;2018;32.48;37.93;Green;Wood;1;160;480;2826;0.09;186.92;28100.36;337204.32;58817;32108;15704;0.14;154.89;0.22;79;911.42;7681;975;1.02;32;68;62;79;3.35;41.29;0.13;0.5133442815181364;0.3718948123401277;PRODUCT_183;11;-37.44999999999999;106629;2.4242872084904383;Budget;0.2508307202936236;298.0;4.001741064898184;0.385551622828445
4576;Product_4576;Beauty;Home;BrandB;909.97;0.14;782.57;276;4.08;2211;Supplier_2;USA;New York;3;7;0.11;0;2011;0.77;74.61;White;Plastic;1;280;2230;9340;0.32;465.08;65735.88;788830.56;65114;34858;23669;0.16;198.15;0.82;75;5744.42;862;1414;0.69;50;63;188;88;1.0;7.63;0.13;0.5120857073929598;0.3914303667505852;PRODUCT_4576;12;317.49000000000007;123641;8.539265593287281;High_Margin;0.2911357621946038;549.2;3.9944094722425136;0.3854599949005386
9429;Product_9429;Clothing;Beauty;BrandA;165.52;0.49;84.42;766;4.18;3331;Supplier_31;China;Shanghai;6;6;0.04;1;2011;2.57;15.24;Black;Metal;1;417;986;3781;0.05;139.48;37904.58;454854.96;88167;33330;26848;0.061;175.96;0.54;58;5287.66;5603;3686;1.44;36;48;107;-47;4.8;11.06;0.09;0.542722940993229;0.3730353692507103;PRODUCT_9429;12;-55.05999999999999;148345;1.338361972180932;Standard;0.1618393515333409;319.5;4.161799092455953;0.38470553677442976
6698;Product_6698;Clothing;Toys;BrandE;563.04;0.14;484.21;190;4.1;1551;Supplier_5;UK;New York;3;5;0.21;0;2012;36.19;40.17;Blue;Metal;3;303;96;8393;0.1;399.97;193199.79;2318397.48;86390;13592;7538;0.099;16.97;0.41;65;9854.84;5337;1050;1.08;15;60;100;30;3.33;45.64;0.09;0.6637598158234803;0.5823933381477207;PRODUCT_6698;12;84.23999999999995;107520;2.5760355119766296;Standard;0.2103099592205408;113.2;3.958277685493615;0.3839547969809243
3890;Product_3890;Beauty;Electronics;BrandC;639.22;0.26;473.02;259;4.28;3096;Supplier_30;Germany;Berlin;7;1;0.29;1;2018;21.06;91.94;White;Wood;1;74;862;753;0.27;328.67;207182.76;2486193.12;92699;45002;22624;0.063;99.45;0.85;67;2438.94;4865;2371;1.1;40;75;83;-58;2.64;34.56;0.17;0.7025743348520096;0.6171071801427803;PRODUCT_3890;12;144.34999999999997;160325;5.3036144876347215;High_Margin;0.2952574206398473;264.7;3.536087986436542;0.38382106591741466
3012;Product_3012;Sports;Electronics;BrandA;378.86;0.42;219.74;259;4.8;4468;Supplier_20;Germany;New York;2;13;0.28;0;2023;22.81;10.18;Black;Fabric;5;133;2228;3526;0.43;281.55;109430.52;1313166.24;25874;34926;5073;0.085;41.74;0.63;50;347.07;8949;4326;1.37;22;89;172;59;3.73;48.18;0.2;0.5280503338732389;0.474609469202645;PRODUCT_3012;12;-61.81;65873;10.968418361602067;High_Margin;0.5226598806380643;660.6;4.149105773887762;0.3835625376496127
7795;Product_7795;Electronics;Beauty;BrandA;705.09;0.06;662.78;578;4.22;242;Supplier_35;China;Mumbai;3;2;0.19;1;2020;37.29;27.72;Blue;Plastic;5;195;2422;425;0.36;525.29;292948.76;3515385.12;74882;7830;13302;0.143;66.41;0.31;63;1376.25;163;4871;1.25;50;58;148;-8;3.78;27.11;0.18;0.7344785538250824;0.7216155895779869;PRODUCT_7795;12;137.49;96014;9.165158976316327;High_Margin;0.4177078413759361;620.1;3.820158766659542;0.38324422785000223
7347;Product_7347;Home;Electronics;BrandE;648.09;0.16;544.4;417;4.32;3315;Supplier_17;UK;Mumbai;3;8;0.08;0;2021;18.2;63.02;Green;Fabric;3;282;2545;1414;0.35;450.81;81660.0;979920.0;49379;19776;27617;0.057;210.97;0.88;69;8809.14;8249;1718;0.8;56;28;126;55;3.1;46.45;0.16;0.5132429709840769;0.4194500729065449;PRODUCT_7347;12;93.58999999999996;96772;9.02246290466306;High_Margin;0.3725430747288586;629.4;4.06627758649406;0.38304470177160654
885;Product_885;Sports;Electronics;BrandA;395.61;0.11;352.09;923;4.35;3428;Supplier_50;China;Berlin;15;10;0.2;0;2021;18.85;96.49;Black;Wood;4;188;1457;6862;0.35;273.02;20773.31;249279.72;82169;5844;26388;0.019;46.61;0.6;67;4459.83;7606;3741;1.38;60;66;137;-18;1.78;1.93;0.12;0.529874926288936;0.3565384247828146;PRODUCT_885;11;79.07;114401;8.132190467206442;High_Margin;0.3235410622343951;419.6;3.850923148537457;0.382694874923238
7646;Product_7646;Sports;Clothing;BrandD;990.6502;0.09;905.35;512;4.58;305;Supplier_25;UK;London;10;10;0.29;0;2020;20.5;58.53;White;Fabric;2;118;2183;3746;0.31;560.79;413744.95;4964939.4;9401;30833;8642;0.073;201.2;0.31;94;859.85;3099;2104;1.18;28;6;77;-71;3.64;15.94;0.18;0.7341884137942903;0.8730219891384987;PRODUCT_7646;12;344.56000000000006;48876;7.280733701612691;High_Margin;0.487560289287991;541.6;4.399600891766472;0.3815882297127828
5307;Product_5307;Electronics;Beauty;BrandD;248.26;0.19;201.09;303;4.27;2760;Supplier_11;China;Berlin;14;11;0.12;1;2023;38.83;87.55;Black;Fabric;0;235;2226;8571;0.38;202.44;45245.25;542943.0;97673;34985;16660;0.043;99.77;0.5;71;5815.09;3794;3748;1.43;35;31;101;49;2.3;33.08;0.15;0.5751296435623483;0.394688418556087;PRODUCT_5307;12;-1.3499999999999943;149318;9.24683486676844;High_Margin;0.3462564599078904;627.8;3.965169714833235;0.3813115623493639
7697;Product_7697;Clothing;Home;BrandB;828.2;0.17;687.41;601;4.46;1084;Supplier_32;China;Mumbai;5;12;0.23;0;2022;46.04;43.59;Blue;Metal;2;183;2649;5032;0.15;726.47;197286.67;2367440.04;28927;2604;6711;0.198;256.51;0.25;72;7141.25;1394;4064;0.86;35;44;73;44;1.34;8.32;0.07;0.581063854942814;0.5766228124353658;PRODUCT_7697;12;-39.06000000000006;38242;4.179572842164813;Standard;0.3146352266617715;649.0;3.887978243998412;0.37994661154900994
8332;Product_8332;Electronics;Sports;BrandB;249.83;0.35;162.39;430;4.38;98;Supplier_3;China;Berlin;13;5;0.05;1;2011;15.44;95.57;Blue;Plastic;0;252;633;7003;0.47;197.32;53913.48;646961.76;77200;30402;21122;0.062;249.87;0.21;83;2477.51;8574;3288;1.48;27;91;4;44;2.79;10.53;0.11;0.5502891470734586;0.4014739762706828;PRODUCT_8332;12;-34.93000000000001;128724;12.09727980878713;High_Margin;0.4447942186289164;282.7;4.044117453522096;0.37962380883695007
1038;Product_1038;Toys;Home;BrandA;918.03;0.22;716.06;75;4.24;4082;Supplier_45;China;Shanghai;7;13;0.21;1;2021;11.94;77.95;White;Wood;1;262;468;9995;0.22;568.85;121730.2;1460762.4;40255;30723;3237;0.17;149.54;0.88;72;7652.07;4344;673;1.11;39;75;70;-25;3.53;31.05;0.22;0.5223914208516032;0.4644708900441477;PRODUCT_1038;12;147.20999999999992;74215;6.08131517902204;Standard;0.2899346368591693;176.5;4.077503520708642;0.37892018606741673
2071;Product_2071;Home;Clothing;BrandC;418.74;0.5;209.37;703;4.07;3281;Supplier_35;Germany;New York;2;6;0.23;1;2010;8.42;4.35;Red;Wood;4;376;1867;710;0.22;342.44;53179.98;638159.76;87518;33446;8320;0.029;34.66;0.64;95;5011.2;6147;2990;1.39;22;48;158;96;4.64;49.38;0.16;0.5455095361678386;0.3868076326424954;PRODUCT_2071;12;-133.07;129284;5.465772578725336;Standard;0.2332782581466518;480.1;4.077330351767979;0.37838661685784036
6549;Product_6549;Electronics;Beauty;BrandC;912.9;0.11;812.48;232;4.04;4900;Supplier_7;China;Berlin;16;4;0.21;0;2010;19.15;3.12;Red;Metal;2;246;276;1253;0.09;680.79;49561.28;594735.36;73173;44328;11213;0.134;282.26;0.37;70;3634.76;1247;1017;1.28;17;82;167;34;3.84;23.69;0.21;0.5113628609402844;0.3712567121572944;PRODUCT_6549;12;131.69000000000003;128714;2.271644221490455;Standard;0.1201272082093297;110.6;3.940914778708425;0.3781551915277542
9232;Product_9232;Sports;Sports;BrandE;434.64;0.29;308.59;180;4.08;2203;Supplier_26;China;New York;13;2;0.14;0;2020;23.79;19.3;Red;Plastic;4;342;1178;5413;0.48;293.0;5554.62;66655.44;90227;2673;846;0.127;104.22;0.76;89;6300.03;1553;2427;0.82;49;66;141;-34;4.55;12.97;0.21;0.5115563889956706;0.322970939800855;PRODUCT_9232;12;15.589999999999977;93746;12.884552943811457;Standard;0.3823200646889526;356.9;3.9730172345592396;0.377642452346276
5243;Product_5243;Beauty;Home;BrandB;208.54;0.49;106.36;826;4.77;2769;Supplier_44;Germany;Mumbai;18;4;0.26;0;2020;29.1;58.66;White;Metal;4;37;255;3593;0.15;137.9;51371.88;616462.56;58308;14238;21265;0.125;86.32;0.19;70;2761.66;7388;1163;0.77;17;87;9;-94;3.56;35.08;0.15;0.5415556406864073;0.4115694236836962;PRODUCT_5243;12;-31.540000000000006;93811;2.928029509444757;Budget;0.2867939326206017;249.3;3.4118716731928798;0.3774630390315026
9174;Product_9174;Electronics;Clothing;BrandE;663.35;0.18;543.95;575;4.42;4693;Supplier_24;USA;Mumbai;19;6;0.14;1;2011;44.5;23.02;Blue;Plastic;1;247;219;8624;0.35;491.12;260008.1;3120097.2;36073;3762;28645;0.15;153.63;0.13;97;7241.57;4930;473;0.75;36;8;1;-20;3.04;5.73;0.1;0.6450634842246955;0.6654062103924971;PRODUCT_9174;12;52.83000000000004;68480;9.80866541086481;High_Margin;0.4733151887406687;142.7;3.994229203674875;0.3768537135996428
5896;Product_5896;Home;Toys;BrandE;238.19;0.03;231.04;596;4.58;2001;Supplier_4;UK;New York;8;8;0.01;0;2025;12.03;54.46;Red;Wood;3;335;1162;4578;0.29;124.44;87564.16;1050769.92;32031;37181;28098;0.079;164.47;0.89;86;9940.6;3967;3756;1.48;38;59;143;29;3.31;8.49;0.19;0.5043219208996332;0.4338744792696798;PRODUCT_5896;12;106.6;97310;8.336663719033513;Standard;0.4272374075965787;426.4;4.391000812522636;0.3763563531855312
4689;Product_4689;Electronics;Clothing;BrandE;296.44;0.34;195.65;829;4.43;3609;Supplier_18;India;London;7;11;0.22;0;2015;14.02;53.64;White;Metal;5;307;497;3911;0.18;207.13;86281.65;1035379.8;54554;30974;25226;0.063;208.46;0.8;67;6233.66;9067;3766;1.32;50;98;187;71;4.39;21.24;0.12;0.5362928824675913;0.4360102275467249;PRODUCT_4689;12;-11.47999999999999;110754;4.8570400056605445;Standard;0.3051700783858854;240.0;4.177593456467649;0.37628270970012384
5585;Product_5585;Sports;Home;BrandD;707.03;0.08;650.47;390;4.34;4881;Supplier_24;Germany;Berlin;1;4;0.02;0;2017;35.89;7.27;Blue;Fabric;0;0;52;3982;0.13;355.7;65047.0;780564.0;86558;41103;1150;0.016;249.62;0.59;61;5875.82;6038;2093;1.27;60;75;166;53;3.93;30.78;0.11;0.5751990717288858;0.4199825556145713;PRODUCT_5585;12;294.77000000000004;128811;0.0;Standard;0.1266245784558012;82.1;1.830972157397352;0.37513722126572535
6288;Product_6288;Beauty;Clothing;BrandD;578.48;0.02;566.91;681;4.41;4292;Supplier_5;India;Shanghai;5;5;0.22;1;2016;36.27;43.03;White;Metal;3;313;1572;5921;0.46;416.46;185379.57;2224554.84;32141;22292;24066;0.104;102.95;0.33;77;7078.18;9688;2301;1.45;8;75;111;-79;2.27;10.08;0.09;0.5734491882294401;0.5588248627132448;PRODUCT_6288;12;150.45;78499;12.876193346779685;Standard;0.5262660234859224;467.6;4.202470986715748;0.3747189187292612
6618;Product_6618;Toys;Clothing;BrandD;291.32;0.21;230.14;603;4.46;4118;Supplier_13;UK;Shanghai;1;11;0.1;1;2013;41.31;2.52;Red;Wood;4;76;145;7988;0.24;197.53;38203.24;458438.88;89668;18519;2539;0.099;222.6;0.9;54;1714.9;9546;9;0.88;14;28;164;-14;4.16;18.09;0.09;0.5683773108753418;0.3922706340123075;PRODUCT_6618;12;32.609999999999985;110726;5.109920646583849;Budget;0.2647501162778264;193.1;3.562827874232842;0.37431476332439956
3180;Product_3180;Clothing;Sports;BrandC;112.76;0.26;83.44;385;4.83;3628;Supplier_4;USA;Berlin;19;6;0.22;1;2018;31.76;94.29;Red;Plastic;2;0;2115;8664;0.29;87.16;36463.28;437559.36;62154;49;28759;0.047;144.03;0.52;59;9969.47;9087;1812;1.46;47;40;174;-11;4.39;9.2;0.08;0.5414734003156513;0.3970247536570819;PRODUCT_3180;12;-3.719999999999999;90962;0.0;High_Margin;0.2746331581702617;662.0;1.9321576728770475;0.37428348570772163
3560;Product_3560;Beauty;Sports;BrandA;599.02;0.12;527.14;163;4.02;3168;Supplier_43;China;Berlin;7;9;0.24;1;2021;13.42;80.68;White;Wood;0;326;1128;8578;0.17;452.1;28465.56;341586.72;86317;29815;770;0.039;234.2;0.4;99;6429.7;9173;2194;0.93;40;95;76;91;2.29;25.59;0.21;0.5182605787168361;0.3485841725593072;PRODUCT_3560;12;75.03999999999996;116902;4.111176273242039;Standard;0.1688953761412396;320.0;3.993066636103378;0.37368864668136603
3623;Product_3623;Home;Electronics;BrandC;477.02;0.24;362.54;569;4.59;977;Supplier_3;India;New York;3;5;0.2;0;2010;40.82;6.23;Red;Fabric;0;140;2418;4816;0.17;415.26;131602.02;1579224.24;43104;42553;25880;0.188;208.31;0.84;69;7851.33;5507;1845;0.8;40;47;88;13;2.27;3.91;0.14;0.5644171493897346;0.5022822879464429;PRODUCT_3623;12;-52.71999999999997;111537;4.587482602844957;Standard;0.3236554017302048;687.7;4.012947348875841;0.3736346521336616
5261;Product_5261;Electronics;Sports;BrandA;502.89;0.23;387.23;972;4.08;3424;Supplier_35;USA;Shanghai;18;1;0.03;0;2013;45.93;69.96;Blue;Metal;1;436;1738;2139;0.25;266.59;159925.99;1919111.88;66045;19658;28620;0.06;116.48;0.66;54;1119.82;7083;1912;0.82;22;72;137;44;4.49;26.65;0.06;0.593397282882104;0.5227216342841811;PRODUCT_5261;12;120.64000000000004;114323;6.573623770537352;Standard;0.3136991801873358;452.2;4.12350238697911;0.37336724438759794
3181;Product_3181;Home;Beauty;BrandA;892.63;0.16;749.81;101;4.19;1565;Supplier_19;India;Berlin;14;12;0.17;0;2025;26.46;33.23;Green;Metal;5;129;1644;8224;0.11;772.0;30742.21;368906.52;70105;18311;27797;0.105;288.4;0.55;54;8020.5;228;729;1.06;35;90;71;-43;4.91;22.64;0.21;0.501352067172353;0.3528954239638954;PRODUCT_3181;12;-22.19000000000005;116213;2.4790085241775506;Standard;0.1347937295977781;407.0;3.6752525648623555;0.3730214507061529
6348;Product_6348;Beauty;Toys;BrandB;421.54;0.17;349.88;315;4.09;2112;Supplier_20;Germany;Berlin;1;11;0.15;1;2013;12.22;99.93;Red;Plastic;3;618;1655;6529;0.21;323.52;127706.2;1532474.4;39245;28898;4427;0.117;217.98;0.38;64;7271.99;5564;2851;0.74;3;41;131;-89;1.62;18.09;0.21;0.5134118698954678;0.4625592784593553;PRODUCT_6348;12;26.360000000000014;72570;6.167068274097729;Standard;0.3247858483109878;451.0;4.354511824961213;0.37246077918361026
5376;Product_5376;Home;Sports;BrandC;749.98;0.02;734.98;875;4.36;2537;Supplier_47;Germany;Berlin;20;6;0.2;1;2016;25.61;59.33;Red;Metal;5;20;1956;5511;0.31;477.79;2939.92;35279.04;75134;15272;5117;0.173;229.56;0.66;50;442.63;7481;3893;0.95;54;10;131;-6;2.31;42.39;0.24;0.5015603626774364;0.328204668927683;PRODUCT_5376;12;257.19;95523;4.826867465968046;High_Margin;0.2255578387515301;536.4;3.002461675597795;0.37243205783360234
4857;Product_4857;Toys;Sports;BrandD;133.06;0.01;131.73;673;4.51;4098;Supplier_31;USA;Shanghai;14;3;0.16;1;2024;41.66;7.23;Red;Fabric;5;149;2332;2455;0.21;111.74;19364.31;232371.72;81292;46310;6710;0.179;42.33;0.37;51;3991.68;9074;2508;0.68;36;12;73;-48;3.45;35.11;0.13;0.5397321725715108;0.3642965030407152;PRODUCT_4857;12;19.989999999999995;134312;5.595030198018466;Budget;0.2853641454959513;734.6;3.9221890681871416;0.3714904514412899
4414;Product_4414;Toys;Clothing;BrandC;430.2;0.04;412.99;497;4.32;1385;Supplier_41;China;Shanghai;17;1;0.14;0;2025;18.72;55.23;Red;Plastic;4;87;1328;9367;0.06;274.04;179650.65;2155807.8;95747;16826;4524;0.011;114.54;0.43;97;1872.17;9531;2149;0.62;2;87;197;25;3.66;2.84;0.07;0.6886479326211297;0.5832826471956215;PRODUCT_4414;12;138.95;117097;1.1732914850381913;Standard;0.1867636292135555;382.2;3.554081518902294;0.3714016483735621
9693;Product_9693;Clothing;Beauty;BrandE;683.3;0.47;362.15;936;4.7;3165;Supplier_32;China;Shanghai;1;3;0.12;0;2020;40.52;47.41;Black;Metal;1;2;2929;5093;0.43;563.79;77862.25;934347.0;32089;18295;12390;0.02;286.71;0.45;93;3349.0;7877;3304;1.31;36;94;30;-43;2.98;46.67;0.24;0.5058543835661476;0.428123372183684;PRODUCT_9693;12;-201.64;62774;2.2647013441062147;High_Margin;0.3245662938563525;728.2;2.433471528948499;0.37120385842795256
2244;Product_2244;Home;Clothing;BrandA;719.19;0.26;532.2;404;4.2;3251;Supplier_45;India;Shanghai;16;4;0.14;0;2014;47.98;3.96;Red;Wood;3;418;2996;9435;0.24;450.64;250666.2;3007994.4;31832;28216;20327;0.131;228.48;0.16;83;7907.12;9087;2645;0.62;43;9;172;37;4.96;9.38;0.08;0.6111003251971363;0.6358149976475553;PRODUCT_2244;12;81.56000000000006;80375;6.883462666515393;Standard;0.3787746345402691;735.8;4.272429091768805;0.37096683932392366
4149;Product_4149;Toys;Electronics;BrandD;257.88;0.02;252.72;248;4.91;732;Supplier_33;China;Mumbai;19;5;0.14;0;2023;15.48;90.15;White;Wood;3;64;2145;842;0.12;145.74;84155.76;1009869.12;24827;27114;29153;0.08;265.56;0.61;64;9941.23;1931;1893;0.77;45;21;15;88;3.64;6.58;0.19;0.5134367762058525;0.4459406906275996;PRODUCT_4149;12;106.98;81094;2.65631289777631;Budget;0.3296406794607832;650.0;3.8521783985128932;0.37021856671281417
3499;Product_3499;Beauty;Toys;BrandB;200.54;0.34;132.36;768;4.5;4012;Supplier_33;USA;Mumbai;20;10;0.21;0;2025;9.3;69.5;Green;Wood;0;87;2198;8976;0.05;112.08;65253.48;783041.76;87238;37164;8782;0.015;203.76;0.53;72;4454.56;3694;1478;0.63;60;52;52;-36;4.77;32.61;0.18;0.5895334415043705;0.430917203853843;PRODUCT_3499;12;20.280000000000012;133184;1.0225117950064604;Budget;0.1825099645392461;635.0;3.676136128849583;0.37009163987948307
4514;Product_4514;Electronics;Sports;BrandB;687.23;0.13;597.89;300;4.51;3616;Supplier_10;China;Shanghai;20;3;0.12;1;2016;9.95;75.71;Black;Plastic;4;66;1914;5648;0.25;498.5;65767.9;789214.8;48658;31950;17420;0.147;168.99;0.74;71;6874.89;7676;991;0.87;60;21;100;-34;2.96;46.37;0.07;0.513595778701375;0.4091197281303151;PRODUCT_4514;12;99.39;98028;5.437687194832721;Standard;0.2935305769279827;518.6;3.6172018042198664;0.37009033201479835
6197;Product_6197;Sports;Beauty;BrandD;172.7;0.26;127.8;751;4.37;3806;Supplier_32;USA;London;17;5;0.27;0;2017;32.84;54.55;Black;Wood;4;212;337;6478;0.08;127.47;49842.0;598104.0;87289;43031;24325;0.116;261.83;0.38;74;5120.26;129;3448;1.32;7;52;143;-72;2.38;43.8;0.18;0.5662358835118972;0.4012372123456522;PRODUCT_6197;12;0.3299999999999983;154645;2.0917274391033294;Standard;0.1917692401849596;234.7;3.9911111908836627;0.3699011479612372
952;Product_952;Toys;Beauty;BrandA;464.03;0.37;292.34;363;4.36;3264;Supplier_6;Germany;Mumbai;17;13;0.25;0;2015;6.93;32.6;White;Wood;1;195;1011;3651;0.1;263.34;25141.24;301694.88;67123;32558;2319;0.087;220.93;0.34;58;8072.64;1132;4844;1.46;10;81;179;58;2.72;36.12;0.17;0.5042627579084027;0.3542120047594156;PRODUCT_952;11;29.0;102000;2.5014674366784377;Standard;0.1868490131278014;334.6;3.952255830469616;0.3694021033563823
2967;Product_2967;Sports;Clothing;BrandE;386.8;0.19;313.31;6;4.04;2327;Supplier_45;UK;Mumbai;12;12;0.1;1;2024;18.04;6.0;Red;Fabric;0;501;1826;3743;0.33;289.84;125324.0;1503888.0;68470;42230;17805;0.046;64.37;0.5;96;1924.17;4349;3505;1.29;26;25;43;-89;4.54;17.35;0.18;0.5658612545696955;0.4735904986860849;PRODUCT_2967;12;23.470000000000027;128505;8.672007012833372;Standard;0.3530715308367026;478.8;4.2267933412898655;0.3693341468199678
5752;Product_5752;Beauty;Home;BrandA;664.25;0.32;451.69;835;4.19;0;Supplier_8;China;New York;13;4;0.18;1;2023;37.99;46.62;Blue;Wood;1;253;1098;4222;0.14;510.89;41103.79;493245.48;65335;41430;26057;0.026;93.11;0.14;72;825.38;8694;157;1.22;38;52;122;93;2.48;47.95;0.23;0.5005506219070804;0.3644145058317817;PRODUCT_5752;12;-59.19999999999999;132822;3.3326534883399344;Standard;0.1835332014781156;294.6;4.017757002131514;0.3683572095103886
5854;Product_5854;Beauty;Beauty;BrandD;826.24;0.46;446.17;192;4.26;1152;Supplier_45;India;Mumbai;2;14;0.09;1;2025;23.62;34.21;White;Fabric;4;275;211;8168;0.12;677.28;216838.62;2602063.44;37374;21546;17473;0.087;261.12;0.31;97;2390.33;3322;4628;1.41;37;57;158;14;4.21;30.04;0.21;0.598452446453242;0.5960291966605429;PRODUCT_5854;12;-231.11;76393;3.123112878816858;Standard;0.2673172518792656;109.2;4.067459752291033;0.3682583841016186
6603;Product_6603;Beauty;Electronics;BrandA;698.73;0.07;649.82;778;4.2;113;Supplier_29;USA;New York;3;9;0.14;0;2023;48.48;40.56;Black;Plastic;0;127;380;3775;0.11;615.07;239783.58;2877402.96;82617;37930;2057;0.132;98.91;0.27;65;4145.14;4029;1181;0.94;18;66;184;94;2.4;19.69;0.08;0.7035060801343618;0.651185872424743;PRODUCT_6603;12;34.75;122604;2.5375341955457373;Standard;0.2203465025439947;169.0;3.712633401427053;0.36786939219865916
2220;Product_2220;Home;Clothing;BrandE;611.5;0.06;574.81;881;4.03;1827;Supplier_12;India;New York;10;12;0.22;0;2022;24.81;42.7;Black;Fabric;3;414;2932;5018;0.38;396.54;87945.93;1055351.16;65520;2937;90;0.117;40.1;0.2;59;9885.18;17;4312;1.37;26;66;123;89;4.89;25.16;0.25;0.527631991852035;0.4193007771611285;PRODUCT_2220;12;178.26999999999992;68547;10.3118152958094;Standard;0.3547584812650424;711.5;4.032276609557481;0.367759193618913
3366;Product_3366;Clothing;Toys;BrandD;600.12;0.04;576.12;493;4.26;4490;Supplier_21;Germany;Mumbai;4;7;0.18;0;2011;33.18;62.15;Green;Wood;3;473;1194;5072;0.27;512.67;267319.68;3207836.16;21529;14820;10730;0.12;49.19;0.81;93;9114.3;9249;2099;0.74;32;97;43;-48;4.57;27.23;0.16;0.6093384333154388;0.6565867189689206;PRODUCT_3366;12;63.450000000000045;47079;7.937015140783321;Standard;0.4344169559728037;354.0;4.306157692949478;0.3675910822432385
167;Product_167;Beauty;Toys;BrandD;519.96;0.1;467.96;186;4.29;3994;Supplier_19;UK;Berlin;15;4;0.04;1;2022;37.61;38.66;Green;Fabric;3;334;1893;9679;0.31;341.69;116054.08;1392648.96;47682;49299;28534;0.054;275.89;0.3;63;6757.48;7504;3362;0.79;42;86;197;61;4.52;13.78;0.21;0.536459845780306;0.4642495022143131;PRODUCT_167;11;126.26999999999998;125515;8.14975165276496;Standard;0.366615732100356;514.1;4.248434646352777;0.3671541928113494
9707;Product_9707;Toys;Clothing;BrandB;340.95;0.32;231.85;840;4.51;3040;Supplier_38;China;Shanghai;15;2;0.18;1;2014;9.37;42.9;Red;Fabric;2;273;290;5667;0.38;304.27;113374.65;1360495.8;39796;21215;14927;0.087;213.56;0.67;54;6576.82;7632;513;0.57;58;81;185;-86;4.97;15.13;0.12;0.5360253821737947;0.4698782370887052;PRODUCT_9707;12;-72.41999999999999;75938;10.4566997172672;High_Margin;0.4600143193984209;215.3;4.155869998209063;0.36638726517583603
7638;Product_7638;Toys;Home;BrandE;684.53;0.27;499.71;810;4.05;953;Supplier_27;Germany;Berlin;9;9;0.14;0;2020;22.22;24.99;White;Plastic;0;367;1444;9399;0.33;380.66;154410.39;1852924.68;63845;39888;23447;0.155;199.99;0.88;76;7442.79;530;2105;0.79;1;23;183;-88;2.05;21.54;0.09;0.5819442177924832;0.5118259760492933;PRODUCT_7638;12;119.04999999999995;127180;9.120056538126509;Standard;0.3471586336253437;403.0;4.108185794893228;0.3662900542970833
1944;Product_1944;Toys;Clothing;BrandE;838.33;0.03;813.18;28;4.57;2170;Supplier_13;Germany;Shanghai;15;13;0.16;1;2013;48.5;85.1;Green;Fabric;4;126;1870;5762;0.18;628.02;168328.26;2019939.12;14376;18995;8638;0.047;156.56;0.46;68;2097.86;226;665;1.19;21;0;139;-1;3.0;9.12;0.25;0.5363310891032271;0.5347376407444118;PRODUCT_1944;12;185.16;42009;4.172115227294916;Standard;0.3261210434615259;467.5;4.0299347121571705;0.3657054550201754
7630;Product_7630;Toys;Sports;BrandC;445.54;0.36;285.15;440;4.07;2882;Supplier_2;India;New York;1;14;0.14;0;2012;12.55;17.05;Black;Plastic;1;438;75;4058;0.1;260.35;98376.75;1180521.0;68081;29713;21479;0.09;290.42;0.36;78;8551.38;2476;2080;1.07;7;70;166;-19;3.59;48.78;0.22;0.5447531501113965;0.437875221620262;PRODUCT_7630;12;24.799999999999955;119273;2.6992664746225388;Standard;0.1942261470519767;108.6;4.149086967239439;0.3654713657204405
6679;Product_6679;Sports;Clothing;BrandE;953.7;0.14;820.18;595;4.39;565;Supplier_44;USA;Shanghai;10;1;0.16;0;2025;45.45;69.68;Green;Metal;0;166;1629;3544;0.41;500.3;314949.12;3779389.44;24400;1496;10144;0.068;238.42;0.79;59;317.28;8872;840;1.28;29;81;9;26;1.02;26.23;0.14;0.6656566962160745;0.732737576983436;PRODUCT_6679;12;319.87999999999994;36040;9.838284703250803;High_Margin;0.4850028240358362;410.1;3.815459820048669;0.3648151077557964
1028;Product_1028;Sports;Beauty;BrandA;369.62;0.36;236.56;654;4.44;3923;Supplier_35;UK;New York;3;4;0.29;1;2016;33.11;37.7;Green;Fabric;4;33;2190;7779;0.16;316.67;88000.32;1056003.84;88879;14734;17027;0.084;117.73;0.41;93;5405.91;7124;2230;1.29;34;10;166;-66;3.79;49.17;0.13;0.6072028785327551;0.4596337712073215;PRODUCT_1028;12;-80.11000000000001;120640;2.715557144089056;Standard;0.2160674022982911;590.0;3.2196993983611875;0.36479899199747173
6902;Product_6902;Electronics;Clothing;BrandE;516.16;0.07;480.03;11;4.24;2020;Supplier_22;UK;Shanghai;17;4;0.16;1;2017;47.79;17.83;Black;Fabric;3;466;2392;4147;0.34;413.36;157449.84;1889398.08;31388;5462;13755;0.137;209.12;0.45;97;6812.67;185;4127;0.75;50;24;14;-93;3.24;45.28;0.15;0.5347842533176911;0.508727504948939;PRODUCT_6902;12;66.66999999999996;50605;10.074443369181685;Standard;0.4330905617778488;645.3;4.189334812536146;0.36478500168457856
1077;Product_1077;Toys;Beauty;BrandE;597.78;0.31;412.47;454;4.44;4311;Supplier_20;USA;New York;17;14;0.02;0;2020;12.61;60.94;Green;Fabric;1;341;1;818;0.33;471.43;145189.44;1742273.28;16109;36539;1077;0.071;225.5;0.2;79;6256.0;5798;4415;1.26;43;55;105;-100;3.98;1.09;0.2;0.509880029553206;0.4953417225437247;PRODUCT_1077;12;-58.95999999999998;53725;9.156155385072164;Standard;0.4373544072930023;104.2;4.563571324435818;0.36457754473286946
7127;Product_7127;Clothing;Sports;BrandD;401.23;0.23;308.95;756;4.09;1185;Supplier_6;USA;New York;2;1;0.27;1;2021;19.36;96.95;Black;Plastic;4;341;1118;316;0.14;289.68;143352.8;1720233.6;85049;32690;16948;0.193;209.75;0.7;75;625.76;9637;1572;0.84;14;59;103;25;4.35;4.34;0.22;0.6182315100178637;0.5117627358867147;PRODUCT_7127;12;19.269999999999985;134687;3.9858280652541622;Standard;0.2263319211108527;351.4;4.046797626669038;0.36425957959647726
7929;Product_7929;Clothing;Toys;BrandC;329.1;0.06;309.35;338;4.41;3147;Supplier_18;Germany;Shanghai;18;11;0.15;0;2025;15.88;43.13;White;Wood;0;27;1569;1433;0.47;213.29;113531.45;1362377.4;97543;37385;23064;0.059;261.9;0.49;72;5378.32;9212;723;1.33;35;99;89;41;2.7;6.5;0.1;0.64366896957019;0.4983492680232331;PRODUCT_7929;12;96.06000000000004;157992;7.314153245246312;High_Margin;0.3571377108304356;443.9;3.173535177454128;0.36422852639462566
5469;Product_5469;Beauty;Electronics;BrandE;861.87;0.22;672.26;204;4.08;134;Supplier_14;UK;Mumbai;4;9;0.24;0;2022;5.96;45.78;Black;Wood;5;85;833;664;0.11;719.92;279660.16;3355921.92;92467;28924;8845;0.161;197.65;0.19;79;5855.86;9650;1450;1.18;12;74;172;-90;2.26;12.15;0.11;0.7472449047125506;0.7047640596793949;PRODUCT_5469;12;-47.65999999999997;130236;2.3209679482745047;Standard;0.1940396539835469;240.5;3.4762996158312616;0.3641343716399263
4340;Product_4340;Clothing;Sports;BrandE;569.72;0.18;467.17;370;4.69;655;Supplier_10;Germany;Mumbai;6;9;0.25;1;2025;8.78;36.92;Black;Metal;1;10;1326;1488;0.18;458.95;80820.41;969844.92;38196;30363;7511;0.162;140.33;0.7;56;2733.18;1116;1782;1.45;51;59;91;6;2.4;44.59;0.17;0.5197654219651918;0.4352539446825222;PRODUCT_4340;12;8.220000000000027;76070;2.352240305962398;Standard;0.2706041735893537;451.1;2.9941433431752706;0.3641320003578369
2815;Product_2815;Clothing;Beauty;BrandD;321.65;0.4;192.99;124;4.33;159;Supplier_26;UK;London;8;14;0.29;1;2015;30.96;21.11;Red;Plastic;3;240;538;1774;0.15;167.8;66967.53;803610.36;72764;13431;612;0.038;90.67;0.88;92;5475.86;9296;995;0.97;52;43;149;28;4.48;25.74;0.2;0.548426898706273;0.4137305425468763;PRODUCT_2815;12;25.19;86807;3.697745881417663;Standard;0.2343441521350732;211.1;3.96283538050967;0.363438958103638
9262;Product_9262;Home;Sports;BrandB;939.15;0.19;760.71;172;4.33;4397;Supplier_42;UK;London;18;3;0.08;0;2016;48.92;67.32;Green;Wood;2;14;721;6;0.49;743.21;166595.49;1999145.88;59500;14507;23145;0.103;74.89;0.4;59;7456.56;2697;3328;1.31;51;48;154;-4;2.89;10.3;0.22;0.6059310379730318;0.5440510782588842;PRODUCT_9262;12;17.5;97152;6.337474133181451;High_Margin;0.3446725186591178;226.1;2.863983105650968;0.3616342625880675
9064;Product_9064;Sports;Toys;BrandB;874.68;0.4;524.81;526;4.04;1824;Supplier_9;India;London;18;7;0.3;1;2011;5.06;43.46;Black;Metal;1;91;394;1167;0.44;497.71;103387.57;1240650.84;94739;16119;13565;0.087;60.48;0.78;91;2656.49;2784;1355;0.92;37;11;0;-30;1.57;2.71;0.14;0.5999037721021192;0.4589072643913907;PRODUCT_9064;12;27.09999999999997;124423;8.7372314041493;High_Margin;0.2877790942119639;141.3;3.4587436557322713;0.3608515024063051
8456;Product_8456;Toys;Sports;BrandA;261.56;0.47;138.63;178;4.7;1266;Supplier_23;China;Mumbai;10;6;0.15;1;2016;14.29;59.91;Red;Plastic;0;17;988;7591;0.49;166.14;30637.23;367646.76;59490;21746;2076;0.049;142.25;0.44;88;2764.55;9278;4115;1.39;7;29;181;96;2.41;7.96;0.06;0.5208303316333049;0.3790197598962839;PRODUCT_8456;12;-27.50999999999999;83312;6.982695940198174;High_Margin;0.3949784760969033;388.7;3.1092567885509688;0.36056274378536834
7975;Product_7975;Electronics;Home;BrandE;900.96;0.02;882.94;900;4.17;2951;Supplier_45;USA;London;16;3;0.21;1;2011;16.46;30.1;Black;Wood;4;132;1331;784;0.13;755.09;295784.9;3549418.8;65327;4040;24006;0.068;131.49;0.75;86;2000.37;7544;1573;0.77;40;64;32;-21;4.25;44.42;0.17;0.7137579691290804;0.716618192786075;PRODUCT_7975;12;127.85000000000002;93373;2.831330224252825;Standard;0.2448528660790788;330.0;3.6365081972191744;0.3597911006328639
6876;Product_6876;Toys;Beauty;BrandB;439.0;0.35;285.35;778;4.4;518;Supplier_48;China;New York;9;1;0.22;0;2020;37.84;0.49;White;Fabric;5;211;2325;4119;0.15;256.14;107006.25;1284075.0;55590;31839;29273;0.044;125.08;0.36;53;5176.83;2303;2227;0.7;46;80;104;-56;4.76;11.76;0.1;0.5534463798520954;0.4634769419350127;PRODUCT_6876;12;29.21000000000004;116702;3.690902206700004;Standard;0.2619162126599598;598.2;4.0171838892535865;0.35967695176415093
4298;Product_4298;Beauty;Toys;BrandE;340.02;0.32;231.21;312;4.17;958;Supplier_22;Germany;New York;14;4;0.13;1;2018;23.94;64.46;White;Fabric;2;264;904;6008;0.16;200.41;41386.59;496639.08;88419;22933;9735;0.154;239.02;0.65;92;4239.05;3637;667;0.9;32;35;191;3;1.03;37.8;0.23;0.5453640897609526;0.3773795002285958;PRODUCT_4298;12;30.80000000000001;121087;4.2961062838423;Standard;0.2000908900053746;305.1;3.9517653965047144;0.35799532498143416
9757;Product_9757;Sports;Beauty;BrandE;517.49;0.29;367.42;748;4.41;465;Supplier_20;UK;London;4;11;0.07;0;2017;26.04;87.55;Black;Plastic;3;217;2205;1666;0.4;439.15;73484.0;881808.0;45214;32646;26799;0.141;84.15;0.88;92;7471.57;5627;4165;0.66;56;60;199;14;2.16;17.94;0.21;0.5052152706469764;0.4113626954915014;PRODUCT_9757;12;-71.72999999999996;104659;10.837502440757108;High_Margin;0.4181162943610048;604.8;4.062204624841384;0.3571388152249152
435;Product_435;Home;Clothing;BrandB;959.45;0.32;652.43;305;4.04;2439;Supplier_15;USA;Berlin;19;7;0.09;0;2014;16.4;97.89;Green;Metal;1;538;780;6990;0.18;862.37;276630.32;3319563.84;7472;32672;298;0.046;84.5;0.4;75;2770.51;9988;1562;1.42;26;13;195;10;3.9;8.8;0.07;0.571473734329921;0.6469940968583454;PRODUCT_435;11;-209.94000000000003;40442;4.784279696670614;Standard;0.3269563095513325;210.6;5.006404429648397;0.35595362837965594
5610;Product_5610;Clothing;Home;BrandB;567.22;0.04;544.53;741;4.65;3305;Supplier_16;UK;New York;20;9;0.28;1;2023;17.79;27.18;White;Plastic;1;168;2367;3180;0.25;464.13;191130.03;2293560.36;12714;35261;11970;0.063;201.03;0.56;58;4359.25;4577;1634;1.26;44;59;73;-30;4.58;14.37;0.24;0.5586398685020084;0.5705083517052363;PRODUCT_5610;12;80.39999999999998;59945;6.339208213232252;Standard;0.4126906291510334;626.2;4.466639366415981;0.3556126593340787
3838;Product_3838;Home;Electronics;BrandB;433.35;0.28;312.01;394;4.15;506;Supplier_17;Germany;New York;18;1;0.29;0;2014;3.22;42.49;Black;Plastic;5;241;622;2146;0.21;357.8;126988.07;1523856.84;86293;20408;28605;0.034;77.62;0.4;90;6365.14;5375;4161;0.66;46;32;150;54;4.65;3.37;0.07;0.6117162442278878;0.4936355740504047;PRODUCT_3838;12;-45.79000000000002;135306;4.946251942109301;Standard;0.2453616815915097;210.4;3.9028744079044144;0.3553269075446078
8418;Product_8418;Beauty;Electronics;BrandE;132.78;0.38;82.32;925;4.13;2121;Supplier_37;India;New York;2;11;0.12;0;2021;1.12;7.58;Red;Metal;1;339;934;8558;0.36;87.39;30458.4;365500.8;96845;41058;5048;0.135;44.87;0.32;90;3462.92;5610;1042;1.38;40;54;184;73;1.76;32.43;0.2;0.549800696826558;0.3647079125550735;PRODUCT_8418;12;-5.070000000000007;142951;9.83645065073834;Standard;0.3305295862044908;344.7;4.068369408177854;0.3541889430033086
5874;Product_5874;Toys;Clothing;BrandE;721.99;0.09;657.01;227;4.25;4564;Supplier_5;China;Mumbai;7;10;0.23;1;2011;14.24;99.17;White;Metal;4;67;1966;381;0.36;572.6;9198.14;110377.68;76722;33584;28673;0.084;12.0;0.22;77;9516.45;125;1473;1.06;11;13;17;-78;3.41;37.13;0.2;0.5012156436235446;0.3308038027033548;PRODUCT_5874;12;84.40999999999997;138979;6.998137919188678;High_Margin;0.2542374690131367;521.3;3.4753503305780415;0.3540457583936404
5166;Product_5166;Toys;Sports;BrandA;519.34;0.08;477.79;660;4.45;2971;Supplier_10;Germany;London;15;8;0.27;0;2015;3.37;90.59;Blue;Wood;3;257;1161;8069;0.42;311.64;130914.46;1570973.52;30420;6638;3097;0.083;91.71;0.39;57;4856.78;8809;3030;1.07;32;69;125;-41;3.03;10.6;0.22;0.5272653872088064;0.4847564369435399;PRODUCT_5166;12;166.15000000000003;40155;11.23989542574864;High_Margin;0.4695444598127569;378.6;4.044826174534065;0.35378422408434534
1743;Product_1743;Home;Clothing;BrandA;567.59;0.41;334.88;147;4.14;3538;Supplier_19;Germany;Mumbai;6;1;0.02;0;2013;3.46;54.57;Blue;Fabric;4;316;1289;4239;0.1;459.11;129263.68;1551164.16;62746;46122;9897;0.125;65.44;0.62;94;4277.61;7429;2036;1.13;27;55;51;-9;1.43;15.17;0.24;0.5657346546139608;0.4820237217222703;PRODUCT_1743;12;-124.23000000000002;118765;2.682208501183343;Standard;0.1994091882497221;371.7;4.106572471256838;0.35376806900192176
7099;Product_7099;Home;Beauty;BrandC;495.7;0.45;272.63;339;4.05;3302;Supplier_23;India;Mumbai;3;14;0.01;1;2019;27.62;79.46;Blue;Fabric;1;492;445;9210;0.24;407.66;87514.23;1050170.76;51307;12353;23239;0.09;111.92;0.36;88;7543.43;5936;2560;1.24;20;24;84;100;1.96;33.1;0.18;0.5004375886448573;0.4114525132734105;PRODUCT_7099;12;-135.03000000000003;86899;6.569315459714749;Standard;0.286459118829852;188.8;4.148356943049551;0.3529950431115473
4333;Product_4333;Home;Sports;BrandA;694.38;0.36;444.4;500;4.1;1116;Supplier_4;India;Shanghai;17;12;0.25;1;2023;37.51;7.77;Blue;Wood;5;93;2793;1484;0.15;451.13;56438.8;677265.6;96263;14561;14780;0.056;238.14;0.47;99;6582.36;9531;2061;0.78;51;49;76;-36;4.3;46.54;0.1;0.5681509725988595;0.3984985481784464;PRODUCT_4333;12;-6.730000000000018;125604;2.9505973633974305;Standard;0.1311613987361704;661.8;3.4875704502276363;0.35241025259862196
8983;Product_8983;Beauty;Clothing;BrandE;572.27;0.25;429.2;205;4.27;1976;Supplier_1;Germany;Berlin;17;10;0.1;0;2021;5.58;27.26;Black;Metal;5;216;632;9892;0.2;475.61;161379.2;1936550.4;59113;11328;27112;0.084;253.42;0.21;65;2306.31;5451;1635;0.96;53;6;52;-54;1.6;40.84;0.13;0.5959569846541404;0.5327388150471095;PRODUCT_8983;12;-46.410000000000025;97553;4.980364656477131;Standard;0.2825402837400072;252.4;3.898285536243041;0.35159742333136046
4961;Product_4961;Electronics;Toys;BrandD;543.54;0.47;288.08;144;4.14;3809;Supplier_17;USA;London;7;9;0.24;1;2011;15.0;7.35;White;Fabric;1;306;298;2792;0.32;461.0;143463.84;1721566.08;65089;44989;17602;0.067;75.85;0.58;89;9809.3;3695;3590;0.76;28;20;29;52;2.63;14.61;0.14;0.5823991832868647;0.5031390588598975;PRODUCT_4961;12;-172.92000000000002;127680;8.095252065035753;Standard;0.3353344377924536;147.7;4.084977511055343;0.350930216936299
1345;Product_1345;Beauty;Electronics;BrandD;253.78;0.13;220.79;847;4.36;2092;Supplier_23;UK;Shanghai;1;5;0.22;1;2011;21.29;76.1;Black;Wood;2;263;1258;8803;0.29;181.25;79263.61;951163.32;63654;12609;6955;0.176;211.73;0.58;51;2670.5;7757;855;0.97;46;8;133;28;2.02;48.54;0.12;0.5429759007297396;0.4272502522069085;PRODUCT_1345;12;39.53999999999999;83218;8.291070534117404;High_Margin;0.3532877892544299;482.8;4.013996947319418;0.350795269018744
9756;Product_9756;Sports;Electronics;BrandC;810.29;0.41;478.07;975;4.28;763;Supplier_38;Germany;Shanghai;15;8;0.24;1;2010;49.7;63.63;Blue;Plastic;4;339;2674;7271;0.07;576.16;196008.7;2352104.4;15871;2860;21838;0.126;170.46;0.55;94;2624.9;5418;3844;1.08;32;79;193;17;2.57;22.24;0.23;0.539469970696506;0.5554942594834938;PRODUCT_9756;12;-98.08999999999996;40569;1.9663924725225568;Standard;0.2480173958027543;642.9;4.079618824197381;0.35073608727273403
1495;Product_1495;Clothing;Home;BrandB;116.36;0.06;109.38;652;4.59;2946;Supplier_36;USA;Berlin;14;1;0.25;1;2021;11.67;33.79;Blue;Metal;2;36;321;1088;0.16;79.79;30188.88;362266.56;79355;27166;18536;0.056;299.97;0.32;97;3972.77;2519;1621;0.83;14;77;141;31;1.72;10.29;0.14;0.5513881090957631;0.3832782538700759;PRODUCT_1495;12;29.58999999999999;125057;2.8003621694884897;Budget;0.233030969989902;228.3;3.348834180368635;0.34942613344748974
7288;Product_7288;Electronics;Electronics;BrandB;986.79;0.12;868.38;938;4.57;2638;Supplier_19;USA;London;6;5;0.21;1;2023;38.17;31.41;Red;Metal;2;43;69;6553;0.29;788.35;240541.26;2886495.12;8139;37925;29698;0.044;282.67;0.37;90;7751.27;5771;1290;0.86;35;65;18;-64;4.41;24.84;0.24;0.5847668359665252;0.6312240017823184;PRODUCT_7288;12;80.02999999999997;75762;5.235854728792473;High_Margin;0.378852934925922;83.6;4.273608523428467;0.3490886956659817
6766;Product_6766;Home;Clothing;BrandD;511.58;0.13;445.07;451;4.49;1833;Supplier_26;China;New York;13;12;0.21;0;2017;0.83;93.41;Red;Metal;1;209;883;6916;0.45;346.76;217194.16;2606329.92;31058;44329;24430;0.172;281.24;0.63;96;1895.76;377;3470;1.21;60;56;122;32;3.71;35.8;0.09;0.604518449126315;0.6074525052404478;PRODUCT_6766;12;98.31;99817;12.662089657534766;High_Margin;0.5326848149771859;341.5;4.220302475227293;0.34906570494014727
2508;Product_2508;Home;Toys;BrandA;138.31;0.07;128.63;662;4.41;1410;Supplier_33;India;Shanghai;16;1;0.2;1;2021;32.06;5.9;Black;Metal;5;174;1112;3748;0.37;77.21;57368.98;688427.76;80353;28120;13755;0.176;140.4;0.17;68;8938.06;9327;1018;0.94;60;47;174;-8;2.09;15.08;0.2;0.5619108051040947;0.4100821734234191;PRODUCT_2508;12;51.42;122228;9.910600377813571;High_Margin;0.3821925546715127;451.1;3.899905553558305;0.348939627646504
137;Product_137;Clothing;Electronics;BrandE;458.66;0.18;376.1;5;4.11;3478;Supplier_12;India;London;15;6;0.09;0;2017;23.35;94.21;Green;Wood;1;324;1847;6087;0.26;353.73;67698.0;812376.0;72569;18683;23272;0.153;53.76;0.38;90;2185.99;8683;4599;1.26;25;100;65;-97;3.52;36.47;0.09;0.531052991164479;0.4005473918475468;PRODUCT_137;11;22.370000000000005;114524;7.126226715082705;Standard;0.2731821374825045;520.3;4.009020378709844;0.3489051433651381
3649;Product_3649;Electronics;Electronics;BrandB;719.33;0.16;604.24;534;4.05;3776;Supplier_20;Germany;London;3;6;0.02;1;2016;31.91;6.39;Blue;Plastic;4;189;165;1291;0.22;515.02;158310.88;1899730.56;83197;30248;27458;0.074;109.01;0.81;53;4788.57;1882;2007;0.78;60;62;97;28;4.43;38.31;0.16;0.6239440850259834;0.5288526619124996;PRODUCT_3649;12;89.22000000000003;140903;5.021055733468823;Standard;0.2254396287667696;92.4;3.791523789230554;0.34877755738877597
8739;Product_8739;Beauty;Toys;BrandB;622.65;0.05;591.52;23;4.14;4180;Supplier_33;USA;Shanghai;4;1;0.21;1;2016;41.12;95.52;Red;Metal;1;618;2637;7054;0.12;322.7;194018.56;2328222.72;2620;24888;10227;0.134;197.3;0.46;84;4938.53;1603;3149;0.94;41;11;163;94;2.64;2.41;0.09;0.5000853130124638;0.5358202218866823;PRODUCT_8739;12;268.82;37735;3.621409381198647;Standard;0.3043542821646777;640.7;6.127089437318113;0.34773509168232597
8238;Product_8238;Beauty;Beauty;BrandA;810.63;0.47;429.63;745;4.06;4000;Supplier_49;China;Berlin;11;11;0.11;1;2024;5.28;11.48;White;Fabric;5;154;156;8514;0.32;556.11;25777.8;309333.6;79575;40207;16647;0.181;216.36;0.33;69;4772.64;373;3261;0.95;52;27;10;-55;1.22;21.0;0.17;0.5057074320122635;0.3433678486600142;PRODUCT_8238;12;-126.48000000000002;136429;7.738405553955654;High_Margin;0.2327414596866437;99.9;3.742424398008666;0.3476400333080528
9037;Product_9037;Home;Toys;BrandE;759.38;0.34;501.19;545;4.57;4142;Supplier_40;India;Berlin;6;11;0.14;1;2024;34.9;33.28;Green;Wood;4;29;2552;1401;0.23;492.54;163387.94;1960655.28;28689;47215;8590;0.168;194.94;0.71;56;3383.27;9196;3434;1.02;16;28;166;21;1.95;2.89;0.24;0.560794226960341;0.5364697374547415;PRODUCT_9037;12;8.649999999999977;84494;4.175598327266427;Standard;0.3159160695374505;675.8;3.517629498170108;0.3472453332493729
4181;Product_4181;Sports;Clothing;BrandA;513.62;0.23;395.49;354;4.36;1439;Supplier_41;USA;New York;5;11;0.17;0;2013;13.39;52.6;Green;Fabric;0;134;1865;5832;0.43;430.2;162546.39;1950556.68;62543;29925;6179;0.124;198.71;0.35;72;4066.81;5035;3632;1.16;37;86;118;10;2.72;27.18;0.19;0.6110025378097076;0.5421771427572492;PRODUCT_4181;12;-34.70999999999998;98647;10.3367638897888;High_Margin;0.4229823556170299;531.1;3.80180407379163;0.3471641344650105
133;Product_133;Clothing;Sports;BrandE;510.64;0.37;321.7;974;4.35;3710;Supplier_39;Germany;Shanghai;3;7;0.14;1;2012;23.74;20.18;Blue;Fabric;2;16;2824;8608;0.44;364.62;43751.2;525014.4;84764;33191;24710;0.117;117.28;0.32;62;4023.74;778;3710;1.45;14;25;162;-47;3.04;17.06;0.24;0.5544475400840585;0.3899881673413241;PRODUCT_133;11;-42.920000000000016;142665;6.057234470364858;High_Margin;0.2861961568631431;738.9;2.951599244469733;0.3470530917706717
7236;Product_7236;Home;Clothing;BrandC;101.72;0.28;73.24;894;4.21;1648;Supplier_49;India;Berlin;5;9;0.01;1;2010;21.48;75.14;Green;Fabric;2;404;1302;1439;0.39;81.92;27318.52;327822.24;72245;42223;10593;0.171;113.93;0.55;97;6561.83;4414;423;0.58;6;35;6;9;2.48;6.05;0.23;0.504344828994121;0.3507076544218773;PRODUCT_7236;12;-8.680000000000007;125061;11.543462927489688;Standard;0.3954822593268837;492.3;4.2024431928195;0.3464129392064893
8461;Product_8461;Clothing;Sports;BrandA;158.11;0.01;156.53;17;4.27;399;Supplier_2;UK;Berlin;3;3;0.26;1;2013;47.11;18.43;White;Fabric;3;264;2563;3551;0.18;131.4;16905.24;202862.88;81889;47775;23988;0.134;76.83;0.16;93;6082.48;7946;3369;1.25;10;76;20;-43;2.53;47.22;0.18;0.5196521277625887;0.3458816534850708;PRODUCT_8461;12;25.129999999999995;153652;4.863250110382912;Standard;0.2288645619383313;717.0;4.056574268681683;0.34447885501524356
7980;Product_7980;Beauty;Toys;BrandA;217.94;0.36;139.48;657;4.16;1150;Supplier_22;USA;Mumbai;11;14;0.05;0;2025;40.79;94.28;Red;Plastic;1;308;2549;2000;0.42;154.97;41983.48;503801.76;85713;13314;15487;0.169;60.02;0.22;87;6167.0;4175;1724;0.83;21;12;16;2;3.91;27.55;0.07;0.5396547541635612;0.3759441191297358;PRODUCT_7980;12;-15.490000000000007;114514;11.710216544546023;Standard;0.3786631210449706;720.5;3.9884029767560887;0.3443499146844061
3358;Product_3358;Sports;Toys;BrandB;880.21;0.43;501.72;795;4.21;4918;Supplier_3;China;Mumbai;1;9;0.21;1;2025;8.39;69.3;Blue;Fabric;0;85;1571;4884;0.31;737.92;107368.08;1288416.96;60733;941;21566;0.072;124.37;0.26;67;4111.48;1155;186;0.91;54;79;84;-65;2.99;36.94;0.14;0.5488391263517844;0.4549054122800018;PRODUCT_3358;12;-236.19999999999996;83240;6.231931199596965;High_Margin;0.2635750084135256;397.6;3.4688377280448144;0.34269359490629603
6882;Product_6882;Sports;Home;BrandD;776.04;0.14;667.39;904;4.41;158;Supplier_18;Germany;New York;20;2;0.24;1;2016;26.37;53.49;Blue;Plastic;4;43;1788;8988;0.07;657.17;108117.18;1297406.16;46535;12132;3306;0.108;236.79;0.2;80;7932.9;7921;224;0.79;45;98;194;8;1.24;41.54;0.21;0.5370707316725696;0.4602250589110773;PRODUCT_6882;12;10.220000000000027;61973;1.2943427087095487;Standard;0.1765299490893745;474.0;3.3298172525143337;0.3424235819820569
3694;Product_3694;Beauty;Toys;BrandD;530.47;0.08;488.03;516;4.16;4892;Supplier_48;UK;Mumbai;15;5;0.04;1;2017;44.3;51.1;Black;Plastic;3;233;1489;9525;0.5;289.98;72716.47;872597.64;71551;36034;2225;0.013;24.63;0.42;96;142.39;4480;1396;1.35;55;90;112;72;3.57;32.16;0.23;0.5372497618795888;0.4101019613378692;PRODUCT_3694;12;198.04999999999995;109810;11.494579802903292;High_Margin;0.3902350722179385;405.8;3.946851007672619;0.3422293276125635
4137;Product_4137;Beauty;Sports;BrandD;739.24;0.4;443.54;178;4.54;924;Supplier_24;USA;Berlin;9;12;0.09;0;2021;25.15;76.91;Black;Wood;4;171;2746;3734;0.19;399.4;169875.82;2038509.84;7595;38984;28542;0.06;186.82;0.68;95;5577.56;6933;641;1.41;54;93;81;50;4.44;18.31;0.14;0.5216724203453172;0.530896389604847;PRODUCT_4137;12;44.14000000000004;75121;4.706642459841242;Standard;0.3386262482731578;680.0;4.901567902641116;0.3420164335441823
3958;Product_3958;Electronics;Beauty;BrandD;259.86;0.41;153.32;622;4.59;471;Supplier_34;China;London;9;3;0.2;1;2025;15.32;4.81;White;Wood;3;34;1389;5360;0.35;163.31;64701.04;776412.48;63899;26756;18544;0.132;138.52;0.31;50;2522.02;7007;535;0.53;6;10;85;-27;3.48;44.08;0.08;0.5495824559754732;0.4219049355989289;PRODUCT_3958;12;-9.990000000000007;109199;6.465606660006065;High_Margin;0.3449707762734916;514.4;3.3418838841366036;0.3417804733170034
6676;Product_6676;Electronics;Sports;BrandB;127.37;0.06;119.73;424;4.19;2192;Supplier_9;China;Shanghai;13;4;0.19;1;2021;17.17;17.22;White;Metal;1;300;1625;7611;0.34;109.55;57230.94;686771.28;88710;30081;12666;0.037;170.22;0.24;100;2212.73;3430;784;0.78;15;8;19;-68;1.85;32.3;0.14;0.5609108759305492;0.4008255309663637;PRODUCT_6676;12;10.180000000000009;131457;8.431172206638216;Standard;0.3223383215034163;468.5;4.02666284110415;0.341407617164533
295;Product_295;Home;Home;BrandC;625.7;0.27;456.76;170;4.4;2636;Supplier_43;China;Berlin;18;6;0.26;1;2024;15.4;89.74;White;Metal;0;22;672;4017;0.48;535.95;191382.44;2296589.28;63675;42096;29759;0.171;113.9;0.59;51;189.12;1031;4570;1.2;3;72;145;83;1.42;1.97;0.1;0.6407900667654212;0.5854398751496106;PRODUCT_295;11;-79.19000000000005;135530;7.75455379111361;High_Margin;0.3933558667410975;258.2;3.146419123356348;0.3412201620506291
1179;Product_1179;Sports;Home;BrandE;107.99;0.12;95.03;574;4.07;1899;Supplier_48;UK;Shanghai;11;12;0.25;1;2020;16.97;66.36;Green;Plastic;5;348;618;3641;0.36;59.59;15204.8;182457.6;99204;22139;20119;0.02;30.38;0.12;69;3008.76;3593;1925;1.14;8;31;3;50;1.96;48.76;0.21;0.5368530030146441;0.3411120607251602;PRODUCT_1179;12;35.44;141462;8.750428408019218;Standard;0.294418928778157;250.3;4.014662049797063;0.3397334162072138
1080;Product_1080;Clothing;Clothing;BrandD;575.8;0.38;357.0;270;4.5;2647;Supplier_6;UK;Mumbai;18;7;0.26;1;2016;18.01;54.74;Red;Metal;5;60;2739;1947;0.13;472.51;139587.0;1675044.0;45285;28810;12081;0.058;106.39;0.39;65;8225.79;9620;4857;0.82;5;25;188;44;2.34;47.15;0.07;0.5683151291925448;0.5089139576847728;PRODUCT_1080;12;-115.51;86176;2.5443431607527875;Standard;0.2476842116776062;706.8;3.5715881456472425;0.33937907685799856
2755;Product_2755;Toys;Sports;BrandD;912.42;0.18;748.18;969;4.08;3215;Supplier_32;China;Berlin;12;2;0.05;1;2013;22.31;27.01;Green;Metal;0;218;771;9633;0.34;752.74;106989.74;1283876.88;51441;6725;10052;0.141;69.39;0.24;72;3573.98;7558;2357;1.23;18;74;7;30;4.79;4.14;0.22;0.5195332087911665;0.4404842531654923;PRODUCT_2755;12;-4.560000000000059;68218;8.529796866409256;High_Margin;0.2993081482789985;223.0;3.8137751509767748;0.3366077911630203
5788;Product_5788;Electronics;Toys;BrandB;359.37;0.39;219.22;810;4.08;1045;Supplier_18;India;Berlin;18;11;0.15;1;2025;0.75;20.85;Blue;Metal;0;294;25;2262;0.07;298.87;49105.28;589263.36;84424;47128;17651;0.144;100.48;0.57;77;970.53;4414;3374;1.27;36;36;146;-3;3.69;2.23;0.19;0.5366836010450605;0.3799354128219042;PRODUCT_5788;12;-79.65;149203;1.8580849850656265;Standard;0.1288390863956797;97.8;4.0184361199831;0.3364473011268422
3214;Product_3214;Beauty;Electronics;BrandB;960.98;0.35;624.64;520;4.26;3072;Supplier_25;China;New York;2;5;0.06;0;2022;46.53;16.0;Red;Fabric;2;52;949;5544;0.27;510.53;276715.52;3320586.24;48446;29654;25047;0.152;35.55;0.79;84;3519.75;8348;3909;0.64;49;22;167;42;4.43;12.64;0.23;0.6711058945182728;0.6857804396965468;PRODUCT_3214;12;114.11;103147;5.2607574823307335;High_Margin;0.3125922564341791;288.2;3.4145376051186562;0.33514775249053785
9294;Product_9294;Clothing;Clothing;BrandA;364.28;0.28;262.28;234;4.71;4554;Supplier_1;USA;Shanghai;3;5;0.28;1;2025;10.48;36.85;Green;Wood;4;38;1476;8318;0.15;267.12;100977.8;1211733.6;33117;41505;10632;0.116;119.84;0.59;64;7160.76;1773;949;1.43;27;6;119;-26;4.43;20.28;0.06;0.5282086433106603;0.4614638409641965;PRODUCT_9294;12;-4.840000000000032;85254;2.888549834137504;Standard;0.2908176528583934;458.4;3.6000814208397562;0.3351393418994565
5927;Product_5927;Electronics;Toys;BrandB;703.68;0.35;457.39;817;4.29;3662;Supplier_15;UK;Mumbai;1;2;0.24;1;2024;19.34;38.81;Blue;Wood;3;356;2233;6817;0.45;492.07;183870.78;2206449.36;12377;30409;13025;0.051;142.33;0.36;57;3982.67;5453;520;1.4;2;67;100;-62;4.02;26.26;0.21;0.5230425947622749;0.5371905358506198;PRODUCT_5927;12;-34.68000000000001;55811;11.925664341988597;Standard;0.4871030305331856;561.8;4.558473483754919;0.33471227226240646
9248;Product_9248;Sports;Electronics;BrandC;465.68;0.19;377.2;374;4.32;1379;Supplier_28;UK;New York;13;6;0.28;0;2018;42.22;11.36;White;Wood;1;61;2088;2820;0.24;264.69;122590.0;1471080.0;78801;796;26714;0.175;160.23;0.22;95;9888.88;4048;69;0.91;56;54;116;-65;1.24;28.72;0.24;0.6066202271237826;0.4939153320819296;PRODUCT_9248;12;112.51;106311;5.027840193237332;Standard;0.2584428615309156;588.9;3.3808740329485074;0.33413676226512734
701;Product_701;Clothing;Toys;BrandC;328.46;0.16;275.91;311;4.62;1896;Supplier_43;Germany;Mumbai;9;10;0.2;0;2012;46.9;75.29;Black;Plastic;5;90;1015;2767;0.45;200.54;61252.02;735024.24;40017;5118;11059;0.086;44.32;0.28;84;1185.46;1453;4196;1.04;49;9;89;-8;4.19;4.4;0.15;0.5013020441876515;0.4047064665700392;PRODUCT_701;11;75.37000000000003;56194;10.184591528656703;High_Margin;0.4419398581674023;372.4;3.6779229314769704;0.3339461948875283
8246;Product_8246;Sports;Beauty;BrandC;410.14;0.41;241.98;428;4.32;727;Supplier_28;USA;Mumbai;7;11;0.16;0;2012;25.72;59.55;White;Fabric;1;325;1533;6339;0.36;349.48;104051.4;1248616.8;37275;46619;29711;0.115;164.1;0.39;70;9563.57;5101;4476;0.97;17;82;137;-70;3.37;8.69;0.13;0.5079184704864427;0.4432650647157625;PRODUCT_8246;12;-107.50000000000004;113605;10.034757830364178;Standard;0.4078163526201423;459.2;4.2928944320906135;0.3336149058655075
2265;Product_2265;Sports;Home;BrandB;241.52;0.35;156.99;228;4.16;4552;Supplier_10;India;London;5;1;0.25;0;2012;47.2;39.61;Black;Fabric;0;297;537;7833;0.18;183.34;48195.93;578351.16;80231;767;21574;0.015;107.85;0.19;79;8055.44;7534;1592;1.44;47;2;200;-39;4.26;49.44;0.18;0.5339293068264235;0.3812770893481543;PRODUCT_2265;12;-26.349999999999994;102572;4.329973356735676;Standard;0.2118268964462762;222.2;3.944749373762337;0.33342784156752003
4564;Product_4564;Home;Toys;BrandD;338.95;0.21;267.77;322;4.51;4821;Supplier_6;China;Berlin;4;8;0.28;0;2016;4.05;77.1;White;Metal;2;14;2529;2904;0.4;253.07;21153.83;253845.96;68359;49837;5309;0.03;194.48;0.29;64;7291.91;756;3877;0.93;53;3;191;2;4.55;12.23;0.13;0.5153717510383815;0.3590193301692786;PRODUCT_4564;12;14.699999999999989;123505;5.031882239672039;High_Margin;0.292585892548143;672.7;3.0330297031679576;0.3328479290858232
6717;Product_6717;Home;Sports;BrandC;280.86;0.23;216.26;325;4.12;1547;Supplier_15;USA;Mumbai;15;5;0.21;0;2012;5.04;68.53;Black;Plastic;0;316;56;7906;0.35;221.12;34601.6;415219.2;79310;26335;16002;0.093;210.21;0.16;78;9954.76;2668;2001;1.09;56;34;191;61;4.87;21.8;0.05;0.5174202220260655;0.3592959510952347;PRODUCT_6717;12;-4.860000000000014;121647;9.076639639218625;Standard;0.311102040843262;154.4;4.017970998291299;0.33273966041029995
2116;Product_2116;Electronics;Beauty;BrandB;506.32;0.08;465.81;107;4.05;915;Supplier_39;China;Berlin;14;1;0.07;0;2013;37.41;37.77;Black;Metal;5;241;643;4190;0.17;269.43;90832.95;1089995.4;83733;8162;9592;0.045;283.94;0.77;59;2547.93;1275;2898;0.81;11;58;145;55;1.25;41.61;0.08;0.5680986560524848;0.4355172995275029;PRODUCT_2116;12;196.38;101487;3.949194637559528;Standard;0.1815790068053207;214.9;3.8350703910012918;0.3321677013718311
1323;Product_1323;Home;Sports;BrandA;442.72;0.16;371.88;626;4.16;3884;Supplier_16;India;London;12;8;0.2;0;2022;3.52;71.94;Black;Fabric;4;293;708;9533;0.19;264.44;61360.2;736322.4;63208;23996;3126;0.03;10.56;0.75;65;9161.65;435;1260;1.05;52;45;160;-99;4.55;38.82;0.18;0.5109822522906103;0.389333304135714;PRODUCT_1323;12;107.44;90330;4.627070491547628;Standard;0.2230245610834787;229.0;4.01335900477119;0.33165153178719076
9279;Product_9279;Electronics;Toys;BrandC;283.08;0.4;169.85;964;4.24;3927;Supplier_3;Germany;New York;4;9;0.24;1;2016;17.8;10.37;Red;Metal;3;101;2368;4004;0.33;186.54;75753.1;909037.2;97736;32037;19200;0.181;35.12;0.63;59;1889.1;9590;2521;1.07;7;44;200;-33;1.54;18.86;0.08;0.598589013975928;0.4351500547477701;PRODUCT_9279;12;-16.689999999999998;148973;7.642560375170224;High_Margin;0.2880597031246477;723.3;3.6115473638338034;0.33127034139803413
6201;Product_6201;Toys;Toys;BrandE;881.25;0.28;634.5;181;4.16;3394;Supplier_29;USA;Shanghai;16;8;0.28;1;2011;11.58;67.22;Black;Metal;5;106;2705;2307;0.22;446.13;197964.0;2375568.0;58840;26248;2611;0.184;236.25;0.24;59;7027.84;6628;782;0.62;53;29;153;44;3.43;37.04;0.07;0.617470157600858;0.5763134153981084;PRODUCT_6201;12;188.37;87699;5.063462371970651;Standard;0.2529087660143767;646.1;3.622349752683471;0.33126141176915036
2256;Product_2256;Beauty;Beauty;BrandA;941.94;0.23;725.29;532;4.02;3780;Supplier_46;India;Berlin;8;7;0.22;0;2014;1.72;79.97;Blue;Plastic;5;318;2416;7078;0.05;815.71;147233.87;1766806.44;37656;39096;2926;0.03;89.38;0.48;86;929.43;2533;2943;1.21;29;14;101;-91;3.75;5.19;0.18;0.5211049699900969;0.4842294595168398;PRODUCT_2256;12;-90.42000000000009;79678;1.1935675140095463;Standard;0.1425450223277817;565.0;4.121724624670343;0.3306681897576414
7030;Product_7030;Clothing;Toys;BrandA;964.29;0.45;530.36;534;4.41;350;Supplier_10;Germany;Berlin;7;13;0.05;0;2016;6.06;27.19;White;Metal;2;149;2826;8413;0.06;852.88;194111.76;2329341.12;6363;22468;24846;0.174;258.2;0.5;88;8429.53;3652;2351;1.04;31;21;38;57;1.65;45.78;0.17;0.5292510502199342;0.5554757171528444;PRODUCT_7030;12;-322.52;53677;1.5565057520121783;Standard;0.2335188687895901;687.4;4.474461881272009;0.3303704314724155
9862;Product_9862;Beauty;Toys;BrandB;386.65;0.31;266.79;822;4.21;3539;Supplier_43;UK;London;13;12;0.17;0;2025;23.11;57.53;Black;Plastic;5;148;722;9511;0.33;214.56;13339.5;160074.0;84920;39191;12842;0.119;102.33;0.41;97;5097.37;6521;2377;1.31;19;70;39;43;1.01;13.45;0.24;0.517907337842415;0.3389114037052132;PRODUCT_9862;12;52.23000000000002;136953;7.779268532589179;High_Margin;0.2673606764726387;283.5;3.777879511544458;0.33028793522161565
7091;Product_7091;Electronics;Home;BrandB;141.83;0.4;85.1;91;4.4;4563;Supplier_7;Germany;New York;2;4;0.21;1;2021;23.46;83.99;Green;Metal;1;169;1219;2768;0.22;98.72;22891.9;274702.8;73108;48432;9764;0.034;118.86;0.51;58;7148.52;9621;2516;1.41;44;100;13;92;3.87;34.78;0.16;0.5175372368597302;0.3572415381131263;PRODUCT_7091;12;-13.620000000000005;131304;5.140482285224852;Budget;0.2581991809092006;396.4;3.946813766678725;0.3301563075725939
6812;Product_6812;Toys;Beauty;BrandC;669.79;0.13;582.72;559;4.35;2106;Supplier_37;Germany;Berlin;16;5;0.01;1;2018;39.28;68.2;Black;Plastic;1;373;2141;4289;0.34;550.71;282619.2;3391430.4;825;34680;3573;0.176;94.74;0.4;64;4532.09;6936;4484;1.11;53;59;120;-36;3.45;38.44;0.18;0.5880293562916539;0.6711576548576956;PRODUCT_6812;12;32.00999999999999;39078;10.304081805466286;Standard;0.4952038463151434;576.5;12.516975046238542;0.3298662424938034
9190;Product_9190;Clothing;Beauty;BrandA;724.92;0.06;681.42;258;4.25;2502;Supplier_26;UK;New York;9;13;0.26;0;2022;9.52;79.39;White;Metal;4;157;2926;8673;0.45;555.52;249399.72;2992796.64;48689;3522;20940;0.037;272.13;0.53;54;6804.82;6613;1927;1.02;60;83;16;-43;1.14;3.51;0.22;0.6477511080045963;0.6473728849883593;PRODUCT_9190;12;125.89999999999998;73151;10.040454881688644;High_Margin;0.433974718692305;711.9;3.7395053466947363;0.3296003136061697
3805;Product_3805;Home;Electronics;BrandD;502.52;0.1;452.27;955;4.59;2710;Supplier_31;Germany;Berlin;1;14;0.28;0;2017;33.07;92.66;Blue;Plastic;0;3;134;5397;0.05;358.86;128896.95;1546763.4;42549;31096;28821;0.054;215.89;0.32;51;9348.08;1541;154;0.54;46;12;183;-96;2.76;34.01;0.15;0.5610252580899464;0.4981946952851209;PRODUCT_3805;12;93.40999999999995;102466;0.3353349018943737;Standard;0.2029541384552923;142.4;2.536683341759291;0.3288172591867567
763;Product_763;Beauty;Sports;BrandC;885.36;0.32;602.04;355;4.28;2309;Supplier_4;Germany;Berlin;13;10;0.23;1;2017;42.76;99.98;Blue;Plastic;1;148;1268;1036;0.32;740.98;167969.16;2015629.92;31922;24020;25729;0.09;13.1;0.53;66;7461.77;4942;1870;1.32;51;28;138;8;1.73;44.84;0.1;0.5479254530779096;0.5262084018604434;PRODUCT_763;11;-138.94000000000003;81671;7.470211298078964;High_Margin;0.3390967243072784;344.6;3.8640703461987465;0.32880780768838
7440;Product_7440;Sports;Clothing;BrandD;735.6;0.05;698.82;656;4.01;4750;Supplier_50;UK;Berlin;8;7;0.24;1;2023;39.99;26.74;Blue;Fabric;5;212;407;5729;0.46;461.22;219429.48;2633153.76;73891;18196;10916;0.07;130.09;0.84;50;3993.56;4093;1639;0.83;22;44;110;-56;1.49;26.4;0.24;0.6536827919113016;0.605538706895432;PRODUCT_7440;12;237.6;103003;10.58170029588834;High_Margin;0.3831124987919688;150.6;3.7977677899415907;0.32871068046946894
1601;Product_1601;Beauty;Home;BrandB;731.21;0.44;409.48;883;4.22;2054;Supplier_16;UK;New York;11;3;0.02;1;2022;0.41;42.11;Green;Metal;0;223;1239;1877;0.43;595.69;122434.52;1469214.24;40271;32584;954;0.118;294.4;0.75;71;6929.22;573;2463;1.08;43;11;97;-33;2.67;34.29;0.09;0.5214175191114181;0.4641780630507781;PRODUCT_1601;12;-186.21000000000004;73809;10.9787297309283;High_Margin;0.3995059338988049;363.7;4.014482065548453;0.32773526831689154
8693;Product_8693;Sports;Beauty;BrandD;463.12;0.1;416.81;876;4.36;4311;Supplier_14;Germany;London;14;4;0.15;0;2023;10.82;14.52;Red;Wood;0;436;219;111;0.44;377.14;206737.76;2480853.12;4498;45526;7242;0.157;157.89;0.22;80;2197.32;6956;2854;0.86;17;3;46;-42;3.21;9.05;0.21;0.532170513373576;0.5686809964004866;PRODUCT_8693;12;39.670000000000016;57266;13.494951624582386;Standard;0.5517888311111471;197.6;6.2002507346856355;0.32752860804818096
9048;Product_9048;Beauty;Home;BrandD;939.52;0.34;620.08;81;4.41;4996;Supplier_40;India;Mumbai;18;13;0.18;1;2022;29.19;66.2;White;Metal;0;0;2700;8663;0.39;774.21;177962.96;2135555.52;32755;24958;25415;0.012;265.51;0.54;89;7405.3;9076;1918;1.34;52;57;146;-83;4.31;39.07;0.22;0.5684214667754841;0.5488993222761966;PRODUCT_9048;12;-154.13;83128;0.0;High_Margin;0.2466563566292935;642.2;1.916392001221188;0.3271578610557645
2930;Product_2930;Electronics;Sports;BrandB;744.97;0.03;722.62;714;4.1;1740;Supplier_14;UK;Shanghai;15;2;0.17;0;2018;46.44;25.78;Green;Metal;2;532;1720;5938;0.48;575.14;301332.54;3615990.48;2793;49538;9533;0.193;25.43;0.12;91;3388.47;2734;1188;1.01;23;76;18;21;3.43;24.97;0.06;0.5877506368242673;0.6823120944881436;PRODUCT_2930;12;147.48000000000002;61864;14.740863284170748;Standard;0.5707882281091257;462.8;7.698705383128566;0.3264521441863634
3474;Product_3474;Toys;Sports;BrandC;282.88;0.12;248.93;295;4.33;1798;Supplier_23;India;Berlin;8;6;0.09;1;2017;39.05;19.72;Black;Wood;4;330;2482;7474;0.41;202.35;86378.71;1036544.52;40859;25828;16536;0.052;279.34;0.41;100;7425.24;450;4120;0.85;54;42;73;-71;2.13;5.26;0.07;0.5009806433977082;0.4215267107026544;PRODUCT_3474;12;46.58000000000001;83223;10.836126790900858;Standard;0.4278285203032382;683.3;4.179272372789657;0.3241640778439508
9795;Product_9795;Beauty;Clothing;BrandB;277.81;0.04;266.7;321;4.23;2368;Supplier_48;Germany;Mumbai;1;1;0.09;1;2019;28.83;82.54;Red;Wood;2;245;1015;5935;0.26;168.4;114414.3;1372971.6;71041;8728;11429;0.166;158.43;0.31;61;486.75;1244;1181;0.94;58;12;65;57;2.14;42.06;0.09;0.5770017011746864;0.4721510474578708;PRODUCT_9795;12;98.29999999999998;91198;7.059854384672669;High_Margin;0.3050891138129435;430.1;3.9187043405592323;0.3240265362549756
3005;Product_3005;Toys;Electronics;BrandA;201.27;0.33;134.85;666;4.51;3867;Supplier_13;India;Berlin;4;13;0.19;0;2023;3.85;89.75;Blue;Fabric;2;14;351;9859;0.4;177.59;60817.35;729808.2;75156;40893;7856;0.049;155.44;0.41;84;4711.39;155;2585;1.08;58;31;6;-58;2.18;24.8;0.22;0.5624239436085905;0.4181497227723803;PRODUCT_3005;12;-42.74000000000001;123905;5.124703368365018;High_Margin;0.3096750236396769;250.7;2.996041731406875;0.32333091880679443
6903;Product_6903;Toys;Beauty;BrandD;146.26;0.05;138.95;412;4.3;4677;Supplier_47;China;Shanghai;8;2;0.05;0;2013;10.05;78.46;Green;Metal;3;111;1101;2054;0.06;106.75;24872.05;298464.6;93247;34307;26923;0.188;218.84;0.5;53;8439.38;8790;3489;0.51;13;33;173;59;4.04;20.59;0.08;0.5514915346953162;0.3656751299517724;PRODUCT_6903;12;32.19999999999999;154477;1.4462387780474315;Budget;0.1296210574959814;429.6;3.680982612852547;0.3208486158905205
7945;Product_7945;Clothing;Clothing;BrandD;654.15;0.14;562.57;61;4.43;4387;Supplier_9;India;Berlin;1;14;0.19;1;2024;21.18;23.99;White;Metal;0;15;1919;3645;0.05;378.12;158082.17;1896986.04;47499;15821;27784;0.113;214.2;0.52;81;1705.87;2331;93;0.99;30;64;13;-23;4.59;15.7;0.19;0.5827444572839997;0.5314332071166455;PRODUCT_7945;12;184.45000000000005;91104;0.6835249113994121;Standard;0.1818410380143568;502.4;2.9476516281830554;0.320068892359591
3661;Product_3661;Home;Toys;BrandB;588.72;0.35;382.67;538;4.25;1565;Supplier_45;UK;Berlin;12;3;0.09;0;2025;24.2;99.63;Red;Fabric;3;82;2796;6743;0.2;324.82;168757.47;2025089.64;68383;47064;20443;0.192;35.43;0.6;100;4781.53;5696;1864;0.94;38;87;157;1;3.8;4.44;0.12;0.6191233319880329;0.5472624305963756;PRODUCT_3661;12;57.85000000000002;135890;4.4771693038195135;Standard;0.2458199061551614;742.3;3.6051844890277107;0.32003679425296083
8293;Product_8293;Electronics;Home;BrandD;581.7;0.29;413.01;269;4.15;1937;Supplier_30;UK;Shanghai;6;13;0.29;1;2025;27.37;63.56;Red;Plastic;5;120;2954;2728;0.17;345.72;102839.49;1234073.88;76820;35890;2910;0.124;267.44;0.44;83;7243.86;5503;1132;0.66;55;71;34;64;4.65;2.43;0.13;0.5723980904743053;0.4544335355374143;PRODUCT_8293;12;67.28999999999996;115620;3.802975578428396;Standard;0.1850935729973815;732.4;3.671755426778139;0.318859552443921
202;Product_202;Home;Sports;BrandC;768.92;0.39;469.04;151;4.15;1815;Supplier_15;Germany;Mumbai;11;13;0.19;1;2010;36.75;45.61;White;Fabric;5;182;2096;9280;0.49;458.78;115852.88;1390234.56;50297;16923;12856;0.123;207.44;0.52;60;7048.35;567;1963;0.71;52;35;116;98;3.03;16.82;0.25;0.5303209183296635;0.4565794790251626;PRODUCT_202;11;10.260000000000048;80076;11.896489373094802;High_Margin;0.3985015999505151;530.4;3.8110867449705945;0.3187124960908773
2822;Product_2822;Beauty;Toys;BrandB;449.91;0.37;283.44;520;4.28;1257;Supplier_13;USA;London;18;8;0.23;1;2022;35.3;36.78;Red;Metal;0;95;2641;4656;0.15;293.3;76812.24;921746.88;71881;14364;2098;0.17;140.61;0.28;67;4030.24;7212;2896;0.58;59;81;126;82;4.82;11.31;0.12;0.55096464020918;0.4236647767854143;PRODUCT_2822;12;-9.860000000000014;88343;3.42846450053915;Standard;0.192424887570895;708.7;3.5777053315947165;0.3173291103928322
1721;Product_1721;Home;Sports;BrandD;547.42;0.4;328.45;494;4.27;1231;Supplier_37;India;London;8;11;0.2;0;2020;16.96;83.33;Green;Fabric;3;150;1352;8475;0.43;331.84;108388.5;1300662.0;54687;16472;11367;0.163;172.79;0.39;60;3500.33;3748;3275;0.73;27;12;80;72;1.26;24.67;0.14;0.5424060358819135;0.4565335753871402;PRODUCT_1721;12;-3.3899999999999864;82526;10.71382059224115;High_Margin;0.3878893597199006;443.1;3.7751529426437562;0.3153693244810977
1594;Product_1594;Home;Home;BrandE;668.61;0.43;381.11;965;4.42;2619;Supplier_9;China;Mumbai;6;1;0.21;0;2014;38.81;23.33;White;Plastic;5;80;1661;7634;0.07;457.23;190555.0;2286660.0;33960;26233;26102;0.057;153.96;0.76;62;7269.69;6157;4604;1.19;20;87;145;-78;3.92;21.78;0.23;0.5822532058295199;0.5677397425711121;PRODUCT_1594;12;-76.12;86295;1.4371421948576248;Standard;0.2212086076456908;430.8;3.680273183659317;0.31497538183460977
4190;Product_4190;Beauty;Toys;BrandC;934.49;0.02;915.8;317;4.11;2391;Supplier_2;China;Berlin;14;7;0.05;0;2013;8.85;57.38;Red;Plastic;2;109;1431;504;0.07;489.45;97074.8;1164897.6;53087;45611;29768;0.099;54.35;0.89;68;9365.26;1986;2804;0.94;13;14;33;2;1.02;21.69;0.13;0.5168624572635578;0.4296304108195614;PRODUCT_4190;12;426.35;128466;1.4862086931610878;Standard;0.1125835205747141;360.9;3.696027058819086;0.3145467006947284
2986;Product_2986;Toys;Home;BrandB;356.1;0.37;224.34;247;4.19;4016;Supplier_36;USA;London;17;5;0.01;1;2010;13.94;4.06;White;Plastic;0;70;2387;5414;0.17;271.04;31183.26;374199.12;95850;11291;3159;0.102;120.49;0.31;86;3592.25;4698;3223;1.33;52;13;160;-55;2.22;11.13;0.23;0.5532218172174298;0.3689569033608335;PRODUCT_2986;12;-46.70000000000002;110300;3.346010177811016;Standard;0.1498526504133094;609.6;3.404631679559354;0.31376795314464534
5595;Product_5595;Sports;Sports;BrandB;585.98;0.08;539.1;966;4.06;1733;Supplier_42;Germany;New York;7;7;0.07;1;2013;43.18;58.8;Blue;Plastic;4;88;1962;2683;0.05;460.09;68465.7;821588.4;92948;18592;13831;0.189;279.55;0.16;99;8975.97;9690;3294;0.61;24;60;184;38;3.31;7.1;0.08;0.5684646602292908;0.4106421670260034;PRODUCT_5595;12;79.01000000000005;125371;1.0834086946531374;Standard;0.0738057984805993;534.3;3.4594597120706756;0.31358605377356774
4024;Product_4024;Electronics;Beauty;BrandE;198.2;0.34;130.81;501;4.36;136;Supplier_9;China;New York;17;10;0.2;1;2020;3.72;96.04;Black;Metal;4;180;2316;2571;0.23;170.11;49707.8;596493.6;63854;33320;23117;0.13;128.15;0.72;80;6756.24;1211;2073;1.17;15;76;20;-69;4.37;13.11;0.2;0.5184456543449842;0.3863478379652545;PRODUCT_4024;12;-39.30000000000001;120291;5.8907496899373095;Budget;0.2746730711912122;663.5;3.9277618907786396;0.31274977011052174
3501;Product_3501;Beauty;Clothing;BrandC;357.99;0.09;325.77;300;4.26;2160;Supplier_11;UK;London;13;11;0.28;1;2024;38.47;38.01;Blue;Fabric;3;439;1430;8831;0.15;316.39;152786.13;1833433.56;18995;8849;1496;0.022;22.76;0.82;77;877.24;4892;2934;1.4;29;69;35;-22;3.29;18.66;0.18;0.5076606985268417;0.4960975227799608;PRODUCT_3501;12;9.379999999999995;29340;3.975016929607897;Standard;0.2946605340935063;404.3;4.231881778103696;0.30975789749801985
8026;Product_8026;Electronics;Clothing;BrandA;356.75;0.05;338.91;655;4.54;783;Supplier_41;UK;Mumbai;6;5;0.18;0;2015;48.35;12.18;Black;Metal;1;111;2343;9946;0.44;187.3;94555.89;1134670.68;33445;24854;11970;0.04;285.28;0.39;98;902.87;6393;924;0.87;24;52;54;92;3.22;46.9;0.05;0.5098478648429032;0.4418672836501545;PRODUCT_8026;12;151.61;70269;9.802700279111043;High_Margin;0.4309814305545552;632.4;3.8520256510744737;0.30859114588532005
310;Product_310;Sports;Home;BrandB;537.36;0.48;279.43;151;4.54;16;Supplier_44;India;Berlin;6;1;0.25;0;2011;16.73;5.37;Blue;Metal;3;28;2352;3887;0.24;335.76;120993.19;1451918.28;32256;10839;17113;0.192;218.33;0.69;53;3500.43;2148;2500;1.15;17;100;40;63;4.09;45.59;0.19;0.5297693533388915;0.4778478258812066;PRODUCT_310;11;-56.329999999999984;60208;4.373454599333089;Standard;0.2966752338682772;673.4;3.2301244331850656;0.3075629318374033
6993;Product_6993;Clothing;Sports;BrandE;305.97;0.27;223.36;502;4.13;278;Supplier_1;USA;London;5;12;0.11;1;2018;10.59;29.77;Blue;Fabric;0;154;2555;1307;0.3;185.71;15635.2;187622.4;90807;20336;17042;0.091;186.81;0.79;93;7865.47;4927;367;1.14;18;61;8;94;1.06;19.75;0.17;0.5252195256550698;0.3405104850529909;PRODUCT_6993;12;37.650000000000006;128185;6.817444858370473;High_Margin;0.227774700296312;655.2;3.7141595453746343;0.30640614190523985
5604;Product_5604;Sports;Clothing;BrandB;507.6;0.41;299.48;359;4.11;1992;Supplier_4;Germany;Berlin;10;11;0.21;1;2014;42.77;73.7;Black;Fabric;1;130;2501;3681;0.48;412.91;93437.76;1121253.12;80727;24812;2825;0.181;299.88;0.78;74;7672.87;7085;1309;1.32;45;51;81;27;4.57;31.61;0.06;0.5690829096476138;0.4411688142716427;PRODUCT_5604;12;-113.43;108364;11.358609138748465;High_Margin;0.3586284002829443;662.0;3.655550308125209;0.30562098725067693
1035;Product_1035;Home;Sports;BrandC;371.82;0.4;223.09;764;4.45;1414;Supplier_11;Germany;New York;20;13;0.0;0;2011;32.04;25.99;Red;Wood;0;89;2527;1063;0.36;261.04;78081.5;936978.0;47609;1310;3956;0.169;163.87;0.84;94;9356.67;3292;2647;0.56;42;75;172;100;2.94;12.47;0.11;0.5170839774961759;0.4217410805374203;PRODUCT_1035;12;-37.95000000000002;52875;8.42696456239496;High_Margin;0.3583636699384128;697.7;3.585427029299113;0.30468369035187504
6116;Product_6116;Beauty;Electronics;BrandA;423.83;0.17;351.78;557;4.31;2477;Supplier_33;Germany;Shanghai;17;12;0.23;1;2023;38.7;25.35;Black;Fabric;0;23;2883;7171;0.38;361.49;53822.34;645868.08;75787;7775;26888;0.042;71.69;0.68;73;4332.41;4490;1545;0.63;20;49;140;-94;4.37;25.49;0.19;0.5417858465795057;0.396019549944049;PRODUCT_6116;12;-9.710000000000036;110450;5.423627259004308;High_Margin;0.2583732011550397;728.6;3.015739562936017;0.3046668170168372
1093;Product_1093;Sports;Beauty;BrandD;313.26;0.19;253.74;239;4.27;4465;Supplier_10;Germany;Mumbai;3;10;0.28;1;2021;15.37;16.5;Red;Metal;1;192;1227;6602;0.28;233.1;126362.52;1516350.24;61580;43714;28044;0.167;125.31;0.9;55;8665.3;8127;3255;0.64;10;33;42;-100;3.77;19.16;0.19;0.5713551781999942;0.4856173079898083;PRODUCT_1093;12;20.64000000000001;133338;7.342848478960413;High_Margin;0.3181027526621354;416.0;3.9550507426616623;0.3044964556559012
5003;Product_5003;Electronics;Electronics;BrandD;836.94;0.03;811.83;230;4.13;4305;Supplier_6;Germany;Mumbai;17;11;0.24;1;2025;38.17;97.81;Green;Plastic;2;208;2148;8195;0.33;554.69;209452.14;2513425.68;34665;12336;7968;0.193;256.7;0.2;53;5406.68;3040;3005;0.54;55;26;64;-62;1.38;37.11;0.08;0.5764031425850117;0.575831376496542;PRODUCT_5003;12;257.14;54969;8.68631335093939;High_Margin;0.350572959913213;531.5;3.8601063533172963;0.3017375788108354
2686;Product_2686;Home;Beauty;BrandA;790.82;0.34;521.94;558;4.11;26;Supplier_29;USA;New York;4;13;0.02;1;2022;26.83;46.67;Red;Metal;5;109;1662;2857;0.47;546.34;141445.74;1697348.88;56513;26494;21519;0.14;44.78;0.86;65;1445.19;5962;4614;1.3;52;2;102;68;4.84;40.49;0.19;0.5611423440715261;0.4932716345725209;PRODUCT_2686;12;-24.399999999999977;104526;10.351106431765382;High_Margin;0.3556258259630155;436.3;3.6179546434415224;0.2972292466189264
3020;Product_3020;Home;Beauty;BrandB;131.02;0.41;77.3;478;4.18;4331;Supplier_28;Germany;Shanghai;15;14;0.26;1;2020;33.34;28.06;Blue;Fabric;3;282;566;5781;0.18;73.79;31074.6;372895.2;71058;19737;10950;0.024;291.35;0.65;63;7347.55;1035;848;1.15;22;12;7;30;3.78;15.71;0.13;0.5027387238627292;0.3532886554603027;PRODUCT_3020;12;3.509999999999991;101745;4.349577467685655;Standard;0.2074173611886788;228.5;3.985730561809976;0.2971273429433283
5828;Product_5828;Home;Sports;BrandB;602.61;0.07;560.43;401;4.04;3548;Supplier_48;USA;Shanghai;3;6;0.14;1;2025;49.28;43.75;Black;Wood;3;222;2070;9631;0.14;440.44;133382.34;1600588.08;62670;12023;17086;0.18;99.79;0.48;67;4864.7;8365;2245;1.32;29;27;175;60;1.08;21.86;0.08;0.5610567188253002;0.4812946711450561;PRODUCT_5828;12;119.98999999999997;91779;3.608789697646656;Standard;0.1801343002141586;530.4;3.8172379442630007;0.2962824478738899
8882;Product_8882;Clothing;Home;BrandE;878.11;0.03;851.77;35;4.05;1348;Supplier_30;Germany;Shanghai;1;4;0.07;0;2013;6.67;81.48;Green;Wood;4;53;1961;9905;0.26;691.81;240199.14;2882389.68;66652;15591;21995;0.088;102.52;0.73;94;2017.46;535;769;1.21;44;32;29;17;2.53;3.99;0.09;0.6599218145038876;0.6325822181285765;PRODUCT_8882;12;159.96000000000004;104238;4.570035418723013;High_Margin;0.2324776617658261;480.8;3.2623769109500214;0.2945670225427618
6796;Product_6796;Toys;Electronics;BrandB;197.02;0.26;145.79;394;4.22;4179;Supplier_19;China;Mumbai;15;4;0.03;0;2022;2.91;18.79;Green;Metal;3;113;1683;175;0.46;115.44;42716.47;512597.64;87149;33779;18823;0.15;263.71;0.18;68;5160.41;1001;2796;1.13;54;60;123;-41;1.41;2.05;0.14;0.5479454616135242;0.3816632129144341;PRODUCT_6796;12;30.349999999999994;139751;10.572994692226905;High_Margin;0.3464256157187552;542.5;3.6599994885959997;0.29357960036052033
8352;Product_8352;Toys;Clothing;BrandB;554.76;0.21;438.26;977;4.05;1251;Supplier_19;USA;Berlin;15;11;0.03;1;2011;34.73;93.32;Blue;Metal;0;421;1598;1944;0.43;349.81;161717.94;1940615.28;29167;13429;19709;0.112;196.78;0.27;99;9423.96;3128;3550;0.63;21;70;89;54;4.32;31.24;0.17;0.5187417264746977;0.5011586787945872;PRODUCT_8352;12;88.44999999999999;62305;11.706442950885812;Standard;0.4229410815448934;447.9;4.130085644659902;0.29347633171968884
6564;Product_6564;Home;Clothing;BrandC;724.73;0.2;579.78;496;4.28;721;Supplier_32;USA;London;7;8;0.08;0;2010;39.04;61.53;White;Fabric;0;93;1869;3882;0.16;499.83;242348.04;2908176.48;37226;11453;29389;0.13;75.96;0.75;59;9433.28;8492;3918;0.93;6;41;62;-14;3.13;30.89;0.14;0.6212735811232846;0.6326265675555488;PRODUCT_6564;12;79.94999999999999;78068;3.515710541595304;Standard;0.2609420703456491;491.6;3.5908501753052513;0.2931452048001455
991;Product_991;Toys;Clothing;BrandB;913.87;0.3;639.71;422;4.08;179;Supplier_35;China;London;14;10;0.09;0;2020;1.92;12.07;Blue;Wood;2;367;2446;1012;0.34;618.87;206626.33;2479515.96;3367;35117;16753;0.086;76.81;0.88;79;2057.63;8589;4433;1.07;59;18;16;-34;2.95;29.45;0.18;0.5074141828905927;0.5499276336461506;PRODUCT_991;11;20.840000000000032;55237;8.900522219885145;Standard;0.374186818088578;585.9;6.081185061219459;0.2922120650491441
9863;Product_9863;Sports;Electronics;BrandA;344.11;0.25;258.08;600;4.56;2898;Supplier_33;USA;Shanghai;4;5;0.02;0;2020;45.9;66.56;Green;Metal;0;9;1853;2017;0.39;258.58;113813.28;1365759.36;40223;10165;28743;0.051;52.26;0.13;60;2596.71;3803;1646;1.42;60;16;105;-9;4.17;16.25;0.21;0.5412494944109743;0.4739432786483011;PRODUCT_9863;12;-0.5;79131;4.303758113179022;High_Margin;0.3273465195823692;526.2;2.7955772587375334;0.2904391471205129
5181;Product_5181;Toys;Beauty;BrandE;743.5;0.12;654.28;311;4.23;933;Supplier_17;India;New York;2;1;0.2;1;2023;8.63;11.5;Black;Wood;0;67;1782;1290;0.08;541.35;157027.2;1884326.4;45546;16960;22073;0.146;29.04;0.67;99;8362.94;2108;2848;1.39;32;33;92;-79;4.69;2.7;0.2;0.5619480047914711;0.5159969697979282;PRODUCT_5181;12;112.92999999999996;84579;1.636352092916607;Standard;0.1626827086728181;472.7;3.4542772400645587;0.28880887333133654
4074;Product_4074;Clothing;Toys;BrandD;472.58;0.42;274.1;965;4.38;1722;Supplier_49;USA;Shanghai;18;1;0.07;0;2010;0.73;62.38;Black;Wood;3;45;1659;242;0.17;353.88;129649.3;1555791.6;49204;42202;8608;0.129;285.28;0.26;78;3036.13;40;3499;1.48;9;64;19;-21;3.88;23.43;0.07;0.5581718616221306;0.4897925298542702;PRODUCT_4074;12;-79.77999999999997;100014;3.218560407339306;Standard;0.2297356918431252;475.0;3.45499545787212;0.2882546451183573
8098;Product_8098;Electronics;Home;BrandD;990.6502;0.1;896.87;431;4.08;1862;Supplier_7;UK;Shanghai;17;7;0.21;0;2010;16.64;66.62;White;Metal;0;1;1536;890;0.41;808.24;226908.11;2722897.32;57972;26350;25838;0.078;250.92;0.23;70;7620.56;8030;4988;0.99;55;96;83;-90;3.73;6.58;0.14;0.6337482350058437;0.6108459512702051;PRODUCT_8098;12;88.63;110160;1.2499373387246493;High_Margin;0.2065559010037274;378.5;2.00016482682275;0.28692562537530975
6215;Product_6215;Electronics;Electronics;BrandB;764.06;0.34;504.28;318;4.42;2582;Supplier_25;USA;Berlin;5;12;0.21;1;2012;8.82;68.21;Red;Fabric;2;80;1354;4500;0.33;641.11;198182.04;2378184.48;11559;24120;438;0.134;156.62;0.53;78;8730.09;4588;1639;1.1;59;20;177;50;3.72;21.61;0.19;0.543877887770209;0.5648831913761552;PRODUCT_6215;12;-136.83000000000004;36117;7.268649170963919;High_Margin;0.3718796614299189;388.7;3.94311680175997;0.28594016089948865
6272;Product_6272;Toys;Electronics;BrandC;749.92;0.09;682.43;419;4.17;4476;Supplier_12;India;Shanghai;3;13;0.21;1;2020;42.65;63.29;White;Wood;4;155;1547;1202;0.2;645.34;180843.95;2170127.4;37289;14538;8111;0.069;269.89;0.5;94;9652.95;1314;3468;0.99;26;1;117;-37;1.24;34.8;0.18;0.5607209403592326;0.5402588439184336;PRODUCT_6272;12;37.08999999999992;59938;4.502178923839296;Standard;0.2453895086649553;391.9;3.7659171407581646;0.28590686661165865
3185;Product_3185;Sports;Beauty;BrandE;488.48;0.46;263.78;150;4.17;200;Supplier_13;Germany;Berlin;19;7;0.1;1;2019;29.46;79.33;Green;Plastic;1;293;1886;6175;0.17;245.44;130834.88;1570018.56;34747;21165;13498;0.017;86.57;0.32;88;8736.22;4344;1255;0.59;59;48;162;-76;1.28;1.1;0.09;0.5134535598256276;0.4693225721707534;PRODUCT_3185;12;18.33999999999997;69410;4.09758422191652;Standard;0.2403716652933633;484.2;4.063255373709582;0.2850626745823425
9076;Product_9076;Toys;Home;BrandB;794.76;0.19;643.76;567;4.23;4144;Supplier_9;UK;London;15;1;0.12;0;2019;21.81;5.64;Black;Metal;3;150;2690;5227;0.14;407.66;249778.88;2997346.56;24585;14976;22388;0.036;94.86;0.25;86;8647.44;9403;3696;1.27;11;38;130;-32;3.99;33.26;0.09;0.5982556969316323;0.6321545761433223;PRODUCT_9076;12;236.1;61949;3.078197511658824;Standard;0.2514728582909774;653.7;3.8207423191066896;0.28430427247571766
7394;Product_7394;Electronics;Electronics;BrandC;477.73;0.04;458.62;896;4.31;2715;Supplier_10;India;Mumbai;10;9;0.25;1;2011;32.38;89.05;Green;Plastic;3;41;197;2634;0.31;319.47;76130.92;913571.04;56812;39718;7403;0.051;167.02;0.85;90;189.05;9071;2520;1.16;60;67;72;21;3.78;49.42;0.07;0.5226474258568272;0.4155963720024194;PRODUCT_7394;12;139.14999999999998;103933;5.248589296214816;High_Margin;0.2525303865477496;146.6;3.358890420009257;0.28183516202629433
5736;Product_5736;Sports;Electronics;BrandD;564.0;0.02;552.72;690;4.14;2780;Supplier_32;India;New York;9;12;0.06;0;2011;4.59;58.7;Red;Metal;0;352;2159;5065;0.46;465.23;155867.04;1870404.48;20595;41847;21291;0.066;131.83;0.28;95;2840.94;2798;2439;1.01;60;43;78;34;1.38;33.58;0.24;0.5038599241677133;0.4936538623017366;PRODUCT_5736;12;87.49000000000001;83733;11.90946048428694;Standard;0.4393405271280178;550.9;4.4089674121396705;0.2808646926637483
2717;Product_2717;Home;Clothing;BrandC;433.37;0.03;420.37;614;4.2;1956;Supplier_14;UK;London;17;13;0.19;1;2014;28.47;60.63;Blue;Plastic;4;80;513;6928;0.38;257.76;130735.07;1568820.84;69520;20119;4373;0.188;200.25;0.76;86;7621.62;8400;4498;0.96;3;55;91;-81;1.68;22.85;0.17;0.5853258036209629;0.4919709694154448;PRODUCT_2717;12;162.61;94012;8.33208653081837;High_Margin;0.3171993266105301;261.3;3.495659408704419;0.2802871259199716
6379;Product_6379;Electronics;Sports;BrandE;248.84;0.49;126.91;208;4.06;1245;Supplier_50;China;Shanghai;13;2;0.3;1;2023;43.67;60.45;Black;Metal;1;250;673;2768;0.15;164.93;57363.32;688359.84;74527;26968;3700;0.067;41.26;0.63;70;2585.12;7808;903;1.11;6;79;154;-16;4.91;41.93;0.07;0.5222522828355893;0.3841781931223933;PRODUCT_6379;12;-38.02000000000001;105195;3.5904558962066493;Standard;0.1627190797007286;251.7;3.906552262641322;0.27640191588215746
600;Product_600;Electronics;Home;BrandA;847.95;0.15;720.76;70;4.07;375;Supplier_41;UK;London;6;1;0.13;1;2014;35.09;54.14;Red;Wood;0;114;21;8775;0.15;582.25;172982.4;2075788.8;45804;42421;11319;0.119;207.88;0.73;87;5939.09;7211;897;1.14;28;86;47;-97;4.84;24.58;0.07;0.5631222829620425;0.5280570534945681;PRODUCT_600;11;138.51;99544;3.2414980110252904;Standard;0.1782829200758213;55.4;3.711201215680293;0.2749177074443806
7399;Product_7399;Home;Clothing;BrandB;948.15;0.23;730.08;582;4.19;3715;Supplier_25;Germany;Shanghai;1;9;0.23;1;2021;11.92;10.06;White;Fabric;4;106;544;7113;0.37;500.54;304443.36;3653320.32;19192;10843;15024;0.123;155.43;0.81;81;7837.01;2064;2967;1.09;10;34;69;49;3.91;30.36;0.07;0.6303775318966208;0.7022306801553325;PRODUCT_7399;12;229.54;45059;8.135333786740448;High_Margin;0.383201439622937;173.8;3.658126531700561;0.27176122179945983
4427;Product_4427;Toys;Toys;BrandB;438.32;0.14;376.96;859;4.06;4930;Supplier_36;USA;New York;18;13;0.18;0;2015;23.27;69.45;Red;Wood;3;190;437;6417;0.17;310.77;121381.12;1456573.44;66729;38751;3801;0.056;270.44;0.62;59;2599.18;577;279;0.81;1;99;84;63;1.34;41.08;0.19;0.5606529154915488;0.4683531622108451;PRODUCT_4427;12;66.19;109281;3.8281257907599;Standard;0.1840878689253948;170.3;3.841053776199994;0.27161354829559026
6878;Product_6878;Sports;Home;BrandA;701.9;0.48;364.99;140;4.34;3182;Supplier_28;UK;London;3;12;0.19;0;2022;48.99;4.58;Blue;Metal;2;19;2144;2113;0.32;364.71;125921.55;1511058.6;32088;23660;16791;0.017;264.6;0.42;99;7859.86;3531;2867;0.6;52;11;132;26;4.15;26.2;0.12;0.5175903713662248;0.4717874023494847;PRODUCT_6878;12;0.2800000000000295;72539;4.2312010221974825;High_Margin;0.2618992045193031;542.5;3.08176236840938;0.2712023557444818
4439;Product_4439;Toys;Electronics;BrandD;637.78;0.22;497.47;782;4.23;1617;Supplier_41;Germany;Shanghai;5;8;0.09;1;2021;32.09;56.31;Green;Wood;1;307;382;652;0.38;395.19;197495.59;2369947.08;3471;6492;16770;0.063;186.38;0.86;95;5682.39;6856;729;1.19;48;42;38;84;4.99;30.02;0.16;0.5119204408804054;0.5469168947165483;PRODUCT_4439;12;102.28000000000004;26733;9.790827821794284;Standard;0.419060296653176;160.7;4.358110786136708;0.27031366672733104
3240;Product_3240;Beauty;Toys;BrandB;270.07;0.4;162.04;381;4.34;1134;Supplier_38;China;Mumbai;5;10;0.18;1;2012;38.8;87.85;Blue;Fabric;5;99;1275;721;0.23;194.86;65464.16;785569.92;52997;18;22822;0.148;252.13;0.21;62;1378.32;5119;4445;0.52;47;8;176;100;2.99;38.71;0.07;0.5084188761054258;0.4004219381849541;PRODUCT_3240;12;-32.82000000000002;75837;5.277219249842004;Budget;0.2501702085071116;438.0;3.5781360027685407;0.26855534086215394
8752;Product_8752;Toys;Electronics;BrandE;247.28;0.16;207.72;776;4.11;3614;Supplier_32;USA;New York;2;4;0.22;0;2010;0.83;21.49;Blue;Wood;4;94;2016;6527;0.08;198.97;18487.08;221844.96;89399;8779;22229;0.012;83.21;0.49;71;8612.49;5001;777;1.22;36;99;56;-61;3.2;34.68;0.09;0.5232086621054377;0.3423438681714676;PRODUCT_8752;12;8.75;120407;1.515282498621757;Budget;0.0812258123847517;542.6;3.4851907973565557;0.2665946065331413
6694;Product_6694;Beauty;Sports;BrandD;691.65;0.01;684.73;422;4.35;964;Supplier_44;UK;London;19;2;0.11;1;2014;3.89;71.25;White;Wood;3;35;2067;8602;0.09;612.31;185561.83;2226741.96;25577;26325;15397;0.161;266.2;0.12;67;1081.01;7011;25;1.02;28;95;122;57;4.17;30.66;0.07;0.5556729549247453;0.5512988423804266;PRODUCT_6694;12;72.42000000000007;67299;1.6288222383748632;Standard;0.199950465016316;550.2;3.3792565803478425;0.26499434519919507
9263;Product_9263;Beauty;Home;BrandE;551.91;0.31;380.82;368;4.24;926;Supplier_32;India;New York;4;6;0.01;0;2016;46.91;78.48;White;Wood;5;131;1014;5465;0.32;356.22;128336.34;1540036.08;36752;30022;27221;0.083;170.63;0.53;53;8983.35;3076;549;1.09;24;3;140;79;4.29;24.12;0.22;0.5209566445609042;0.4715378663723412;PRODUCT_9263;12;24.59999999999997;93995;7.174859457396098;High_Margin;0.3053936506804277;346.8;3.8124969118294985;0.2642496079617857
305;Product_305;Clothing;Home;BrandD;226.07;0.12;198.94;792;4.43;1788;Supplier_40;USA;Shanghai;8;1;0.15;0;2020;49.51;79.76;Green;Plastic;1;81;928;9319;0.2;113.07;85942.08;1031304.96;43697;373;25336;0.1;111.61;0.51;82;9429.02;5212;2494;0.65;34;14;186;-9;2.14;32.5;0.16;0.5142891978061668;0.4290237389673061;PRODUCT_305;11;85.87;69406;4.294788578383741;Budget;0.2555691207052384;362.8;3.536394909927053;0.26337020793355637
9361;Product_9361;Sports;Home;BrandE;570.47;0.2;456.38;188;4.36;4469;Supplier_33;Germany;Berlin;18;7;0.02;0;2014;19.77;92.84;White;Wood;1;209;2766;4413;0.25;346.04;212673.08;2552076.96;3067;13231;9395;0.074;135.92;0.53;83;8352.05;306;9;0.59;11;11;64;36;3.34;45.62;0.07;0.5343145225451137;0.5760602845004822;PRODUCT_9361;12;110.33999999999996;25693;6.259644901909713;Standard;0.354945004817924;693.8;4.745640534295465;0.2632127622829006
7007;Product_7007;Home;Electronics;BrandA;703.96;0.34;464.61;655;4.33;2950;Supplier_28;China;Shanghai;10;11;0.16;0;2010;39.23;99.73;Red;Wood;0;51;1619;4340;0.09;447.49;164936.55;1979238.6;23635;17408;16631;0.063;283.47;0.31;70;2312.68;2380;2187;1.17;53;86;75;-14;1.5;47.9;0.13;0.5327909620544706;0.5202262991318306;PRODUCT_7007;12;17.120000000000005;57674;1.6368070567904467;Standard;0.190083737486563;421.7;3.4598044474494953;0.2627024336757364
4734;Product_4734;Clothing;Toys;BrandB;421.21;0.23;324.33;751;4.37;2310;Supplier_13;China;Mumbai;1;14;0.23;0;2023;41.35;54.9;Black;Fabric;0;94;1470;592;0.11;337.31;135894.27;1630731.24;31791;35260;9151;0.123;228.22;0.44;91;7245.92;5510;34;0.61;22;28;140;0;3.96;13.11;0.17;0.5278082650467363;0.4873709627460562;PRODUCT_4734;12;-12.980000000000018;76202;2.458301602272843;Standard;0.2144342896624248;434.0;3.791374543246489;0.25865438893395026
9998;Product_9998;Beauty;Clothing;BrandD;402.81;0.23;310.16;898;4.31;405;Supplier_48;UK;Shanghai;14;8;0.11;0;2017;36.38;7.37;Red;Metal;0;157;1588;4336;0.1;319.47;151047.92;1812575.04;28868;34665;5520;0.183;265.43;0.27;91;3150.71;1817;3188;0.73;56;17;79;-7;1.38;26.66;0.22;0.5299434818736733;0.5028096366984284;PRODUCT_9998;12;-9.310000000000002;69053;2.5812805172745588;Standard;0.2175510592519662;480.6;3.9892001304340097;0.2535546740786145
4258;Product_4258;Clothing;Sports;BrandE;782.82;0.34;516.66;16;4.2;4770;Supplier_20;India;Mumbai;10;6;0.07;0;2016;9.55;55.14;Green;Fabric;4;91;412;1591;0.29;495.84;200980.74;2411768.88;23191;22836;628;0.194;260.15;0.89;89;3656.62;1176;766;0.97;32;45;131;47;3.45;16.64;0.19;0.5519060795122658;0.5616679362876481;PRODUCT_4258;12;20.819999999999997;46655;6.576000953293803;High_Margin;0.3000663627199524;201.9;3.685653898328564;0.24972179221648141
4927;Product_4927;Sports;Toys;BrandD;534.04;0.13;464.61;418;4.15;147;Supplier_36;China;Mumbai;8;14;0.06;1;2023;18.76;80.63;Green;Fabric;4;87;1573;7341;0.27;441.11;210468.33;2525619.96;51541;17561;20559;0.051;17.27;0.68;82;9578.35;971;1476;0.76;54;96;186;83;3.05;46.99;0.2;0.6126173617445535;0.5886489318008779;PRODUCT_4927;12;23.5;89661;5.272715551554596;High_Margin;0.2658525737718219;424.0;3.5190785336335835;0.24834066476074568
7233;Product_7233;Toys;Sports;BrandB;990.6502;0.11;883.23;112;4.01;621;Supplier_37;USA;London;18;2;0.17;0;2025;18.08;77.46;Blue;Metal;4;95;251;25;0.35;676.01;306480.81;3677769.72;30967;18154;24946;0.04;183.15;0.88;58;4873.68;5320;1968;0.71;51;53;186;-27;3.87;22.66;0.18;0.6412496526682734;0.7006046495202349;PRODUCT_7233;12;207.22000000000003;74067;6.662305194194111;High_Margin;0.3092004945470928;100.1;3.5469866689725773;0.24424638874947588
9383;Product_9383;Electronics;Clothing;BrandB;529.13;0.1;476.22;14;4.03;3506;Supplier_45;China;London;17;11;0.27;1;2011;40.38;70.14;White;Wood;2;17;2711;563;0.43;343.65;169534.32;2034411.84;79968;9400;16618;0.105;135.91;0.29;85;5702.55;9804;867;1.08;41;77;79;-72;4.61;1.43;0.15;0.6253520804760675;0.5412127140765939;PRODUCT_9383;12;132.57000000000005;105986;5.534641367280382;High_Margin;0.2449681767543266;689.0;2.79165810691997;0.24388939565907725
6844;Product_6844;Toys;Beauty;BrandB;152.07;0.04;145.99;741;4.18;1100;Supplier_48;Germany;Mumbai;4;11;0.03;1;2019;47.47;91.79;White;Wood;3;7;571;2458;0.1;85.21;46132.84;553594.08;90530;10498;29836;0.065;191.88;0.25;84;7621.8;7914;1816;0.65;21;87;79;-17;4.35;32.24;0.12;0.5543901819250285;0.3858739195165981;PRODUCT_6844;12;60.780000000000015;130864;0.9257049911096124;Budget;0.0877563830533932;229.6;2.5269689286127273;0.24355471128328499
8241;Product_8241;Home;Beauty;BrandD;523.46;0.07;486.82;276;4.08;4562;Supplier_17;Germany;Mumbai;19;4;0.23;0;2019;38.82;40.68;Red;Fabric;2;228;1204;1910;0.39;429.63;225397.66;2704771.92;35518;45268;28211;0.07;283.75;0.71;80;9669.31;1491;4469;1.07;13;92;40;-70;1.13;33.15;0.15;0.5875594342086965;0.5952750782492239;PRODUCT_8241;12;57.19;108997;9.251368143699397;High_Margin;0.370288354626447;344.0;4.060390541384532;0.24246700740511304
2132;Product_2132;Home;Clothing;BrandE;448.97;0.07;417.54;485;4.04;2459;Supplier_8;Germany;London;16;6;0.09;1;2022;29.83;7.78;Black;Fabric;2;84;2857;829;0.47;395.34;187893.0;2254716.0;71461;2302;18325;0.084;212.86;0.21;93;3164.88;105;2696;1.22;37;88;30;79;2.49;17.42;0.11;0.6246210625593238;0.5622289551196964;PRODUCT_2132;12;22.200000000000045;92088;9.144305527113014;High_Margin;0.332679935193601;720.7;3.399503177621665;0.23974345853780132
359;Product_359;Sports;Home;BrandC;741.1;0.48;385.37;406;4.3;3324;Supplier_25;UK;London;4;3;0.29;1;2020;20.37;89.48;White;Plastic;3;84;864;1571;0.12;563.42;184977.6;2219731.2;7645;20635;24295;0.056;143.62;0.13;78;6521.32;4993;200;0.56;51;30;188;-77;1.01;3.59;0.19;0.5153107768950029;0.5365271374185676;PRODUCT_359;11;-178.04999999999995;52575;2.420782899056548;Standard;0.2157766929411328;258.1;4.03689045681457;0.23922294900394975
5592;Product_5592;Clothing;Electronics;BrandC;625.21;0.08;575.19;290;4.12;88;Supplier_9;Germany;New York;9;13;0.25;0;2010;34.73;66.13;Red;Plastic;4;320;1801;2220;0.44;542.39;220297.77;2643573.24;2717;13304;10448;0.117;221.98;0.8;84;9575.85;2541;888;1.35;59;93;192;-83;3.32;4.98;0.17;0.5208458385547845;0.5710730564753161;PRODUCT_5592;12;32.80000000000007;26469;11.686577278767274;Standard;0.4454399428316976;466.4;4.935891870672691;0.23789703009918944
3976;Product_3976;Clothing;Sports;BrandE;639.57;0.32;434.91;157;4.22;549;Supplier_38;India;London;20;5;0.26;0;2013;25.92;70.04;Blue;Fabric;2;44;2964;53;0.19;454.29;183966.93;2207603.16;29857;17922;8998;0.089;139.95;0.3;76;8491.66;7533;4477;1.12;8;86;55;78;1.49;29.06;0.09;0.5524889420110726;0.5433335621292503;PRODUCT_3976;12;-19.379999999999995;56777;3.3238261809003498;Standard;0.2166420233681091;728.8;3.330717244961951;0.22859607569049087
1608;Product_1608;Electronics;Toys;BrandE;374.37;0.21;295.75;401;4.01;769;Supplier_34;USA;Shanghai;1;2;0.11;0;2018;25.73;75.37;White;Fabric;1;189;1372;243;0.21;303.23;131904.5;1582854.0;56886;34150;11757;0.16;64.63;0.4;90;8479.51;3514;4009;0.75;54;90;38;43;1.5;1.66;0.09;0.5458404262920755;0.473852560190471;PRODUCT_1608;12;-7.480000000000018;102793;5.12548200655296;Standard;0.2043011668956088;406.5;3.822874319649274;0.2255032470854428
5311;Product_5311;Home;Home;BrandE;529.31;0.09;481.67;11;4.13;2023;Supplier_39;Germany;Shanghai;14;6;0.06;0;2021;6.46;77.05;Green;Plastic;0;57;2654;6583;0.42;436.62;179662.91;2155954.92;45529;5315;12040;0.096;31.23;0.36;74;1547.39;3477;1764;1.33;48;93;127;-36;1.04;5.88;0.05;0.5730072062629576;0.5410043433494797;PRODUCT_5311;12;45.05000000000001;62884;7.719395912918825;High_Margin;0.3136791623959508;676.7;3.2995249605936254;0.21886136141066276
679;Product_679;Electronics;Beauty;BrandA;465.46;0.25;349.09;567;4.07;2530;Supplier_23;USA;Shanghai;19;5;0.08;0;2020;22.81;10.1;Black;Metal;3;216;1438;3526;0.35;307.07;168610.47;2023325.64;31010;24979;469;0.101;79.29;0.87;93;4438.38;3386;542;0.8;9;30;46;-54;2.53;2.69;0.16;0.529842124002192;0.5131112356547396;PRODUCT_679;11;42.01999999999998;56458;8.437693821910342;High_Margin;0.3215118930257366;413.2;3.9410618114581064;0.21637413247632215
2680;Product_2680;Electronics;Toys;BrandA;831.18;0.18;681.57;254;4.08;401;Supplier_45;USA;Mumbai;20;12;0.16;0;2022;14.87;75.78;Blue;Wood;2;102;2939;410;0.17;476.66;253544.04;3042528.48;17850;16050;26855;0.162;119.23;0.88;56;9774.58;3289;3796;1.15;25;47;62;9;3.01;27.56;0.08;0.5759595861246012;0.6237388805097811;PRODUCT_2680;12;204.91000000000005;60755;3.73542100648632;Standard;0.2222674716188445;696.8;3.665723528064964;0.21460507537810083
9732;Product_9732;Clothing;Electronics;BrandE;582.21;0.35;378.44;470;4.29;4486;Supplier_3;UK;London;2;10;0.28;1;2010;28.54;0.71;Red;Metal;2;9;476;1283;0.35;488.07;182408.08;2188896.96;15183;49119;27214;0.109;23.54;0.19;94;8405.13;1897;4429;1.24;26;15;136;-5;4.98;46.08;0.14;0.5274216501957508;0.5368442119033556;PRODUCT_9732;12;-109.63;91516;3.8341806524977904;High_Margin;0.2701181347811352;230.2;3.284060316589043;0.19831662067590683
907;Product_907;Home;Beauty;BrandA;294.36;0.15;250.21;160;4.2;806;Supplier_27;India;Shanghai;6;9;0.26;1;2020;25.82;55.03;White;Wood;0;36;1818;1956;0.45;165.4;90826.23;1089914.76;47504;14832;21122;0.181;175.01;0.41;98;3042.11;2825;4854;0.88;23;35;133;-94;1.49;16.76;0.17;0.5076241174063327;0.4233673113029883;PRODUCT_907;11;84.81;83458;8.059893763634047;High_Margin;0.3039954010704706;604.1;3.186812432824615;0.19708833532447595
4638;Product_4638;Electronics;Beauty;BrandC;698.04;0.5;349.02;220;4.17;1561;Supplier_41;Germany;London;18;3;0.09;0;2020;33.53;40.05;Green;Wood;1;46;227;7853;0.19;367.15;171368.82;2056425.84;13489;25493;17756;0.108;228.5;0.6;60;8390.72;3954;3716;1.15;47;59;89;-87;1.18;3.23;0.21;0.5051215333335718;0.5128255520115572;PRODUCT_4638;12;-18.129999999999995;56738;3.379922914877046;Standard;0.2003072800153892;118.5;3.5860411001398766;0.1910293346578456
8638;Product_8638;Electronics;Beauty;BrandC;442.44;0.48;230.07;374;4.04;3934;Supplier_10;China;Shanghai;7;10;0.14;0;2022;12.48;88.28;Black;Metal;2;48;1606;8041;0.35;292.06;108823.11;1305877.32;50836;41896;29470;0.07;24.6;0.16;66;5390.43;6880;4355;1.45;17;62;172;-2;4.96;38.49;0.2;0.5166694736591849;0.4401058522493456;PRODUCT_8638;12;-61.99000000000001;122202;5.888246274635415;High_Margin;0.2174043285024955;431.1;3.337556193837059;0.18448216331253897
3541;Product_3541;Electronics;Clothing;BrandE;176.76;0.4;106.06;239;4.03;3977;Supplier_10;UK;New York;11;13;0.08;1;2018;49.68;44.18;Red;Wood;5;26;2826;2559;0.15;117.24;43590.66;523087.92;72870;28483;18831;0.037;47.38;0.32;90;7247.73;8536;1216;0.76;35;15;111;-29;3.23;44.56;0.17;0.5049205559638053;0.3621478728064987;PRODUCT_3541;12;-11.179999999999993;120184;2.0660497207631026;Budget;0.0813652776098934;718.1;3.008509578294143;0.17334382599810905
5253;Product_5253;Clothing;Clothing;BrandA;482.75;0.14;415.17;829;4.02;1841;Supplier_48;Germany;Shanghai;16;9;0.19;0;2024;10.89;75.23;Green;Wood;2;80;622;49;0.36;247.62;171880.38;2062564.56;25350;26759;29649;0.067;263.55;0.49;86;322.01;568;2707;0.69;32;41;185;-10;1.47;39.34;0.05;0.5172785926926333;0.5110532470789511;PRODUCT_5253;12;167.55;81758;6.785743153356964;High_Margin;0.2597096619374806;217.9;3.576896032677654;0.14508785289104342
